original_post,sentiment_llm_op,tone_google_op,ethos_llm_op,pathos_llm_op,logos_llm_op,adj_adv_ratio_op,fk_grade_level_op,fk_reading_ease_op,evidence_count_op
"CMV: Mike Bloomberg's campaign is proof that the ultra wealthy in the US can afford a higher tax rate with no ill effect on them
Mike Bloomberg recently dropped out of the 2020 Presidential race after spending over $500 million dollars of his own money on his campaign. Even with this loss, he is still worth over $55 billion dollars.


I believe that this effortless spending on Bloombergs part showcases the reality that is wealth inequality between the ultra rich and working class. While I do not believe the rich should give up their fortunes, I do believe that any arguments against taxing them more is simply propaganda from those who hold the wealth and higher power at this point. 

Certain media outlets claim that taxing the super wealthy is unfair and would be detrimental to those below them due to ""trickle down"" effects. There is also rhetoric that many self made billionaires worked hard for their fortunes, and that if we as Americans work hard, we might be rich ourselves one day.

I believe that moving forward, we should push for much higher taxes on those earning/worth more than 1 billion USD. If the money Bloomberg spent on his campaign went to actual communities that need funding, actual change could have been possible. Social programs could benefit greatly from these funds, and maybe we could afford to better fund national programs such as healthcare or family leave.",0.2,Logical,0.1,0.5,0.8,1.8571428571428572,12.22501400560224,54.5157376283847,5
"CMV: Kanye West is a shill for president Trump and running to syphon off young voters from voting for Biden.
Kanye West is a shill for president Trump and running to syphon off young voters from voting for Biden. First, he may have an excentric take on reality but can't honestly believe that he has a chance of winning. Second, if he truly wanted to be president, he would have started his campaign last year when he still had a chance to get on state ballots. Third, he has been an avid defender of Trump and the MAGA agenda. Just from reviewing other threads on reddit, there are people willing to vote for him. Generally speaking, the fan base of artists like Kanye skews young and culturally diverse, which are both not likely to vote for Trump. 

There are plenty of other reasons you can say that Kanye is running, but unless you say how my view is flawed I will only consider those reasons as supplemental to the above concept and not as a replacement for.

EDIT: Interesting.... https://www.thedailybeast.com/billionaire-kanye-wests-company-yeezy-llc-gets-multimillion-dollar-ppp-loan-from-trump-admin?utm_source=feedly&utm_medium=webfeeds",-0.3,Logical,0.1,0.4,0.8,1.2727272727272727,9.682618715083802,65.49532472067041,0
"CMV: Most Americans who oppose a national healthcare system would quickly change their tune once they benefited from it.
I used to think I was against a national healthcare system until after I got out of the army. Granted the VA isn't always great necessarily, but it feels *fantastic* to walk out of the hospital after an appointment without ever seeing a cash register when it would have cost me potentially thousands of dollars otherwise. It's something that I don't think just veterans should be able to experience. 

Both [Canada](https://www.healthcare-now.org/blog/new-poll-shows-canadians-overwhelmingly-support-public-health-care/) and [the UK](https://www.npr.org/sections/parallels/2018/03/07/591128836/u-k-hospitals-are-overburdened-but-the-british-love-their-universal-health-care) seem to overwhelmingly love their public healthcare. I dated a Canadian woman for two years who was probably more on the conservative side for Canada, and she could absolutely not understand how Americans allow ourselves to go broke paying for treatment. 

The more wealthy opponents might continue to oppose it, because they can afford healthcare out of pocket if they need to. However, I'm referring to the middle class and under who simply cannot afford huge medical bills and yet continue to oppose a public system.

***Edit: This took off very quickly and I'll reply as I can and eventually (likely) start awarding deltas. The comments are flying in SO fast though lol. Please be patient.***",0.4,Logical,0.7,0.6,0.7,1.0476190476190477,10.790334928229665,51.54234449760767,1
"CMV: Donald Trump has not made a single lasting positive impact on the USA during his term as president.
I write this because I am tired of the wild goose chase that is finding examples of his success. Anything surrounding Donald Trump is shrouded in divisive language and biased opinions. Liberals will have you believe he has done nothing, while conservatives will tout his unlimited success. I must be missing it, because any time I try to research into a topic I get lost in opinion and bias. 

I am completely willing to hear and review and accept any examples of success or lasting positive change that has come about as a direct result of Trumps presidency. In fact I want to! It can’t be ALL bad.

Edit1: a lot of responses here. I need to actually read the sources for the claims everyone’s making, so it may take a while for me to respond to each comment, but I will try. I’ll take this chance to remind everyone it’s possible to have civil discourse about even the most divisive topics, even the infamous DJT. Thanks all for the responses.

Edit2: double thanks to those who are responding and engaging one another civilly, and awarding the post. I think it’s important to realize how biased we can become despite the facts. The good things don’t necessarily outweigh the bad, so maybe there’s a counter-post to be made regarding all of the harm DJT has done as well. Every point has a counter point, so take anything you hear with the ole’ grain of salt. I urge everyone to educate themselves and vote in the upcoming election for the candidate they believe in - and don’t let politics negatively impact your happiness. It’s just like any other thing, and can be harmful in high doses.

Edit3: definitely had my view changed. I wanted examples of positives and I received examples with sources. I appreciate everyone’s responses, and feel better about having informed conversation about DJT’s presidency. Still have a lot to read and respond to!",0.7,Neutral,0.5,0.4,0.4,1.3333333333333333,8.654886032335014,60.780489663397844,2
"CMV: being a conservative is the least Christ-like political view
From what I know, Christ was essentially a radical leftist. He was all about helping and loving the poor, hungry, disabled, outcast. He would feed 10 people just in case one was going hungry. He flipped a table when banks were trying to take advantage of people. He was anti-capitalist and pro social responsibility to support, love and respect all members of society. He was, based on location and era, probably a person of color. He would not stand for discrimination. He would overthrow an institution that treated people like crap.

On the other hand, conservatives are all about greed. They are not willing to help people in need (through governmental means) because they “didn’t earn it” and it’s “my tax dollars”. They are very pro-capitalism, and would let 10 people go hungry because one might not actually need the help. They do not believe in social responsibility, instead they prioritize the individual. Very dog eat dog world to them. And, while there are conservatives of color, in America most conservatives are at least a little bit racist (intentionally or not) because most do not recognize how racism can be institutional and generational. They think everyone has the same opportunities and you can just magically work your way out of poverty. 

Christ would be a radical leftist and conservatism is about as far as you can get from being Christ-like in politics. The Bible says nothing about abortion (it actually basically only says if someone makes a pregnant woman lose her baby, they have to pay the husband). It does not say homosexuality is sin, just that a man should not lie with a boy (basically, anti pedophilia) based on new translations not run through the filter of King James. Other arguments are based on Old Testament, which is not what Christianity focuses on. Jesus said forget that, listen to me (enter Christianity). Essentially all conservative arguments using the Bible are shaky at best. And if you just look at the overall message of Jesus, he would disagree with conservatives on almost everything.

EDIT: Wow, this is blowing up. I tried to respond to a lot of people. I tried to keep my post open (saying left instead of Democrat, saying Christian instead of Baptist or Protestant) to encourage more discussion on the differences between subgroups. It was not my intent to lump groups together.

Of course I am not the #1 most educated person in the world on these issues. I posted my opinion, which as a human, is of course flawed and even sometimes uninformed. I appreciate everyone who commented kindly, even if it was in disagreement.

I think this is a really interesting discussion and I genuinely enjoy hearing all the points of view. I’m trying to be more open minded about how conservative Christians can have the views they have, as from my irreligious upbringing, it seemed contradictory. I’ve learned a lot today!

I still think some conservatives do not live or operate in a Christ-like manner and yet thump the Bible to make political points, which is frustrating and the original inspiration for this point. However I now understand that that is not ALWAYS the case.",0.5,Passionate,0.3,0.8,0.6,1.1904761904761905,9.700615961726655,53.85461427639447,0
"cmv: The ‘Work hard and don’t give up’ message common on Reddit posts accompanying ‘rags to riches’ stories are damaging lies that imply poverty is most strongly related to lack of effort. Which is proven to be both bullshit and demotivating.
Here’s a picture of someone living in a slum. Now here’s a picture of them 10 years later going to Harvard. How heartwarming.  If only *every* one of those lazy, dirty shits the world over would be more like him. No, more like *us*. You see, yes I didn’t come from quite that background - but dammit I’ve worked very hard for what I’ve achieved. That’s the difference between scum and me. I pulled myself up by my bootstraps. I’ve overcome many setbacks in my life. And instead of letting them defeat me, I’ve used my wits, my grit and the loving support from my friends and family (who I admit are doing ok and are able to help me - but *only because they* worked hard). I love those Reddit posts. They stop me feeling guilty about other people’s situations. Because it’ll all work out for those who ‘Work hard and Never give up’ and the rest are lazy subhuman scum who don’t deserve any better.

Edit: 23/10/2020 12:35 GMT: Thanks to u/subduedReality for this [video](https://youtu.be/3LopI4YeC4I)  on work, talent and luck",-0.7,Sarcastic,0.1,0.9,0.5,0.47368421052631576,6.814823529411765,72.44537254901962,0
"CMV: politicians should be required to wear NASCAR-style jumpsuits showing all their major sponsors.
In recent days some have decried the POTUS and FDOTUS brazenly ignoring federal ethics laws by posing with a certain company's bean products. 

But I welcome it. The ethics rules really just obscure behind a thin veneer the truth of American politics: namely, many politicians are just in it for their friends and donors. 

We shouldn't hide it anymore. Make these allegiances visible, front-and-center. 

We should make it mandatory for politicians appearing in public to wear NASCAR-style jumpsuits with their major sponsors emblazoned across their bodies. Then we'll more readily know who they're beholden to and which companies we may want to boycott or patronize. 

Change my view.",-0.1,Humorous,0.1,0.4,0.6,1.4444444444444444,9.040928961748637,54.387586520947195,0
"CMV: US presidential candidates should take an exam covering US government and law, foreign policy, as well as undergo a comprehensive cognitive exam.
Edit: Ok, this has been fun and some great conversation, but I am beginning to feel like a one-man army trying to defend the gates of Sparta. 

I have changed my mind for three reasons. 

1) Test-taking ability is not necessarily an indication of one's ability to run the office of the president. 

2) He who creates the questions dictates the barrier for entry. 

3) Freedom of speech is a slippery slope, and even though announcing one's intent to run for president can and will continue to be abused, you can't knock out one brick and expect the wall to remain intact. Therefore, I am hereby announcing my bid to run as VP with Kim Kardashian. 

I still believe standardized cognitive testing should be administered. This could be automated, perhaps using open-source N-Back software or various standardized cognitive testing designed to screen for early cognitive decline. 

Regardless of who you like, this is a democracy, so register to vote and get those ballots in by November! 

---- Original Post ----

The office of the President of the United States is being used as a tool to boost social media presence, to syphon votes, and to simply sell products. This is an abuse of the office of the presidency and should be illegal, especially if someone has zero intent on running or winning. 

To limit entry into this field, and to limit the abuse of power that has been recently demonstrated by Kanye West, it should be illegal to announce you are running for president unless you undergo a comprehensive set of exams that show you have at least a basic mental competency to run the United States of America. 

The results of these exams should be available to everyone as a pass/fail, though the exact scores should be held secret so as not to be used to favor one candidate with a higher score over another. They should cover cognitive, physical, as well as brain scans using MRI, EEG, etc.

While these tests may not completely stop such abuse, they would make it far more difficult for any celebrity to simply announce to their millions of Twitter followers that they are running for president. More importantly, voters could be assured that any candidate running for president has passed a basic competency exam, which would prevent candidates from using perceived cognitive decline as a political weapon.",0.5,Logical,0.5,0.4,0.8,1.5909090909090908,12.929971719457015,45.945910633484175,0
"CMV: Antivax doctors and nurses (and other licensed healthcare personnel) should lose their licenses.
In Canada, if you are a nurse and openly promote antivaccination views, you can lose your license.

I think that should be the case in the US (and the world, ideally).

If you are antivax, I believe that shows an unacceptable level of ignorance, inability to critically think and disregard for the actual science of medical treatment, if you still want to be a physician or nurse (or NP or PA or RT etc.)  (And I believe this also should include mandatory compliance with all vaccines currently recommended by the medical science at the time.)

Just by merit of having a license, you are in the position to be able to influence others, especially young families who are looking for an authority to tell them how to be good parents.  Being antivax is in direct contraction to everything we are taught in school (and practice) about how the human body works.

When I was a new mother I was ""vaccine hesitant"".  I was not a nurse or have any medical education at the time, I was a younger mother at 23 with a premature child and not a lot of peers for support.  I was online a lot from when I was on bedrest and I got a lot of support there. And a lot of misinformation. I had a BA, with basic science stuff, but nothing more My children received most vaccines (I didn't do hep B then I don't think) but I spread them out over a long period.  I didn't think vaccines caused autism exactly, but maybe they triggered something, or that the risks were higher for complications and just not sure these were really in his best interest - and I thought ""natural immunity"" was better.  There were nurses who seemed hesitant too, and Dr. Sears even had an alternate schedule and it seemed like *maybe* something wasn't perfect with vaccines then. My doctor just went along with it, probably thinking it was better than me not vaccinating at all and if she pushed, I would go that way.

Then I went back to school after I had my second.

As I learned more in-depth about how the body and immune system worked, as I got better at critically thinking and learned how to evaluate research papers, I realized just how dumb my views were.  I made sure my kids got caught up with *everything* they hadn't had yet (hep B and chicken pox) Once I understood it well, everything I was reading that made me hesitant now made me realize how flimsy all those justifications were. They are like the dihydrogen monoxide type pages extolling the dangers of water. Or a three year old trying to explain how the body works.  It's laughable wrong and at some level also hard to know where to start to contradict - there's just so much that is bad, how far back in disordered thinking do you really need to go?

Now, I'm all about the vaccinations - with covid, I was *very* unsure whether they'd be able to make a safe one, but once the research came out, evaluated by other experts, then I'm on board 1000000%.  I got my pfizer three days after it came out in the US.

I say all this to demonstrate the potential influence of medical professionals on parents (which is when *many* people become antivax) and they have a professional duty to do no harm, and ignoring science about vaccines does harm.  There are lots of hesitant parents that might be like I was, still reachable in reality, and having medical professionals say any of it gives it a *lot* of weight.  If you don't want to believe in medicine, that's fine, you don't get a license to practice it.  (or associated licenses)  People are not entitled to their professional licenses.  I think it should include quackery too while we're at it, but antivax is a good place to start.

tldr:

Health care professionals with licenses should lose them if they openly promote antivax views. It shows either a grotesque lack of critical thinking, lack of understanding of the body, lack of ability to evaluate research, which is not compatible with a license, or they are having mental health issues and have fallen into conspiracy land from there.  Either way, those are not people who should be able to speak to patients from a position of authority.

I couldn't find holes in my logic, but I'm biased as a licensed professional, so I open it to reddit to find the flaws I couldn't  :)

edited to add, it's time for bed for me, thank you for the discussion. 

And please get vaccinated with all recommended vaccines for your individual health situation.  :) ",-0.2,Logical,0.9,0.6,0.8,1.4782608695652173,11.134699624530665,57.088382352941196,3
"CMV: As an anti-Trump voter, all the nitpicking at President Trump's little shortcomings (e.g. held a Bible the wrong way, overweight, how he gave money wrong at church) is extremely counterproductive, distracts from the real issues, and feeds the narrative that he's treated unfairly.
I saw a video today of President Trump giving some money at church in Las Vegas. The entire article was about how he fanned the money out in a showy display. 

Full disclosure: I think President Trump is an embarassment and a destructive force who NEEDS to be voted out of office for the sake of the USA and the world at large. But I watched the video and thought: he did nothing wrong here. He MIGHT have intended to ""show off"" the \~$60 he put in the plate...but he could have just been checking how much was in his hand or fidgeting as anyone else would do. He certainly could afford to give more, but many people don't give as much money as normal (or any at all--which is fine!) when they are visiting a church. Nothing he did in the video was objectionable, and yet the article took a bunch of shots at him based on how he held his money, how little he gave, what may have been going on in his mind--a bunch of cheap shots, but more importantly, all regarding something pretty insignificant.

The problem with this kind of cheap piling on (and I could give a hundred examples) is that it's unfair and mean, and so it very much justifies the President's supporters pointing out unfair treatment, which leads to further entrenching their support of him.  Furthermore, it dilutes out and de-emphasizes all of his horrible behavior, lapses in ethics, and the terrible amount of REAL damage he's done. 

If we really want to change minds and vote him out of office--instead of having another Democrat popular vote win and a ""too close to call"" electoral college victory (for one side or the other)--we should focus on the much more significant and real damage he has done. This would help by (1) enabling much broader agreement on a set of facts; (2) avoid causing supporters of the President to dig in defensively for no reason; (3) focus on the real issues.",0.3,Logical,0.6,0.5,0.8,1.52,11.628860892388449,56.92959055118112,1
"CMV: Off-duty cops are just civilians and should have none of the legal protections of being a cop for their actions.
Off-duty cops are just regular people who are not at work. Whatever actions they do should be viewed legally as a civilian doing them. There is no reason why the legal protections of being a cop should extend to their activities off duty actions. If someone is in danger/breaking the law, they should intervene as a civilian, meaning they have no legal responsibility to provide aid or execute the law. If an off-duty cop kills someone, it should be treated as if that person where a civilian who killed someone. I am not arguing whether or not the actions of off duty cops are right or wrong, just that those actions are not special and should face the same legal scrutiny as any other civilian.

&#x200B;

Edit to add: ""The St. Louis Metropolitan Department explained the work of its unnamed officer this way in a statement: “To clarify, secondary employment allows officers to work security in uniform and carry their department-issued weapons. The officer, while not on duty for the Police Department, still has the same responsibilities and power to affect arrest and the officer operates in the capacity as a St. Louis Police Officer.""

I also acknowledge that on-duty cops are civilians. I just needed a word to make the distinction.",0.1,Neutral,0.2,0.3,0.8,1.8571428571428572,10.391416309012879,52.48427863981513,0
"CMV: Will Smith was correct in 2016 when he said, ""Racism is not getting worse, it's getting filmed"". One of the biggest problems in American society is Mean World Syndrome and these riots are evidence of that.
I imagine most rioters would justify their outrage by saying they're tired of unarmed men, especially black men, being killed by police at an alarming rate. But this is not supported by the data. In fact, [the opposite is true.](https://www.washingtonpost.com/investigations/fatal-police-shootings-of-unarmed-people-have-significantly-declined-experts-say/2018/05/03/d5eab374-4349-11e8-8569-26fda6b404c7_story.html?fbclid=IwAR2MjduOM-Ak37IhlNLTogd74u43hjxSWHS7YEXU8ajcQAqPQ2HyjohNKbA)

>The number of deadly police shootings of unarmed people has generally declined since 2015 even as the tally of fatal shootings by law enforcement is on pace to hit nearly 1,000 for the fourth year in a row, according to data gathered by The Washington Post.

And behold, in 2019, we have even fewer unarmed shootings than 2018, when this article was published. Justified police killings are staying steady, which is not ideal, but they are not increasing.

So why the widespread misperception of unarmed shootings getting worse?

**In 2016, Will Smith said,** [""Racism is not getting worse. It's getting filmed.""](https://www.hollywoodreporter.com/news/will-smith-colbert-race-relations-obama-politics-sings-summertime-916816)

There's been some confusion about what he meant. Some say he meant it's bringing racism to the forefront of national attention. Not so.

""Smith said he disagrees with people who think that the situation has gotten progressively worse.""

I'm actually not even convinced that it's racism that we're seeing when a cop does something awful to a black suspect. That would be a [Post Hoc Ergo Propter Hoc](https://en.wikipedia.org/wiki/Post_hoc_ergo_propter_hoc) fallacy.

After all, [white cops are no more likely to shoot black suspects than black cops.](https://www.npr.org/2019/07/26/745731839/new-study-says-white-police-officers-are-not-more-likely-to-shoot-minority-suspe)

>The race of a police officer did not predict the race of the citizen shot. In other words, black officers were just as likely to shoot black citizens as white officers were.

I guess you could say black cops are racist against other black men but that seems unlikely. I'm not convinced of that, and it's impossible to prove either way.

So anyway, there's a concept in Sociology called [Mean World Syndrome.](https://en.wikipedia.org/wiki/Mean_world_syndrome)

>Mean world syndrome is a cognitive bias where people perceive the world to be more dangerous than it actually is due to long-term, moderate to heavy exposure to violence-related content on mass media.Mean world syndrome asserts that viewers who are exposed to violence-related content can experience increased fear, anxiety, pessimism and heightened state of alert in response to perceived threats. This is because media (namely television) consumed by viewers has the power to directly influence and inform their attitudes, beliefs and opinions about the world.

This concept is supported by the data I shared above about how unarmed shootings have actually decreased and are continuing to decrease.

I think even vehement anti-police advocates would have to concede that this is a very real and very salient problem in mass media. After all, the phrase ""If it bleeds it leads"" has been around in journalism for decades.

This is what has helped inspired so much anti-police hatred. The media is very skilled at manipulating the populace into fear and distrust.

If you don't believe me just look at the [2016 shooting of Dallas police officers](https://en.wikipedia.org/wiki/2016_shooting_of_Dallas_police_officers) by a man who was radicalized by the media and/or black lives matter.

>On July 7, 2016, Micah Xavier Johnson ambushed and fired upon a group of police officers in Dallas, Texas, killing five officers and injuring nine others. Two civilians were also wounded. Johnson was an Army Reserve Afghan War veteran and was angry over police shootings of black men and stated that he wanted to kill white people, especially white police officers. The shooting happened at the end of a protest against the police killings of Alton Sterling in Baton Rouge, Louisiana, and Philando Castile in Falcon Heights, Minnesota, which had occurred in the preceding days.

I see this as one of the most egregious examples of Mean World Syndrome.

# So what would change my view is a perspective that suggests that the public's extreme reaction to this most recent police killing is not actually Mean World Syndrome, but some other reason that has a rational basis.",0.0,Logical,0.4,0.5,0.9,2.048780487804878,9.951854365443733,56.302238811928646,3
"CMV: Republicans will hate Biden no matter what he does...
I believe Republicans will hate Biden no matter what. Even if he doesn't take away their guns, even if he establishes rural broadband (which would disproportionately help them), even if he implements universal healthcare without raising taxes on the middle/lower class,,... Republicans will find something to hate about him.

The reason I believe this is because it seems like Trump supporters are genuinely part of a cult. Even when Trump does something against their own principles, like a bum stock ban or raising the deficit significantly for example, he doesn't face even an iota of criticism from his own side. Recently, Trump supporters are even calling to abandon Fox News and move on to more right-wing networks like OAN, or get Trump and Tucker Carlson their own shows. This is all because Fox News refuses to irresponsibly platform election disinformation. It seems like they never cared about being politically informed or wanting what's best for this country, they just want to be fed what they want to hear, and they just want their side to win and trigger the other side.",-0.6,Passionate,0.1,0.7,0.5,0.55,11.220698080279234,52.41486329261198,0
"CMV: The most sensible thing to do if you're ever given a chance to sell your soul to Satan is to refuse, because the existence of Satan would be implicit proof of an afterlife
Stories where people sell their soul to the devil make no sense to me for one specific reason. If the devil makes you that offer, it is proof that he exists. And if he exists, then that means some sort of afterlife must exist as well,  because the  ""trade off"" for whatever gain you make from selling your soul is eternal damnation in hell. 

Whereas if you just decline and live a virtuous life for the next 80 years or whatever, you get to go to heaven instead. Even if you live in the most wretched, abject poverty on Earth, suffering through 80 years of that in exchange for a good afterlife experience seems to make way more sense to me than whatever temporary comfort and eternal damnation you'd get from selling your soul.

I can't really see much of a flaw in this logic but maybe y'all can point out something I missed! :)

Edit: omg this blew up. I'm seeing a lot of good comments, I'll do my best to respond as I can throughout the day!",0.6,Logical,0.1,0.2,0.9,1.3636363636363635,10.775188679245286,65.00919811320756,2
"CMV: If the people at r/wallstreetbets can manipulate the GameStop stock for a meme, then hedge funds that control portfolios worth billions of dollars have been doing it for decades
The good people of r/wallstreetbets are, at the best of times, a group of people colluding to invest their money in ways that maximize profits to everyone in the group. In other words, they’re a hedge fund. Between them, they realized that they have control of enough assets to make a meaningful change in a stock price, and they used that to artificially raise the stock price for GameStop, costing people who bought put options billions of dollars. What they did is almost comically simple.

Now something tells me that, throughout all of stock market history, this scheme wasn’t thought of for the first time in the past few months. If a bunch of disorganized Reddit accounts can manipulate GameStop’s stock and make money in the process because they think it’s a funny meme, then certainly hedge funds (which are essentially more organized versions of r/wallstreetbets) have been doing it for years.",0.1,Logical,0.1,0.2,0.8,1.5555555555555556,13.09714285714286,55.189523809523834,4
"CMV: The body positivity movement is a failure and always will be, because it says that ""everyone is beautiful"" when it should say ""your worth is not dependent on beauty"".
Historically, Western women's worth was tied to their beauty, because according to society their role inife was to attract a good man, marry him and make him happy. The problem is that even after women started  being recognized as equal to men and entered the workforce, their beauty continued to be unjustly tied to their personal worth  in a way that's just not true for men. (Consider the much harsher standards of physical appearance that female politicians have to endure.) 

The modern body positivity movement reacted to this problem by trying to expand the definition of beautiful, and telling everyone that they are attractive. Instead, it should have told women ""your attractiveness is irrelevant, your intelligence, courage, and skill are what matter."" I don't worry about my appearance too much besides dating, health, and basic hygeine, and I think my life is better off for it.

Expanding the definition of beautiful isn't wrong, but it seems impossible to me. I get that beauty standards are subjective and have changed before, but that evolution has always been organic. I don't think Instagram influencers and activists are going to change people's perceptions of what bodies are beautiful, but they could make a difference by admitting that physical beauty is a worthless goal.

Now you might be thinking, ""body positivity isn't about changing cultural expectations, it's about helping individuals accept themselves"". But I'd argue that self-worth is always based, at least to a point, on social feedback. Humans are social creatures, and I am never going to be able to think of myself as attractive if other people (especially the ones I'm attracted to) don't treat me that way. 

How can you possibly convince someone who's overweight and struggling to find a date that they are just as attractive as a supermodel, when the actions of the people around them tell them the exact opposite? You can't. What you can tell them is this: You are not as attractive as a supermodel, but you have other good qualities.

To sum up, body positivity asserts that everyone is equally beautiful in tbeir own way, but the truth is that some people are more attractive than others, and that's okay, because your physical beauty doesn't define you.

Edit: To clarify, I'm not against body positivity in general. What I'm trying to say is that it is less effective that it could be, and it would be better to acknowledge that attractiveness is pretty much worthless. I'm arguing against the strategy, not the desired outcome.

Edit 2: When I say attractiveness is worthless, I mean that it is worthless to society, not to the attractive person. Obviously being seen as attractive comes with personal advantages, but (a) telling people they are attractive does not confer those advantages unless everyone believes you and (b) it does not benefit other people in the same way that intelligence, courage, kindness or countless other virtues do.

Edit 3: Thank you to everyone who commented, I'm going to bed and I'll see how many comments I can get to in the morning.",0.3,Logical,0.3,0.5,0.8,2.2222222222222223,12.954613510334397,45.983545202486994,5
"CMV: A minimum wage that is directly linked to the cost of living/living wage for an area would solve many issues that come with minimum wage increases
So, the main thing I see when the topic of a living wage comes up is that companies will just jack up the prices to compensate for the lost revenue, which then negates any increase in wages.

However, a minimum wage that is directly linked to what the living wage is for the area that the business is located would make it so if companies drive the prices up, then the cost of living goes up, then the living wage goes up and so will what the workers are paid.  This way companies can't just jack up the prices, because doing so will mean that they need to pay their workers even more.  Keeping prices lower will be in their best interest

Edit:  Reddit is being weird and not letting me see all comments, and not letting me reply so I'll get to the replies when I can!

Edit 2:  I see a lot of ""what about small businesses"" comments.  If a business needs to exploit its workers in order to survive, then it should not survive.

Edit 3:  Reddit is still being weird and won't let me see the majority of the comments so if I don't reply, I apologize!",0.1,Logical,0.1,0.4,0.8,0.5294117647058824,13.363734335839599,57.26447368421053,7
"CMV: Bernie Sanders would've been a better democratic nominee than Joe Biden
If you go back into Bernie Sander's past, you won't find many horrible fuck-ups. Sure, he did party and honeymoon in the soviet union but that's really it - and that's not even very horrible. [Joe Biden sided with segregationists back in the day](https://www.nbcnews.com/news/nbcblk/joe-biden-didn-t-just-compromise-segregationists-he-fought-their-n1021626) and is constantly proving that [he](https://youtu.be/IvWV5jLqc5k?t=218) [is](https://youtu.be/_-eD2n2dD2Y?t=23) [not](https://www.youtube.com/watch?v=IvWV5jLqc5k) [the](https://youtu.be/jhcgmwj3NAc?t=7) [greatest](https://youtu.be/O0UhvPuYS3A?t=39) [choice](https://www.youtube.com/watch?v=NzJpuVKYGU0) [for](https://youtu.be/v9NYS53lbk8?t=18) [president](https://youtu.be/OzXwbbVZd1c). Bernie Sanders isn't making fuck-ups this bad. Bernie seems more mentally stable than Joe Biden. Also, the radical left and the BLM movement seems to be aiming toward socialism. And with Bernie being a progressive, this would have been a strength given how popular BLM is. Not to mention that Bernie is a BLM activist.",0.0,Logical,0.3,0.4,0.7,1.1,9.682369337979097,56.94146341463414,0
"CMV: If employers expect a two week notice when employees quit, they should give the same courtesy in return when firing someone.
I’ll start off by saying I don’t mean this for major situations where someone needs to be let go right away. If someone is stealing, obviously you don’t need to give them a two week notice. 
 
So to my point. 

They always say how it’s the “professional” thing to do and you “don’t want to burn bridges” when leaving a job. They say you should give the two week notice and leave on good terms. Or that you should be as honest with your employers and give as much heads up as possible, so they can properly prepare for your replacement. I know people who’s employers have even asked for more than the two weeks so that they can train someone new. 

While I don’t disagree with many of this, and do think it is the professional thing to do, I think there is some hypocrisy with this. 

1) Your employers needs time to prepare for your departure. But if they want to let you go they can fire you on the spot, leaving you scrambling for a job. 

2) The employer can ask you to stay a bit longer if possible to train someone, but you don’t really get the chance to ask for a courtesy two weeks. 

3) It puts the importance of a company over the employee. It’s saying that employee should be held to a higher standard than an employer. As an employee you should be looking out for the better of this company, and be a “team player”. 

Sometimes there are situations where giving a two week notice isn’t needed. If you have a terrible employer who you don’t think treats you fairly, why do you need the two week notice? If you feel unappreciated and disrespected, why is it rude to not give a notice? 

If that’s the case then why do people not say the same about employers firing people with no notice? How come that’s not rude and unprofessional? Why is that seen as a business move, but giving no notice of quitting is seen as unprofessional? 

If we’re holding employees to a standard, we should hold companies to the same standards. 


EDIT: Thank you for all the responses, I didn't think this would get this large. Clearly, I can't respond to 800 plus comments. I understand everyone's comments regarding safety and that's a valid point. Just to be clear I am not in favor of terminating an employee that you think will cause harm, and giving them two weeks to continue working. I think a severance is fair, as others have mentioned it is how it is in their country. However I agree with the safety issue and why you wouldn't give the notice. I was more so arguing that if you expect a notice, you need to give something similar in return.",0.4,Logical,0.1,0.6,0.8,1.2857142857142858,7.368023174647494,72.57779352226724,1
"CMV: There is nothing wrong with celebrating when someone evil dies
I think this is unambiguous if the person is actively making the world a worse place. In that case, their death makes the world a better place, and that's something to celebrate.


I can see some argument that if they've done bad things in the past, but are now just living a private life, death shouldn't be celebrated. But even then, I think it's fine to take some joy in the death of someone who could be considered evil.

Consider a serial killer who is caught and convicted after a full confession. Even if they've apologized, their eventual death may be the only ""closure"" that a victims family can get.

Edit 1: Many people are arguing over how to define if someone is evil. That's not what I'm asking. It doesn't matter who the person is. Imagine we both strongly agree that this dead person is evil. Convince me I'm wrong from that perspective.

You can also convince me that no one is ever evil enough to celebrate their death, but the ""hard"" version of that argument must pass the Hitler test. Ie, you'd have to argue that even Hitler's death doesn't deserve celebration.

Edit 2: To clarify, if your argument revolves around claiming that my  judgment of evil is subjective, you're not going to convince me of anything. Of course it's subjective!

Edit 3: A lot of people are misquoting or incorrectly attributing quotes about reading obituaries with pleasure. The original is from Clarence Darrow.

>All men have an emotion to kill; when they strongly dislike some one they involuntarily wish he was dead. I have never killed any one, but I have read some obituary notices with great satisfaction.

Source: https://www.theatlantic.com/national/archive/2011/05/mark-twain-didnt-say-thing-about-obituaries/350238/",-0.1,Logical,0.4,0.5,0.8,1.3333333333333333,8.426258307885757,62.117102568708475,0
"CMV: if you name your child something like ""Abcde"" (pronounced 'Absidy') and get upset at the mispronunciation or negative attention it brings, you knew what you were doing and you wanted the attention for yourself.
Recently saw an issue going around social media where and airport worker shared the ticket for a child named ""Abcde"" and her mother went feral about the negative attention.  It seems any attention the name recieves is ""shaming"" or ""bullying.""

I feel terrible that a child is involved in this, but I don't see any other explanation then this girl mother planned for and most likely desired this situation when she chose a name.

It seems down right delusional to select an absurd or elaborately out of the ordinary spelling for a name and not expect attention or criticism. It would be nice if that wasn't the world we lived in, but really believing that would be a break from reality.  And what is the point of a 'unique' name other than standing out and seeking attention?

I'm honestly more appalled by the indignation of the mother than actions of the airline employee who starts this...


Edit: so I need to clarify. I'm not trying to argue that the worker who shared it wasn't crossing a line. What she did was unprofessional. People keep trying to direct the conversation in that direction, but I agree with it - my position is more that the parents are culpable in this too.

Edit2: I was talking with a former nurse from Davidson Michigan tonight about this. Apparently, during her tenure a judge had previously prevented a Mom from naming her twins Gonorrhea and Syphilis. So there is some precidents in the US justice system prevent certain names?

Edit3: Apparently La-a is a fairly common spelling for ""Ladasha.""

Edit4: Wow, this blew up...",-0.2,Passionate,0.2,0.7,0.5,1.4285714285714286,9.58872291021672,58.16664860681115,0
"CMV: People should take basic mandatory parenting classes covering childcare, abuse, etc before becoming parents/while pregnant.
As a victim of abusive parenting, who also knows others in a similar boat, I am now grappling with mental health issues. I’m unable to work or be productive because of it.

I’m so sick of the excuses “we did our very best” or “your parents just had a different love language”. Sure, abusive parenting might always be around, but it might be less prevalent, easier to spot by other people, and the excuse of “we didn’t know _____ is bad” can be reduced.

From a less personal standpoint, mental health problems, personality issues, and other things that lead to a less healthy society often are started or triggered by childhood trauma/abuse.",0.0,Passionate,0.4,0.8,0.5,1.8181818181818181,11.905000000000001,47.70666666666668,3
"CMV: Gender Dysphoria is a cureable mental illness, we've stopped looking for the cure because society is now forced into accepting transgenders.
I know this is a big yikes to post in 2020, but I am posting this because I truely want my view to be changed. I know it is offensive to a lot of people. I have only met one transgender in my entire life and my view is probably mostly based on this person, let's call her Lana, and on the transgenders you see on the television.

Lana was male till the age of 19, where he told me he thought he was a girl. It was a very surreal moment for me, he had a huge beard and manly structure and there he sat, telling me he felt like he was a girl. I knew for sure he was joking (we had a habit of making fucked up jokes) so i bursted out in laughter. He told me again and added that he wanted to start progressing into a female. This was 7 years ago.

I knew Lana has been dealing with mental illness her entire life. She had a very rough childhood due to undiagnosed autism, adhd and depression. For some reason I connected that in my head to her becoming a transgender; She had undiagnosed problems and concluded that she didn't fit in because she wasn't in the right body. Writing this out makes my face turn red a little because i know thoughts like these are heavily frowned upon, but it is what i currently truely believe. I think proper therapy could have been a solution to let him deal with his past and feel comfortable and confident about who he is. I don't think mutilating body and everyone acting like she's a girl should be an acceptable cure.

Every time I see people on television interacting with transgenders, they seem very  disingenuous to me. Patronizing, almost. *Wow, you're so brave and stunning.* Thoughts that come to mind are: For gods sake, stop playing along, this person is suffering and needs serious mental help, not to be put on a pedestal. I feel the same whenever Im near Lana and out of respect, I've distanced myself from her. I don't want to offend her, and i don't want to play along / support what i think is a cureable illness. I've studied Social Work Childcare, which probably plays part in why i think like i do.

&#x200B;

I'm sure that if Lana wasn't bullied as much as she was, he would've felt more like he fit in. I'm convinced that his autism, adhd, and depression, next to not fitting in, made him feel feminine, and more distanced to his masculinity.

Please change my view.

&#x200B;

Edit: Thanks reddit, you've done it.  **Gender Dysphoria** is a mental illness for which currently the best available treatment is transitioning.

Edit2: I'm surpised at how much this blew up. When I wrote this post, I was very uninformed and filled with assumptions regarding gender dysphoria. Thank you to everyone who commented with personal stories, information, statistics, researches and all the sources to back them up. They have changed my view, and based from the pms and comments I've read, they've changed many other people's views too.",0.5,Passionate,0.3,0.7,0.4,1.3448275862068966,8.329620437956205,67.87827493917278,0
"CMV: if great britain not giving the 13 US colonies representation in parliament was so unfair, it's not fair that guam/puerto rico/all the US territories don't get representation in congress.
edit: thank you all so much! you've helped me to see many of the reasons why my opinion was flawed. i will be tapping out of the conversation. thanks once again!

yeah, basically what the title says. the 13 colonies (basically british territories, but more self sufficient than US territories) didn't get representation in parliament, which let to the american war of independence. so why doesn't the US give the us territories representatives in congress? i understand that the colonists basically self-governed, but they still had to follow british rule and pay taxes to britain, so they wanted representation. ""no taxation w/o representation"" so since people in US territories pay some taxes to the US government, they should get some voting representatives in congress, right? i think the main thing i'm unsure of is that the us territories aren't as self-sustained as the 13 colonies.",0.7,Logical,0.1,0.2,0.8,1.0,10.168831168831169,50.492987012987015,0
"CMV: Fat acceptance is the same as enabling an addict
I am an alcoholic in recovery (almost 6 years sober) and one thing that really sets me off is seeing articles and posts about how overweight people need to be better accommodated/catered to. 

While I consider myself to be an empathetic person and I would never be vocally cruel to anyone, this really raises my hackles because, essentially, I see NO difference between this and demanding that, because I'm genetically an alcoholic, I should be furnished with booze and allowed to be a drunken mess. 

Life isn't easy, people struggle against inherent, damaging traits, genetic or otherwise, all the time. I simply don't get why one should be 'accepted' while the other is deterred. (note: This is not an argument for me to go back to drinking)

**Edit**: Thank you all for the replies - even the ones calling me an idiot. Two quick add-ons: The specific article in question that made me write this was all about how a hotel did a poor job of catering to 'plus-size' people due to the fact that towels and toilets were ""too small."" I am not advocating for cruelty or 'shaming,' but rather, this notion that the world should change instead of oneself. 

Second, your comments have made me realize that I have carried a big chip on my shoulder in regards to my own lack of support - perhaps, seeing 'acceptance', whether it's for addiction, being overweight, etc., touches a nerve because it was so absent in my earlier life.

**Edit 2**: It has become clearer that I had not properly understood the actual meaning of 'fat acceptance' and had jumped to conclusions based on social media and buzzfeed articles. (not smart) Thank you again to all the helpful comments.

**Final edit on this journey of self-discovery**: I think a lot of these feelings were/are rooted in self-loathing. The base assumption is that I am some fit person, but I am definitely overweight. My brain finds it a lot easier to jump to negative conclusions when analyzing myself, thus, I think I am projecting that outward as well.",0.6,Passionate,0.6,0.7,0.6,1.2692307692307692,12.414778672032195,51.21862676056341,0
"CMV: If Trump gets re-elected, I have to accept that the people and the government have spoken and I am just incompatible with the US.
So basically if Trump gets reelected I'm seriously considering moving somewhere else. I should say that I thought I loved this country but maybe I loved a version of it that doesn't actually exist. I figure that the country has spoken and what I'm hearing is that it's a theocratic oligarchy. People are increasingly unable to see other views because what their religion says is the right thing meanwhile those that are rich and powerful are exploiting this for their benefit. Other themes that I believe are too strong for the country to shake are misinformation, racism, xenophobia, etc.

I'm seeing all branches of government become entrenched with this breed of conservatives and what is that but the reflection of what the people want and what is the country if not the government and the people?

I want my view changed on the following:

* The US government is too entrenched with radical conservative politicians.
* The above is because the people of the US want this.
* I love a version of this country that doesn't exist as is evident
* One should move to a different country if they don't feel represented and have incompatible views with too much of the government even if they can vote and are comfortable.",0.0,Passionate,0.1,0.7,0.5,1.2666666666666666,11.880690987124463,51.38378326180262,0
"CMV: Big Cruises do more harm than good, and the planet is better off if the industry dies or is overhauled.
I guess I should start by saying I have a pretty substantial hatred of crowded spaces. Call it what you want. Enochlophobia. Agoraphobia, etc. I don't even like going to concerts, crowded movie theaters on opening day, etc. 

That said, I just feel the whole concept of a cruise is weird. Other than supplying hundreds of thousands of people with jobs (at least here in the USA), I don't see a ton of true benefits this industry provides vs. harm,  as it currently stands now. Granted, perhaps some changes will come along to make cruises less harmful to our planet, but so far, I see no evidence that the cruise industry is making the world a better place. 

* First, pollution: These ships are giant floating cities that create TONS of waste. And even despite regulation, each cruise ship contributes to some portion of sewage, gray water, hazardous wastes, oily bilge water, ballast water, and solid waste being dumped into our oceans, rivers, etc. Nevermind the air pollution they can cause; [with one study even claiming](https://www.transportenvironment.org/sites/te/files/publications/One%20Corporation%20to%20Pollute%20Them%20All_English.pdf) that Carnival cruise ships emitted nearly 10 times more sulfur oxide around European coasts than did all 260 million European cars in. With Royal Caribbean at four times more than the European cars. 
* Then there is the whole disease problem. Clearly, things like COVID-19 will continue to happen. Maybe not every year, but putting thousands of people in a confined ship for a week, floating out in the middle of the ocean seems like an awful idea. Not to mention the cycle of stopping at new ports, letting people off, and in turn, letting them infect each destination the cruise liner embarks for. The damn thing is like a floating petri dish. 
* You're basically trapped in a floating mall for 7 days, where everything is overpriced. Even if you think that all-inclusive price is a bargain, everyone I know who has taken a cruise has spent more money than they anticipated; be it booze, gifts, etc. I know there are cruise lines like Sea Dream, which truly are ALL-INCLUSIVE, but most of the big players (Carnival, RC, Norwegian, etc.) nickel and dime you to death. Not to mention, most affordable rooms are small and cramped, and you'll rarely ever spend more than a day at port at any number of the destinations you visit, giving you very little time to take in the scenery, culture, etc. 

Again, not saying all cruise lines are bad. But the MEGA ones with THOUSANDS of people on them seem terrible, and I just can't see how they actually are more beneficial than bad for our planet, economy, etc. That said, I'm open to understanding why this industry is a good thing. CMV.


**EDIT/UPDATE**

* First, wow. Didn't expect this to take off the way it did. 
* Second, I realize my third bullet point has more to do with my personal distaste for cruises and does very little to strengthen my argument/view. This has nothing to do with people who like cruises vs. people who do not. 
* Third, there was a ton of information I left out of my OP that supports my view, such as how cruises can [disrupt marine life](https://usa.oceana.org/threat-marine-life), and how [working on a cruise](https://www.businessinsider.com/cruise-ship-workers-describe-grueling-conditions-job-2019-11) can be a terrible experience for the crew, etc. 
* Finally, my view hasn't *really* changed. If anything, due to the fact there are so many poorer/smaller economies that depend on cruises for revenue, etc. - I'm much more in favor of overhauling the industry vs. seeing it die. But again, this post was never about making cruises ILLEGAL or banning them. Just give it a nice facelift. /cheers.",0.3,Logical,0.2,0.4,0.9,1.5945945945945945,8.745037837837838,62.45132972972975,5
"CMV: Arguments against universal healthcare are rubbish and without any logical sense
Ok, before you get triggered at my words let’s examine a few things:



- The most common critic against universal healthcare is ‘I don’t want to pay your medical bills’, that’s blatantly stupid to think about this for a very simple reason, you’re paying insurance, the founding fact about insurance is that ‘YOU COLLECTIVELY PAY FOR SOMEONE PROBLEMS/ERRORS’, if you try to view this in the car industry you can see the point, if you pay a 2000€ insurance per year, in the moment that your car get destroyed in a parking slot and you get 8000-10000€ for fixing it, you’re getting the COLLECTIVE money that other people have spent to cover themselves, but in this case they got used for your benefit, as you can probably imagine this clearly remark this affirmation as stupid and ignorant, because if your original 17.000$ bill was reduced at 300$ OR you get 100% covered by the insurance, it’s ONLY because thousands upon thousands of people pay for this benefit.



- It generally increase the quality of the care, (let’s just pretend that every first world nation has the same healthcare’s quality for a moment) most of people could have a better service, for sure the 1% of very wealthy people could see their service slightly decreased, but you can still pay for it, right ? In every nation that have public healthcare (I’m 🇮🇹 for reference), you can still CHOOSE to pay for a private service and possibly gaining MORE  services, this create another huge problem because there are some nations (not mine in this case) that offer a totally garbage public healthcare, so many people are going to the private, but this is another story .. generally speaking everybody could benefit from that 



- Life saving drugs and other prescriptions would be readily available and prices will be capped: some people REQUIRE some drugs to live (diabetes, schizofrenia and many other diseases), I’m not saying that those should be free (like in most of EU) but asking 300$ for insuline is absolutely inhumane,  we are not talking about something that you CHOOSE to take (like an aspiring if you’re slightly cold), or something that you are going to take for, let’s say, a limited amount of time, those are drugs that are require for ALL the life of some people, negating this is absolutely disheartening in my opinion, at least cap their prices to 15-30$ so 99% of people could afford them 



- You will have an healthier population, because let’s be honest, a lot of people are afraid to go to the doctor only because it’s going to cost them some money, or possibly bankrupt them, perhaps this visit could have saved their lives of you could have a diagnose of something very impactful in your life that CAN be treated if catch in time, when you’re not afraid to go to the doctor, everyone could have their diagnosis without thinking about the monetary problems 



- Another silly argument that I always read online is that ‘I don’t want to wait 8 months for an important surgery’, this is utter rubbish my friend, in every country you will wait absolutely nothing for very important operations, sometimes you will get surgery immediately if you get hurt or you have a very important problem, for reference, I once tore my ACL and my meniscus, is was very painful and I wasn’t able to walk properly, after TWO WEEKS I got surgery and I stayed 3 nights in the hospital, with free food and everything included, I spent the enormous cifre of 0€/$ , OBVIOUSLY if you have a very minor problem, something that is NOT threatening or problematic, you will wait 1-2 months, but we are talking about a very minor problem, my father got diagnosed with cancer and hospitalized for 7 days IMMEDIATELY, without even waiting 2 hours to decide or not.
Edit : thanks you all for your comments, I will try to read them all but it would be hard",-0.4,Passionate,0.3,0.8,0.6,1.5789473684210527,46.03910104011888,-35.234077513620576,1
"CMV: Compared to other developed nations, America is a “shithole” country for all but the wealthy and well-connected
TL;DR - The US lacks in almost every quantifiable category I can think of, especially when compared to European and Scandinavian nations. Only exception being if you have money and/or influential connections. Cue long list of stats and sources.

Repost removing references to the global you-know-what that ends in 19. I feel that our response to that situation is worth discussing, but the automod suppressed the original post and I don't feel those points are integral to the overall view for the purposes of this sub.

**Why I believe this:**

**We are not the most free -**

We are number 1 in [incarceration](https://en.m.wikipedia.org/wiki/List_of_countries_by_incarceration_rate), both total and per capita. Here, being convicted of a felony takes away your right to vote.

~~The US is~~ [~~45th~~](https://en.m.wikipedia.org/wiki/Press_Freedom_Index) ~~in press freedom~~ My view has been thoroughly changed on this, I recognize the ranking isn’t legitimate. But let's also not forget that in the recent BLM protests, police were [arresting journalists](https://www.cnn.com/videos/us/2020/05/29/minneapolis-protests-omar-jimenez-arrested-newday-vpx.cnn) and [attacked people](https://www.youtube.com/watch?v=LozQg0oX-Gw) for recording them from private property.

**Or the most democratic..**

We are actually [25th](https://en.m.wikipedia.org/wiki/Democracy_Index#Democracy_Index_by_country_2019)

**We have a massive wealth gap in our country -**

Almost [12%](https://en.m.wikipedia.org/wiki/Poverty_in_the_United_States) of Americans live under the poverty line and almost [40%](https://www.google.com/amp/s/abcnews.go.com/amp/US/10-americans-struggle-cover-400-emergency-expense-federal/story%3fid=63253846) of Americans can’t afford an unexpected $400 expense.

The US has a [Gini coefficient](https://en.m.wikipedia.org/wiki/List_of_countries_by_wealth_equality) (measurement of wealth inequality) of 0.852 (with a coefficient of 1 meaning almost complete wealth inequality).

We also have one of the [highest homeless populations](https://en.wikipedia.org/wiki/List_of_countries_by_homeless_population)

**Healthcare is only truly accessible by the rich -**

Average [health care spending](https://www.google.com/amp/s/www.cnbc.com/amp/2017/06/23/heres-how-much-the-average-american-spends-on-health-care.html) per person in the US hit $10,000 in 2016 and is predicted to be $14,000 by 2023. Explains why over [66%](https://www.google.com/amp/s/www.cnbc.com/amp/2019/02/11/this-is-the-real-reason-most-americans-file-for-bankruptcy.html) of bankruptcy filings in the US are due to medical-related expenses. Even just getting to the hospital in an ambulance here can cost you [thousands.](https://www.washingtonpost.com/national/health-science/ambulance-trips-can-leave-you-with-surprising--and-very-expensive--bills/2017/11/17/6be9280e-c313-11e7-84bc-5e285c7f4512_story.html)

**And we are not a healthy country -**

We are [number 12](https://en.m.wikipedia.org/wiki/List_of_countries_by_obesity_rate) in the world for obesity, with over 36% of our population obese. By far the highest ranking Western country. EDIT - There are [23.5 million people](https://en.wikipedia.org/wiki/Food_desert) in the US who live in ""food deserts"" which is why I consider this a failing of the country rather than personal choices

The US consistently has more [deaths from treatable diseases](https://www.healthsystemtracker.org/chart-collection/mortality-rates-u-s-compare-countries/#item-age-adjusted-major-causes-of-mortality-2015) than comparable countries (UK, Canada, France, Australia, etc)

**Quality education is only accessible to those with money -**

[Average cost of higher education](https://www.usnews.com/education/best-colleges/paying-for-college/articles/paying-for-college-infographic) ranges from $10k to $36k, compared to virtually nothing in other Western nations. This means higher education either burdens US students with a lifetime of debt, or keeps all but the wealthiest from attending.

The US is [31st](https://www.google.com/amp/s/www.usnews.com/news/education-news/articles/2019-12-03/us-students-show-no-improvement-in-math-reading-science-on-international-exam%3fcontext=amp) in the world in reading, math and science, with 27% of top US performers registering as wealthy while only 4% as poor or disadvantaged.

**And when it comes to raising a child...**

You need a [ton of money](https://www.epi.org/child-care-costs-in-the-united-states/#/AL) for that too, due to lack of free child care and no federal family leave policy. And that link shows Alabama, probably one of the cheapest states to live in in the whole country.

**With the police** In response to police brutality, police around the country responded with unprecedented violence (going as far as to run protesters over with cars and shoot people (who aren’t even protesting) on their porches. They specifically targeted journalists trying to report on the situation. Nations around the world have condemned the US response to what have been by and large peaceful protests.

**And many Americans are still** ***very*** **dumb**

Consider that [only 83%](https://www.google.com/amp/s/www.washingtonpost.com/news/the-fix/wp/2015/02/09/heres-how-many-americans-are-actually-anti-vaxxers/%3foutputType=amp) of American adults think that the measles vaccine, which has been around in some form since the *1960’s*, is safe. That’s almost 55 *million* Americans who are either unsure of its safety, or think it’s unsafe.

Certain (aka Southern) states get [textbooks edited](https://www.npr.org/sections/ed/2015/07/13/421744763/how-textbooks-can-teach-different-versions-of-history) to portray the Civil War as being about states rights, not about slavery.

And many of those same Southern states have as little as [75% of students](https://www.reddit.com/r/MapPorn/comments/3cjhy5/high_school_graduation_rates_by_district_in_the/) with high school diplomas.

\*And...\*

[The American Dream is more achievable outside the US than inside](https://www.google.com/amp/s/www.businessinsider.com/countries-where-intergenerational-mobility-american-dream-better-than-the-us-2019-8%3famp). Here is a [link](https://www.worldbank.org/en/topic/poverty/brief/what-is-the-global-database-on-intergenerational-mobility-gdim) to the raw data which I can't possibly get through, but in case anyone disagreed with the article.

\*Now for things that have become partisan for some reason\*

Despite Roe v Wade being a [bipartisan decision](https://www.oyez.org/cases/1971/70-18) by the Supreme Court, Republicans still campaign on stacking the court and directing them to overturn the decision, not only taking away a woman's right to seek an abortion, but grossly overstepping the separation of the executive and judicial branches, all because of religious values.

Trump has outright said he won't fund the post office so he can [disrupt mail-in voting](https://www.latimes.com/politics/story/2020-08-13/trump-admits-to-blocking-postal-service-funding-to-undercut-voting-by-mail), a clear attack on a basic democratic principle. And this was after he Tweeted about wanting to delay the election (even if it was a red herring to distract from the disastrous economic numbers). McConnell also refused to consider the stimulus bill due to the USPS funding, further screwing over average Americans.

And don't get me started on McConnell, the man who has basically made it his life's work breaking our democracy. Most famous of which being when he [blocked Obama's (legitimate) Supreme Court nomination](https://www.huffpost.com/entry/mitch-mcconnell-blocks-obama-laughs_n_5df32430e4b0deb78b517322?guccounter=1&guce_referrer=aHR0cHM6Ly93d3cuZ29vZ2xlLmNvbS8&guce_referrer_sig=AQAAAI88DqE50bKSCi1nRR2OxCh5g_n5wwhEWQTWe8SZcenmhFk1KBTsf81C0_Q7SFkoystOeymFDgOG3A0zBGwY0XYg2zE_iKOG_BntswCwwubTEOKxlfd64HUEtrcrEvpYRxgUKIQNopeLs_Ihw5X5gtXmVsZFG5MF7ARdwf3GSC4k) just on principle.

We elect [bigoted](https://www.npr.org/2020/08/12/901628541/qanon-supporter-who-made-bigoted-videos-wins-ga-primary-likely-heading-to-congre) [people](https://www.npr.org/sections/live-updates-protests-for-racial-justice/2020/06/28/884392576/trump-retweets-video-of-apparent-supporter-saying-white-power) to represent our bigoted populous. Trump also gave Rush Limbaugh the Presidential Medal of Freedom, despite his [bigoted remarks](https://www.newsweek.com/rush-limbaugh-kamala-harris-radio-show-1525554).

People deny climate change, and our government is [destroying the environment](https://www.nationalgeographic.com/environment/2019/02/15-ways-trump-administration-impacted-environment/) for the sake of helping corporate interests.

In most of the country, the [""gay panic defense""](https://en.wikipedia.org/wiki/Gay_panic_defense) is a legal justification for killing an LGBTQ+ person, and [conversion therapy is legal](https://en.wikipedia.org/wiki/Conversion_therapy#Legal_status) in most areas as well. Just a few examples of the deeply rooted homophobia in this country.

We're [number 1 in gun violence](https://www.bbc.com/news/world-us-canada-41488081), but large swaths of the country still prefer that to any form of gun control.

I'm sure I'm forgetting one stat or another, but I feel like it's been covered pretty sufficiently. Is America the worst country in the world? No. I'm not going as extreme as to say we live in a 3rd world country. But by the standards of other developed nations, the US lags *far* behind in almost every aspect I can think of.

For Americans who don’t have money (or aren’t willing to go into crippling debt because god forbid you want healthcare or to be educated), you’re basically screwed, and would almost certainly be better off living somewhere in Western Europe or Scandinavia instead. Change my view.

\*Feel like I should put a disclaimer that I am going by the numbers. I have lived a comfortable life here, as I'm sure many others have. But my argument is also that if you have lived a comfortable life here, either that indicates some level of wealth/power, and/or that your quality of life would still be better in a European/Scandinavian country.

Change my view.

\*Edit - Felt that I should include that our federal minimum wage is only [$3k a year above the poverty line](https://www.investopedia.com/articles/personal-finance/022615/can-family-survive-us-minimum-wage.asp) and unable to support a person living anywhere in the country

**EDIT 1 -** Since I keep getting the same points repeated to me over and over again, I'll just address them here since I just got the notification this hit the front page. I definitely won't be able to address even most of these comments at this point but I'll do my best.

Comment I made about homelessness - I know that made no sense, you can stop bringing it up

For the people who are telling me that I can't compare the US to European countries - I awarded a delta for someone who pointed out that it would be better to look at the EU as a whole. However, I don't think it's a legitimate argument to entirely write off comparing the US to individual countries, since while we may have a massive population (and GDP to match), our [per capita GDP](https://en.wikipedia.org/wiki/List_of_countries_by_GDP_(PPP)_per_capita) isn't that much higher than the countries I'm comparing it to.

And to reiterate again, I am not arguing that it is impossible to achieve a good life here in the US, or that we're a 3rd world country. Maybe you or your great grandparents immigrated here and made a good life for yourselves, and that's great. But overall, the US is not the best in terms of economic opportunity (like I addressed in the OP)",0.2,Logical,0.3,0.7,0.9,1.6666666666666667,11.829312997063685,50.517045495072466,12
"CMV: Statistics is much more valuable than Trigonometry and should be the focus in schools
I've been out of school for quite a while, so perhaps some things have changed. My understanding is that most high school curriculums cover algebra, geometry, trigonometry, and for advanced students, pre-calculus or calculus. I'm not aware of a national standard that requires statistics.

For most people, algebra - geometry - trigonometry are rarely if ever used after they leave school. I believe that most students don't even see how they might use these skills, and often mock their value.

Basic statistics can be used almost immediately and would help most students understand their world far better than the A-G-T skills. Simply knowing concepts like Standard Deviation can help most people intuitively understand the odds that something will happen. Just the rule of thumb that the range defined by average minus one standard deviation to the average plus one standard deviation tends to cover 2/3's of the occurrences for normally distributed sets is far more valuable than memorizing SOH-CAH-TOA.

I want to know if there are good reasons for the A-G-T method that make it superior to a focus on basic statistics. Help me change my view.

Edit:

First off, thank everyone for bringing up lots of great points. It seems that the primary thinking is falling into three categories:

A. This is a good path for STEM majors - I agree, though I don't think a STEM path is the most common for most students. I'm not saying that the A-G-T path should be eliminated, but that the default should replace stats for trig.

B. You cannot learn statistics before you learn advanced math. I'm not sure I understand this one well enough as I didn't see a lot of examples that support this assertion.

C. Education isn't about teaching useful skills, but about teaching students how to think. - I don't disagree, but I also don't think I understand how trig fulfills that goal better than stats.

This isn't a complete list, but it does seem to contain the most common points. I'm still trying to get through all of the comments (as of now 343 in two hours), so if your main point isn't included, please be patient, I'm drinking from a fire hose on this one ¯\\\_(ツ)\_/¯

Edit #2 with Analysis and Deltas:

First off, thank everyone for your great responses and thoughtful comments!

I read every topline comment - though by the time I got to the end there were 12 more, so I'm sure by the time I write this there will still be some I didn't get to read. The responses tended to fall into six general categories. There were comments that didn't fall into these, but I didn't find them compelling enough to create a category. Here is what I found:

**STEM / Trades / Engineering (39%)**

16% said that you need A-G-T to prepare you for STEM in college - This was point A above and I still don't think this is the most common use case

14% said that tradespeople use Trig all the time - I understand the assertion, but I'm not sure I saw enough evidence that says that all students should take Trig for this reason alone

10% included the saying ""I'm an engineer"" - As an engineer and someone that works with lots of engineers I just found this funny. No offense intended, it just struck me as a very engineering thing to say.

**The difficulty of Statistics training (24%)**

15% said that Statistics is very hard to teach, requires advanced math to understand, and some even said it's not a high school level course.

9% said that Statistics is too easy to bother having a full course dedicated to that topic

Taken together, I think this suggests that basic statistics instruction tends to be intuitive, but the progression to truly understanding statistics increases in difficulty extremely fast. To me, that suggests that although we may need more statistics in high school, the line for where that ends may be difficult to define. I will award a delta to the first top commenter in each category for this reason.

**Education-Based Responses (14%)**

5% said we already do this, or we already do this well enough that it doesn't need to change

3% discussed how the A-G-T model fits into a larger epistemological framework including inductive and deductive thinking - I did award a delta for this.

3% said that teaching stats poorly would actually harm students understanding of statistics and cause more problems than it would solve

1% said that if we teach statistics, too many students would simply hate it like they currently hate Trig - I did award a delta for this

1% said that Statistics should be considered a science course and not a math course - I did award a delta for this point as I do think it has merit.

**My Bad Wording (10%)**

10% of the arguments thought that I was suggesting that Algebra was unnecessary. This was my fault for sloppy wording, but to be very clear, I believe Algebra and Geometry are far too valuable to drop for any reason.

**Do Both (8%)**

8% said that we should just do both. I don't agree with this at all for most students. I've worked with far too many students that struggle with math and raising the bar any higher for them would simply cause more to struggle and fail. It would certainly benefit people to know both, but it may not be a practical goal.

**Other Countries (6%)**

5% said they live in countries outside of the US and their programs look more like what I'm suggesting where they are from.

1% said they live in countries outside of the US and don't agree that this is a good path.",0.7,Logical,0.5,0.1,0.9,1.0869565217391304,11.206978193146423,58.693803019410495,3
"CMV: Bernie supporters who would sit out if he doesn't win the nomination are acting like spoiled brats
As things stand right now, I do feel like I align the most with Sanders from an ideological perspective. I don't agree with all of his policy goals, but his rationales behind promoting these policies are admirable and the kind of attitude we need in a president. 

That being said, if Joe Biden wins the Democratic nomination, I would enthusiastically vote for him. Bernie himself even recognizes the potential crisis for progressive values if Trump were to win a second term. In my mind, it should be viewed as objectively better to vote for someone who shares 80-90% of the same progressive values, will help work to pass liberal legislation, and will get the country on the path for additional progressive policies in the near future than it is to allow Trump to continue to dismantle our institutional integrity and hope for a reactionary leftist resurgence in 2024. 

And to add on that last point, I think it's really stupid that left wing voters would hope that their side acts like the right does whenever the center-left does anything. Reactionary politics sucks in the long run. It's the reason why, other than the ACA (which I'll get to in a minute), no major federal programs have been passed for a long time. The Bernie bros are acting like the Tea Party. The Tea Party is already dead, suffocated with a plastic bag by the Trumpist cartel. Unless the Democratic Socialist wing is willing to put in the work for long term, consistent success instead of being reactionary, they'll be gone too before they're able to properly implement any of their lofty but well intentioned goals. 

Now back to the ACA. Getting that passed was a huge accomplishment that nobody should take lightly. It's far from perfect, but it's something. It's the biggest initiative in the federal government since the Civil Rights Act, and the biggest tangible social policy implemented since FDR passed Social Security, Medicare, and Medicaid. Those amazing things were all passed during periods of consistent Democratic control of congress while Eisenhower (who was hardly conservative relative to today) and Nixon/Ford held power for only 16/48 years last century. If Bernie supporters want to implement any major policies like those, they need to be willing to bite their tongues and vote for more moderate Democrats now and incrementally get more progressive over time, which doesn't have to be that long of a time. They just have to show up now so we don't keep going back and forth.

I don't really have a knock against Bernie. I think he's a great man and a great candidate and I hope he does well today so my vote for him in the next couple rounds means something. If people are willing to rally around him now, this isn't as much of a concern.

But a lot of his supporters, from the most affluent Bernie bros to the actual working class people who are willing to not show up if Biden wins the nom, are acting spoiled. In my view, if Biden wins and you're not willing to show up for him in the general, it obviously must not be that important to you to get these major policies passed. Like if you're actually struggling and you think Bernie-style policies are what you need to improve your situation, you should be willing to take 80-90% of that instead of nothing. If not, I don't believe that you're actually struggling, you just like to act like a victim. 

So CMV, is there actually any value to this all or nothing attitude where you're willing to lose unless you get 100% of what you want, or are people acting ridiculous?

**EDIT: This is blowing up so apologies if I take a little while to respond. Already gave out a delta but I'm absolutely going to be following up throughout the day. Thanks for the great responses (even to the people spite downvoting me) I'll try to get to you soon.**

**EDIT 2: I keep seeing a lot of the same comments so just know I'm not going to get to everyone. I just don't have the time for 1900 comments when so many are the same. So here's a couple things I don't agree with so that the comments might slow down.** 

1. I simply do not agree and will not agree that letting Trump win now is strategically sound for future progressive candidates because four more years of Trump is four more years of the GOP rigging elections and installing policy roadblocks, so unless your game theory argument is much different, save it. 

2. I'm not going to be convinced that Biden is worse than Trump.

3. Our political system is what it is. You don't get to stick it to the man by letting the man win again. Go vote for people who will do most of what you want instead of the opposite of what you want.

**EDIT 3: Shout out to the real ones who gave my ass gold and platinum**",-0.5,Passionate,0.4,0.8,0.7,1.4067796610169492,10.534550885362417,59.79752634642486,0
"CMV: Religion has absolutely no place in a modern society.
Religion has had some good in the past, when people where absolutely ignorant about the world. It used to be a great tool to answer unsolvable mysteries and guide people who had no idea what the fuck life was about.

However, it has also ALWAYS been about controlling the masses and brainwashing. These poor people constantly living in fear of chastisement by some infinitely powerful being. You better act nice now, or (insert your divinity here) will fuck you up for eternity!

Oh what's that? You guys believe in a different god than us? Looks like it's time for a god damn blood bath! But sure, religions are about peace and kindness, unless you don't believe in the right one.

Also I already see you guys coming with the ""oh but don't put all the apples in the same basket, there's some bad religious people, but there are some good ones too!!"" 

Fuck that bro. The actions of those bad apples far outweigh the positive aspects of the good ones. Yes some religious people contribute to charity and stuff, but do you really need religion for that? Can't you just be a good person without it?

Also, how is no one calling them cults? It's the same fucking thing. If some nutjob claims to be the son of a god today, everyone laughs at him and calls him crazy, cause he is, but sometimes he gets a following and we're all like ""well clearly this is a cult. These people are fucking stupid to believe that this guy is any kind of divinity whatsoever"". How many of the ones who laugh at cults are actually religious? I'd bet it's a fuckton of'em, but sure, fuck introspection and let's all be hypocrites.

My final point now, some of you may argue that religion is also about spirituality and trying to better yourself as a person, it's a moral compass. Again, fuck that shit! You don't need a fucking cult leader who's been dead for thousands of years to tell you how to act. We have social norms and things that are acceptable and things that aren't. Just be a fucking adult and reflect on your actions and thoughts and better yourself that way. Most religious people, as I said earlier, only follow that ""moral compass"" to escape an imminent doom when they die, not to actually be good people. They do it out of fear, and I don't think that makes you a good person, that makes you a coward who's scared of something nonexistent.

Religion should and needs to be abolished, but of course that'll never happen. Oh well.

Tl/Dr : Religions are about controlling people, have been and always will be a source of violence and hatred. They are cults and need to be abolished.

Edit: Just to clarify, I do not wish any harm or hatred towards any religious people and I am for letting people belive what they want to, live and let live. However I just think religion shouldn't be a part of our society ANYMORE. I am against religion as a CONCEPT in a MODERN society. Not against religious PEOPLE. I know religion was a pillar of humanity IN THE PAST. I do not think it is still required TODAY.

Thank you for your time everyone, there are some insghtful comments that made me reflect and I did soften my view on the subject. ""Abolishing"" religion was a poor choice of words, it should just die out slowly while only keeping the positive morals of it, through education. However, my view is not changed.

Edit 2: Guys, I stopped carring about the post after 100 comments, stop private messaging me, I'm not going to answer lmao.",-0.9,Passionate,0.1,0.9,0.3,1.225,7.484587688734031,68.77008710801395,6
"CMV: The international community should cut all ties with China until they stop the mass genocide of Uighur Muslims
It’s inexcusable that the vast majority of the world still maintains ties with China as they do the worst mass genocide since the Holocaust, and the only mass genocide that can compare to it. China needs to be held accountable and we need to send the message that this isn’t ok. The best way to do so is to cut all ties, including trade and diplomatic relations, until China halts this mass genocide. Women are being raped to death. Men and children are being worked to death. People are being sterilized. You can’t sit by and allow this to happen.

The negative consequences that I can see happening is we lose (in a short period of time) a lot of exports, but I’m sure we can all agree that we can wait a year for a new iphone if it leads to the end of a mass genocide. We can trade in other places. We should do anything we can to stop this human rights violation, and it starts with cutting ties to China.

Change my view

Edit: The IPhone thing was an oversimplification of what would happen to the economy. My point was most of our imports from China are leisure items, thus it won’t be as bad on the people if they go away for a small period of time as other countries step up to fill the gap

Edit 2: for all of you saying that this doesn’t exist, why is it whenever someone brings up mistreatment of the Uighur Muslims China throws a temper tantrum (literally).

Edit 3: start going after me personally and not my argument and your getting insta reported and blocked

Edit 4: I wake up and I’m on the front page and there’s awards and my phone has 400 notifications from Reddit. Thank you all so much for making this issue visible to more people and thank you especially to all of those who have been respectful in the comments. You have really advanced and changed in spots my view on this topic. Thank you",0.1,Passionate,0.1,0.8,0.4,2.0833333333333335,10.544099447513812,62.450716390423594,0
"CMV: Americans treat / discuss about 9/11 as if it was one of the worst or most devastating events in history, it shows both how hypocritical American's are as in regards to international affair as well as how narrow-minded some American's are.
Okay, the total number of lives that were lost during 9/11 was: 2977. Because of this (not purely) the US invaded Afghanistan as well as began the ""war on terror"". From the West, since the Afghan war began there have almost been 4k military deaths (Western states only), almost 100k deaths/serious injuries to CIVILIANS in the last 10 years within Afghanistan alone. If you want to add the 10 more years since they began the war, plus the many other countries they have ruined economically and physically then the number is easily tenfold.

Please don't get me wrong, it was a tragedy and an act of terrorism, but the way that Americans speak about it and describe the events, its as if they way to justify the millions and millions of lives they have ruined in response. It's also not just the way they speak of it or remember it, its the EXTREMELY hypocritical ways in which leading US politicians/economists/leaders reference it, some examples:

Rudy Giuliani: ""The attacks of September 11th were intended to break our spirit. Instead we have emerged stronger and more unified. We feel renewed devotion to the principles of political, economic and religious freedom, the rule of law and respect for human life. We are more determined than ever to live our lives in freedom""

Sandy Dahl: ""If we learn nothing else from this tragedy, we learn that life is short and there is no time for hate.""

Let me start by saying that I am willing to change my mind on this perspective. The opinion that I would like changed is that the way, in general, that American's depict 9/11 is disgustingly hypocritical and overtly dramatic, revealing how narrow-minded the majority of American's can be/are. The American discourse surrounding 9/11 and the proceeding events are so slanted in the American favour that it undermines the impact they had on Afghanistan and the innocent civilians in all of the Middle East.

&#x200B;

Edit 1: Thank you for all the responses! I have definitely shifted my opinion slightly, there are a lot of responses so I will do my best to respond to everyone.

&#x200B;

Edit 2: Again thank you for the all responses, especially the informative and constructive ones. I have altered my opinion on how and what the general American thinks about the 9/11 and the proceeding events - however, I remain that the discourse from US media and institutional leaders is still hypocritical and reveals their slanted perspective of international affairs. ",0.5,Passionate,0.1,0.6,0.8,1.34375,13.794774102201057,44.041315484618366,3
"cmv: Ban on sleeping in vehicles is just targeting lower-income and impoverished persons. There is no justifiable reason to have a ban on living in a vehicle in larger cities and smaller towns alike, so long as the vehicular occupant is not being disruptive or breaking other laws.
Update 3: Stop sending me bloody threats or your opinions through private message. 

I received a message, and I quote ""If you want people to sleep in cars so bad, why don't we have them all park outside your house, so they can sell drugs in your property, r\*pe your daughters, murder your spouse, and leech off the government but pin it all on your hands?"" You don't need to verbally assault someone for an opinion on any matter in the world. If you want to debate this, comment on the threat. I'm declining all PM's about the issue here on out.

Update 2: I've had a field day replying to all of you guys. I've changed my opinion a fair bit. It's a difficult topic- on one hand, morally speaking, i want to be able to make it easier for people to get off the street. But, to make it legal to sleep in a typical car, there are so many things that have to be taken into consideration- legal changes, new regulation, taxation, sanitary conditions. I've decided to retract my statement, and change my opinion that it should be legal to sleep in any vehicle. However, I add this:

1. Sleeping in regulation-conforming vehicles (i.e vans, trucks, minivans) that have adequate space, are kept sanitary, can generate electricity, are ""livable"" should be legal and permitted. Sleeping in an everyday civic, or another car that is not designated for sleeping permanently should not be allowed, except in the following circumstancesa. the person can not get home safely and just needs to sleep for a short period of time, or the person is under the influence of substances and feels unsafe operating their vehicle, and cannot get other accommodation or rideshare, so they sleep in their vehicle outside of a bar, party location, etc.b. the person is in a domestic or violent situation where it is unsafe for them to return homec. the person is camping in a campsite (which shouldn't be an issue with the topic of this post at all) and chooses to sleep in their vehicled. the persons who are sleeping in the vehicle are travelling, and it is not a permanent situationAll of the aforementioned conditions would make it absolutely legal to sleep in your vehicle.
2. If there was to be a provision made in the future to allow sleeping in vehicles, and allow vehicles to be considered a property, a property tax should be instated on it, that way taxpaying homeowners do not feel disadvantageda. in a sense, the registation fee of a vehicle and the other monthly costs could be considered a property tax, but I know it wouldn't make everyone happy. A tax of living in the vehicle would make sense- but then again, would it? It's the best common ground.
3. Sleeping in a vehicle in the same location for more than 12 hours should be disallowed, to ensure people do not ""reside"" in one location and block traffic, or begin to claim territory as their own. Occupants would be required to move their vehicle throughout city streets. If this does not happen, their vehicle will be towed after warnings.

Keep this in mind if you choose to comment on my post any further. I will read replies, but I am struggling to keep up with all of them. I didn't expect this to go viral; it was mostly a rant. But, you guys changed my mind, and I appreciate that. I didn't think it would happen when I made this post, but it sure has.

Update 1: **I'm going to go ahead and continue replying to everyone who shares their thoughts or opinion, but I do want to say that my opinion has definitely been altered. I still stand adamant that it should not be illegal, ESPECIALLY in the cases which the person residing in their vehicle is not homeless but has income and can afford insurance, a license, and is not in a condition that they are unfit to drive. Though, there must be regulation, and potentially taxation, especially in urban areas and large cities. Thanks to everyone who replied, and thank you for those who are reading this. I appreciate you all!**

&#x200B;

I fail to grasp any logic behind big cities banning people from sleeping in vehicles they own instead of living in a permanent house.

First of all, it's expensive as hell to live in a house. It can cost 1500/month or greater to rent a small apartment in a big city such as San Diego, about 30 minutes away from where I live. It is extremely taxing on those who are struggling with minimum wage or low paying jobs, and makes it much more difficult for homeless persons to get out of their situation. It would be much more cost effective, and much easier for those who are struggling, to survive if they were to get a van or use a vehicle and live in that. What would be 1,500+ a month could be cut into a 200 or 300$ monthly payment.

Someone who's living alone may not want a house. In my situation, I'm currently saving up for a van in order to live on the road while I work from my mobile home. This is great for me; I love travel, don't have a lot of possessions, and am a very simplistic person. It's a much cheaper, much more enjoyable, experience- and the fact that I may have to be careful not to visit certain cities or wander too far into town during the night to park my vehicle always worries me a bit about my future. If someone chooses to live in their car, so long as the conditions are livable (i.e no mold/leaking oil/some kind of air circulating in the vehicle) there should be no legal issue with that.

It's much safer for someone to pull off in their vehicle than it is to continue driving while tired. I remember one time, I was driving down the freeway and I was just too tired to continue. Knowing that if I pulled off to sleep I would be woken up and told to leave by a LEO, I continued driving. I actually fell asleep for brief (1-2 seconds) moments at the wheel, each one I jerked awake the minute I started to feel my car moving out of my lane. It was scary, and I would've much rather been able to legally pull off into a neighborhood or a city street and sleep for the night.

I would love someone to educate me as to why this is illegal. I struggle to find justifiable reasons as to why someone would not be allowed to sleep, or even live, out of their car. Anything that would normally require an address or established residence can easily be made up for, such as a laundromat rather than an in home machine, a P.O box, a cell phone instead of a landline, using public facilities instead of a personal toilet, vans can be rigged with electricity (the car produces electricity if needed through an inverter that can be plugged into the port in the dash) and, without a doubt, it's safer than sleeping on the street.

Car sleeping can be done discretely, without being a disturbance, and without the public even noticing or being affected. It seems to me like the perfect way for someone who may not make 1,500 a month, but closer to 5-600 a month, to be able to save while still having a guaranteed place to sleep.",0.5,Passionate,0.4,0.7,0.7,1.3880597014925373,10.208627951256663,60.84839762630111,2
"CMV: The electoral college is garbage and those that support it are largely doing so because it helps their side, not because of any real feature of the system
I don't think anyone could change my mind on the electoral college, but I'm less certain about the second part.  I don't particularly like throwing away swaths of arguments as bad faith, but the arguments for the EC are so thin that it's hard to see supporting it as anything other than a shrewd political ploy. Here are my main reasons for supporting a popular vote rather than the EC.

1. In general, popular sovereignty is good.  It should take very powerful considerations to take elections out of the hands of the people.  I don't feel the need to argue for a popular vote system because it's so clearly the best option for a nation that claims to be Democratic. You can say the whole Republic/Democracy thing and I super-duper don't care. I know we are a Republic.  I passed high school civics.  We could have a popular vote system that chooses the executive and still be a Republic.  The EC is *almost* a popular vote system the way it operates now.  It's given the same result as a popular vote system 91% of the time.  The times that it hasn't have been random, close elections.
2. ""One person, one vote"" is a valuable principle, and we should strive to live up to it.  Simple arithmetic can show that a voter in Wyoming has around 3 times more influence on the EC than a voter in California.  This wouldn't be true if it wasn't for the appropriations act in the 1920's, which capped the number of people in the House of Representatives at 435.  In the EC as it was designed, California would have many more electoral votes now, and the gap between Wyoming and Cali wouldn't be nearly as large.
3. There is no fundamental value in giving rural America an outsized say in elections.  I've often heard that the EC was created to protect rural interests.  This isn't true, but even if it was, I don't see the value in giving small states more influence.  This is where I developed the idea that most of the arguments are in bad faith.  Particularly because the current kind of inequality we have now in the EC was never intended by the founders.   If you are supporting the EC just because it favors rural areas, and you also know rural areas tend to vote red, then you just have that position for partisan reasons.
4. The ""elector"" system is very dumb and bad.  Do we really want 538 people that we've never heard of to get the ability to overturn an election?  This isn't a group of able statesmen, the electors are largely partisan figures.  In most states, you don't even see that you are voting for an elector instead of for a candidate for president.  These are elected officials only in the most vague sense of the term.  The idea that this ceremonial body is some kind of safe-guard is laughable.
5. The concept of ""swing states"" is bad for democracy.  Focusing on groups of swing voters in 5/6 states leads to undue attention and money being used to persuade smaller groups of voters. It also creates a sense of votes being worthless. I was a Democrat in a deep red state for a long time, and it felt like my vote didn't matter because my state was going to go red anyway.  And that's going to be true for most voters, apart from the 5/6 swing states that are uncertain on election day.  It's hard to know if that is pushing turnout down, but it certainly isn't having a positive effect.
6. The EC makes elections less secure.  Instead of a popular vote system where it would take a hue effort to change enough votes to make a difference, rigging state elections in swing states could have a huge impact.  The targets for interference are clear, Wisconsin, Michigan, Arizona, North Carolina and Florida could be changed with relatively small numbers of votes.  This also makes voter suppression a tactic that can work on a national scale, if applied in the correct states.

EDIT: 

Alright, I need to get to my actual work-job instead of rage-posting about the electoral college. I've enjoyed reading everyone's responses and appreciate your participation. Some final responses to some underlying points I've seen:

1. Lots of people saying I just hate the EC because of Trump. I have literally hated the electoral college since I learned about it in the 6th grade. For me, this isn't (fully) partisan. I absolutely would still be against the electoral college if a Democrat won the EC and a Republican won the popular vote. I know you may I'm lying, and I grant that this isn't something I can really prove, but it's true. Feel free to hold me to it if that ever happens. My position is currently, and always has been, the person who gets more votes should be president.
2. The historic context of the electoral college, while important to understanding the institution, has an outsized influence on how we talk about presidential elections. I would much rather look forward to a better system than opine about how wise the system set up in 1787 was. The founders were smart, smarter than me. But we have 350 years of hindsight of how this system practically works, which is very valuable.
3. I was wrong to say all defenses of the EC were bad faith or partisan, I see that now. I still believe a portion of defenses are, but there are exceptions. The fact that most discussions of the EC happen just after a close election give all discussions surrounding the issue a hyper-partisan tone, but that doesn't have to be the rule.
4. If you think farmers are worth more to the country because they're farmers, I have some news to you about who was doing the farming in 1787. It wasn't the voters, I can tell you that much.
5. I'm sorry if I appeared brusque or unappreciative of your comments, this thread got way more attention than I expected. I'm re-reading my responses now and there's absolutely some wording choices I'd change, but I was in a hurry.

Hope you all have a good day. Abolish the electoral college, be gay, do crime, etc.",-0.1,Passionate,0.3,0.5,0.8,1.7846153846153847,8.717807646356032,63.586021505376365,5
"CMV: all fines (or other monetary punishments) should be determined by your income.
fines should hurt people equally. $50 to a person living paycheck to paycheck is a huge setback; to someone earning six figures, it’s almost nothing. to people earning more than that, a drop in the ocean. a lot of rich people just park in disabled spots because the fine is nothing and it makes their life more convenient. Finland has done this with speeding tickets, and a Nokia executive paid around 100k for going 15 above the speed limit. i think this is the most fair and best way to enforce the law. if we decided fines on percentages, people would suffer proportionately equal to everyone else who broke said law. making fines dependent on income would make crime a financial risk for EVERYONE.

EDIT: Well, this blew up. everyone had really good points to contribute, so i feel a lot more educated (and depressed) than I did a few hours ago! all in all, what with tax loopholes, non liquid wealth, forfeiture, pure human shittiness, and all the other things people have mentioned, ive concluded that the system is impossibly effed and we are the reason for our own destruction. have a good day!",0.4,Logical,0.1,0.4,0.7,2.0,8.066346153846158,65.72865384615385,3
"CMV: It is entirely moral to pirate media that never was or is no longer being sold through its original creator.
I'm speaking more of video games than anything else, but my point stands for movies or anything other forms of media as well. If the original creator of something is no longer selling it, this giving me no way to support them, I shouldn't feel bad at all for pirating it. As an example, there is a large multitude of Nintendo games that simply aren't available for sale anymore. Hell, the game Mother 3 was never even released outside of Japan with NO way for me to play it OTHER than pirating it and emulation. I will always buy an official copy of something to support the artists behind it, but if I can't do that, I will gladly pirate something instead.

Edit: Here's a couple of additions to what I said, as I accidentally caused a bit of confusion. When I say original creator, I'd like to include rights holder as well. As an example, I'd pay money to buy a copy of Minecraft even though Notch is no longer getting paid for it. 

Additionally, in the case of something no longer available, I do not believe it makes me greedy to want to play/watch it. If the rights holder is not giving me the opportunity to pay for it, that is their problem, not mine.

In cases of artists wanting their pieces to be private, or if they no longer want their art to be viewed/appreciated, I would respect that. As a game developer myself, I took down some of the projects that I created in early high-school as they just kind of suck. I stated this for the reason as well. However, if something is simply no longer available but no reason is given, I am not going to assume that this is the reason. But of course, I would respect a sentimental reason if it given.",0.3,Logical,0.5,0.3,0.7,0.4864864864864865,9.982052492447128,60.34292768126889,1
"CMV: The white teen who said the n word on a Snapchat video in freshman year should not have been dropped from the admission list of her college when a black student released the video 4 years later
https://www.nytimes.com/2020/12/26/us/mimi-groves-jimmy-galligan-racial-slurs.amp.html

Here is an article explaining the situation ^

**Important edit: Mr. Galligon received this video in his senior year of high school, so he waited a few months until he discovered she was admited to college, and then released it. HE DID NOT WAIT 4 YEARS!** I’m so sorry for misinterpreting this part of the story.

Reasoning:

1) The girl said it when she was 15 (4 years ago)

-Mrs. Groves said this word as a child. Was it right? Absolutely not. But 4 years is enough to change anyone, and old statements should not be held against someone if they have shown change, especially when these were made as a kid.


2) She said this in a private message, not directed to any black person

-This of course does not make what she said better, but it makes the context better. She said “n words I can drive.” This was not said with any (intentional) hate, and was sent to a (presumably) white friend. This use of the n word is much better than say, a white person calling a black person the n word out of hatred.


3) She did not send this video to Mr. Galligan, or any black person

-This video was sent to Mr. Galligan by a friend, not Mrs. Groves herself. Mrs. Groves did not try to target Mr. Galligan with this slur, he merely saw her say it. Still a disgusting act, but it’s not like she was trying to be directly racist to Mr. Galligan.


4) She was raised in a racist environment

-In the article, it says that Mr Galligan reported the video to an administrator, and they did nothing. This shows that her environment did not oppose or take racism seriously. By not punishing racist actions of hers or the actions of her peers they are rewarding and validating it. This still does not justify her use of the slur, but it explains why she felt entitled to use it.


5) She had made an effort to change 

-Mrs. Galligan promoted blm, BEFORE the video was leaked. Yes, it was around the time it was “trendy” but it’s not like this was a last ditch effort to clear her name. While it might have just been performance activism, even promoting blm shows that she was attempting to change her ways. 


6) Mr. Galligan’s actions were sickening 

-Mr. Galligan has experienced much worse racism in school (white students directly mocking him with racial slurs), yet chose an instance of racism that was not directed towards him to expose. He clearly did not want to see real change, otherwise he would have posted stories and called out the racist bullies by name, no, he wanted to see Mrs. Grove’s life ruined. He did not let this go for 4 years, knowing that this could be used as a way to destroy something she loved, and when he found out what that was, he pounced. He released that video, knowing full well what the internet would do to that girl. 


7) Mr. Galligan is a massive hypocrite 

-In the article, Mr. Galligan details a time where his own father (a white man) uses the n word in a non-serious way, after living in an environment where the n word was used casually by black relatives. Do you know what he did? He calmly educated his father about the true meaning of that word. Mr. Galligan also details a time where he asked his father his opinion on white privilege. He claims it does not exist. Do you know what Mr Galligan did? He calmly educated his father about what white privilege is. 

Mr. Galligan’s father is a full grown adult, married to a black woman, and had a biracial son, and he was given more slack by Mr. Galligan than a 15 year old white girl, living with a white family, in an environment where the n word is used casually BY WHITE STUDENTS that are let off with no punishment. Mrs. Grove was in the perfect environment to create a racist, she used a racial slur once. And then moved on to promote blm years later, Mr Galligan’s father had no excuse not to know the true meaning of the n word or what white privilege is. Mr. Galligan was clearly capable of educating Mrs. Grove, because he has done it before with his father, instead he decided to bid his time, waiting for the perfect moment to ruin a changed girl’s life. 

As Mr. Galligan said himself (with satisfaction), “I’m going to remind myself, you started something. You taught someone a lesson.”


Sorry if there’s some wonky formatting I’m on mobile :/

Ya’ll, thanks for the replies. I’ll reply to more maybe, but I honestly can’t keep track of everything and imma say it right now, I’m in 8th grade my arguments might not be that sound. It’s too late, I’ve started a war, Jesus Christ, goodnight. Sorry if i’ve offended any of you, my arguments have become less and less sound as it for later, it’s really not on purpose. I’m not trying to promote racism or anything so sorry if brain dead me did.

Also, if I do not respond I’m sorry, I might not be able to find your reply or I might not have time.",0.3,Passionate,0.2,0.7,0.8,1.4,7.787229437229438,69.70878066378069,2
"CMV: America desperately needs a young, sane president
America desperately needs a young president and it’s gonna be my single issue in 2024. The choices we have this cycle have only reinforced my opinions. An old person can’t lead this country the right way without being a puppet (which Biden will be to his VP selection).

It’s getting to the point to where I’d vote for someone just based on his or her age. I’d vote age over party, policy, race, gender, and every other category possible. Older people deteriorate quickly and our 2 choices have clearly shown us they’ve gone fully insane. One doesn’t know what day it is and who he is, and the other blatantly lies to himself and the American people.

Edit: 

Ok maybe not age over policy. That was me just overthinking it. There’s a few up and coming political figures in which I disapprove of.

I’d like to see a legit mental health test for anyone running for President, especially for people over the ages of 65. Don’t make it mandatory, but if a candidate declines, you know they’re trying to hide their mental health. Also, I’m not answering questions about my political beliefs anymore.

Edit 2: 

Ok it seems like this has become an echo chamber. My mind won’t be changed here, but people are throwing out names of young politicians. My favorites, in order, are John James, Pete Buttigeg, Andrew Yang, Marco Rubio, Tulsi Gabbard, and Dan Crenshaw. **Also, mods have said to not comment names of politicians, they’re removing those comments. Don’t waste your time.**

Just because I want a young candidate doesn’t mean it’s because I want to push a certain far-left agenda. Couldn’t be further from the truth in my case. I want a young candidate on either side who’s willing to compromise (unlike AOC). Policy first, then age/mental wellness; my mind was changed on that.

Also, my definition of young is around 40-50 years old. That’s widely seen as young in politics.",-0.2,Passionate,0.1,0.6,0.4,1.08,7.820134730538921,63.78323602794413,0
"CMV: Disney is monopolizing entertainment and needs to be checked before they start controlling culture
Disney owns ESPN, 20th Century Fox, Hulu, Marvel, Star Wars, Comcast, History Channel, abc..the list goes on. [Here’s a link for anyone interested. ](https://storage.googleapis.com/titlemax-media/1c8ace8f-every-company-disney-owns-13_pageversion-lg.jpg)
This tells me they have dipped their toes into every form of entertainments that can be consumed by the population of earth. Controlling media and entertainment is how you control a culture or the way it thinks and acts. Disney is not doing anything too drastic with their agenda yet, but mark my words, there will come a time when all of the media you can find online or entertainment will be censored by Disney to fit their idea of what it should be. 

Let me break this down further. Disney has the authority to fire someone from one of their networks, especially a public one like ESPN, if they don’t agree with their views or agenda. Then, since they have money, they could make him disappear. Be it death by “suicide” or a lump sum to shut him up. So if a talk host on ESPN said something controversial but valid, Disney has the ability to control him and what the viewers hear. It’s censorship in the worst way. 

Disney owns too much and has the power to do too much. Let me make another example. Star Wars. I know, I know, “TLJ sucked, not canon! Duurrrrr!” I’m not here to bash the movies. I’m here to bash the EU. Disney is controlling what type of Star Wars is released to the public. Before Disney, there was a plethora of risqué Star Wars media. Video games, comics, books, etc. But now? It seems most Star Wars product are sterile, safe and innocent in an effort to maintain an identity for appealing to the whole family. Eff that! Star Wars was never restricted to one form of media and while the films were tamed, the rest could have done whatever it wanted! Here’s another one, Star Wars: Battlefront II the video game was under scrutiny for its loot box fiasco (gambling in games that kids can access). I have NEVER seen a game turn around as fast in my life and as delicately. My guess, Disney cracked the whip on EA and their 10 year game deal and EA panicked because money talks. If Disney has the power to do that to EA, they will have no trouble forcing an agenda into other networks that they own. 

Am I missing something? Does Disney not have the freedom I think they do with the networks they own? To me, it seems they’re orchestrating some type of cultural shift by acquiring networks and studios in all forms of entertainment in order to push their own ideas and agendas.

Edit: After reading through some of your comments, I think it’s necessary to clarify a few things.

1) I’m not an economist and my knowledge of this topic has been broadened immensely from just hearing what some of you had to say, so thank you for enlightening a dull individual such as myself. It has changed my view in some areas of this discussion. 

2) Comcast is NOT owned by Disney, I misread that detail when doing a quick research. I’m sorry for mixing that up. 

3) My terminology is not entirely accurate since I’m not as privy to the business side. But the spirit of the post is still intact and is directed at Disney having the control and influence over media and the ability to possibly censor or influence future generations.",0.2,Passionate,0.3,0.7,0.5,1.04,8.073479899497489,66.71648450586267,2
"CMV: Despite What Most People Believe Jesus' Ideals Were Closer to Communist Ideals Rather than Capitalist Ones
Jesus taught many things and one was that you cannot serve both God and money. (Matthew 6:24) Capitalism functions off of selfish desires and greed while communism is suppose to function off of the idea of reaching equality for all. You can argue about if that's been achieved successfully or not elsewhere but ideally communism represent a closer form of Government to the one in which Jesus was trying to show to the earth.

Jesus taught people to sell all they own and give the proceeds to the poor (Luke 12:33 and Luke 14:33) and if you imagine everyone doing this it will end up achieving an equal distribution of wealth and of material possession. 

Keeping this in mind this is what the early church actually did in Acts. 
Acts 4:32
""All the believers were one in heart and mind. No one claimed that any of their possessions was their own, but they shared everything they had.""
&
Acts 4:34-35
""that there were no needy persons among them. For from time to time those who owned land or houses sold them, brought the money from the sales and put it at the apostles’ feet, and it was distributed to anyone who had need.""

These actions and the teachings of Jesus line up way more with the ideal and ideas of communism than they do with capitalism.

[Here is a christian video I saw](http://bit.ly/WhatIfEvery1) which goes more in depth about people living this way and it sounds surprisingly similar to communism also.

I can't really think of any quotes of Jesus that would be in support of capitalism and how it functions as well which leads me to believe further that Jesus' ideals are closer to those of communist than of capitalist.",0.1,Logical,0.4,0.3,0.8,1.1538461538461537,11.799226384364822,56.03469191096636,2
"CMV: Bernie Sanders is right about wealth inequality.
I am a hardcore capitalist. I am not rich... I simply just believe in this. I like the idea that I can become a billionaire through hard work. So the idea of Bernie taxing the hell out of billionaires seemed very off putting to me. Because while it may help me now I thought, IF I got to that position in my life (disregarding the chances of that actually happening) it would just be ridiculous. The taxes I mean.

But I think people think the way I thought because we think oh, well that's not fair. What do poor people do to deserve more wealth? So they can spend it on pizza and video games? But actually after seeing the following:

https://www.youtube.com/watch?v=QPKKQnijnsM (6 min)

https://www.youtube.com/watch?v=DANUXO-GQwU (6 min) -> Demonstrates it in terms of pie.

https://berniesanders.com/issues/how-does-bernie-pay-his-major-plans/

I am now with Bernie on this one. It's just not fair the rich have so much and the middle and lower have so little. And then, you may say, well they're just going to waste money they didn't earn on pizza and video games and what not, but when you look at Bernie's plans... the money is just going towards things just so middle and lower class don't go in unnecessary debt lol. School debt is a scam. Medical debt is also a scam. 

**So now I am pro Bernie. I would like to see if someone has some arguments for the other side taking my entire thought process into account.**",0.3,Logical,0.5,0.5,0.7,0.9047619047619048,5.429599601593626,78.48798505976099,1
"CMV: Religion is man made and most likely entirely fictitious
The entire concept of a written book that god sent down to a human being to spread the word does not make sense to me. A being that has the ability to create the universe, has a son that’s major power is water to wine and walking on water, and was crucified by humans. How do we even know this man existed? Language is man made, and only understood by certain people so it’s an unfair advantage that some get to understand it and others don’t ... what about the people who are never exposed to religion in their lives? How can we live based on a book written thousands of years ago... that you have to actively try to understand and decode. I’d assume God’s message would be more understandable and direct to each being, not the local priest who’s essentially an expert at deflecting and making up explanations using the scripture. 

I grew up in a religious Muslim family and being religious for 16 years made me a better person. I lived as if I was being watched and merited based on my good behaviours so I obviously actively did “good” things. I appreciate the person religion has made me but I’ve grown to believe it is completely fabricated - but it works so people go with it. The closest thing to a “god” I can think of is a collective human consciousness and the unity of all humankind... not a magic man that’s baiting you to sin and will torture you when you do. I mean the latter is more likely to prevent you from doing things that may harm you.. I would like to raise my kids in future the way I was raised but I don’t believe in it and I don’t want to lie and make them delusional. 

I kind of wish I did believe but it’s all nonsensical to me, especially being a scientist now it seems pretty clear it’s all bs. Can anyone attempt to explain the legitimacy of the “supernatural” side of religion and the possibility that it is sent from a god... anything... I used to despise atheism and here I am now. I can’t even force it.",0.2,Passionate,0.8,0.5,0.6,1.1363636363636365,9.200235162374021,64.34868421052633,1
"CMV: If your hamburger/cheeseburger can't fit in my mouth, it's poorly designed.
Listen, if I can't just take a bite of the burger you made me without needing to learn origami to get it down to a manageable size, it's not well crafted, defeats the point of the burger, and detracts from the overall dining experience. 

I don't care if you put Excalibur sticking out the top of it, I shouldn't have to cut it or press it down with the flat of the knife to eat it. I shouldn't have to smoosh the ingredients and juices to hell and back to get it to fit. 

As a side note, if you need a toothpick or some such device to hold your toppings in the burger, it's also poorly designed. I didn't come to your restaurant to finish preparing my own meal. Make your food edible as presented or change the recipe. 

A burger doesn't need to be big to be flavorful. I should be able to enjoy it as is without a hydraulic press.

Edit: I'll clarify that if advertised as such, a massive burger is perfectly acceptable, but if your default ""cheeseburger,"" as ordered, comes out on a forklift, you're just wrong.",-0.1,Humorous,0.1,0.6,0.5,1.625,8.735607843137256,68.76723529411768,0
"CMV: Cultural appropriation is not a thing. Culture is inherently meant to be shared.
I strongly believe that those calling people racist for having a specific hairstyle or wearing a specific style of clothing are assholes. Cultural appropriation isn't a thing. Cultural by it's very nature is meant to be shared, not just with people of one culture, but by people of every culture.


That being said, things such as blackface and straight up making fun of other cultures is not ok... But I wouldn't call that cultural appropriation. If I am white and want to have an afro cause I have curly hair and it looks good, or if I want to wear a kimono because I was immersed in japanese culture and loved the style and meaning, I should be allowed to with no repercussions.",-0.3,Passionate,0.2,0.5,0.4,2.3333333333333335,8.745684306569345,62.861884124087595,0
"CMV: Getting your driver’s license at 16 should not leave you set for the next 80 years.
It is baffling and wildly irresponsible to allow people to continue driving for decades after they originally get their driver’s license with absolutely no follow-up to make sure they are aware of current roadway rules and/or physically capable of driving safely. 

I work as a traffic engineer and the number of older people who don’t understand semi-new concepts (RCIs, flashing yellow arrow, roundabouts) is unacceptable. Obviously some people are just going to be bad drivers regardless, but I can’t even fault these people because they’re never required to learn. 

A lot of issues that I encounter are just old people being old. And to a certain extent, there’s nothing wrong with that. But when you’re going 55 in a 70 or merging on the highway at 30 mph, you’re a danger to yourself and others. 

IMO, you should be required to re-take a driver’s test at age 60 and then continue retaking it every 5 years. Ideally, everyone should just take it every 10 years regardless of age, but the 60 year old rule would at least start to eliminate the people who are physically incapable of driving safely. 

Cars are crazy dangerous. Driving should be a privilege for those with knowledge and ability, not a right for absolutely everyone.

Edit: My experience is with drivers in the Midwest of the US (specifically Wisconsin and Minnesota).",-0.1,Logical,0.9,0.5,0.7,1.1,11.197211934156378,50.8516203703704,1
"CMV: As long as the animals are treated humanely and well, I see no problem in killing them for meat.
(My English is pretty good, but it’s not perfect. Please forgive me if I make any grammar mistakes in the following post!) 


Eating meat has always been a big part of our natural life. Vegans are completely valid in what they choose to do, but I find it a bit odd when they say that eating meat is “animal abuse.”

Animal abuse is a horrible thing. Animals should be treated with kindness and respect, for they are living beings as well. Anyone who chooses to treat an animal with cruelty, abuse, and pain is disgusting. 

However, slaughtering animals in order to eat them does not fall into the category of “abuse.” 

For example, let’s say there is a cow. This cow leads a healthy life with plenty of food, water, and all it needs to survive. Once it’s old enough, it gets killed in a painless, humane way and turned into steak. 

How is that animal abuse? The animal was treated humanely and lived a healthy life (until it’s final day, of course). 

We, as people, need protein. Meat is a way to obtain it. If we treat the animals humanely, it’s okay to eat them in the end. 

(Please don’t downvote me into hell, I’m here for a civil discussion and to possibly have my ideas changed, if backed up by solid reasoning!)

Edit: Although my mind hasn’t been completely changed, everyone’s reasoning has led me to think. I will now do some personal research and try to form a new opinion. I’ll attempt to watch some of the documentaries you’ve recommended to me. Thank you to everyone who has been respectful with their words!",0.8,Logical,0.5,0.6,0.6,1.3125,6.639705159705162,71.42323095823097,0
"CMV: The “my body, my choice” slogan for pro-choice advocates does not benefit their position because opponents of it do not believe it’s just a woman’s body, but that it’s also a child’s life.
Some people believe life begins at conception. Some of those people believe ending any life after conception is murder. That is not my view. That is a pro-life view.

My view is that using the phrase “my body my choice” or suggesting that pro-life is about controlling women misses the point entirely. Pro-life people don’t just believe it’s “your body and your choice” because it’s not just your body, it’s the body and life of a child.

I do believe many pro-life and pro-choice people could be misogynistic, intentionally or unintentionally, but I don’t think that it’s necessarily misogynistic to be pro-life if you only believe that abortion is murder because life begins at conception.

Although, I am open to the possibility that there is some angle that makes this simple pro-life view hypocritical.

For the record I am pro-choice. This isn’t an argument about the merits of aborting unwanted babies, the morals of late term abortions, or the science behind when life begins. This is an argument about the intention behind the stance that abortion is murder and the value of the stance that pro-life is about controlling women.

Edit: wow, so many really great conversations going on here. Genuinely impressed with Reddit. This subreddit has to be one of the best out there. It’s getting hard to keep up with all the comments but I am still reading as much as I can and replying to some new ideas. Thanks so much to everyone who has participated here.",0.7,Logical,0.6,0.3,0.8,1.8636363636363635,9.248533554266778,58.51021955260978,0
"CMV: Cashiers should never be forced to stand if not necessary for their job
Cashiers are rarely allowed to sit in grocery stores, and other retail jobs. Sitting might sometimes affect the ability to perform certain tasks, but cashiers can stand for these, if needed. But in my experience, most cashier duties involve scanning, hitting buttons, and putting things in bags. All of these can be performed while sitting.   

I believe there are work-culture reasons for requiring cashiers to stand that are not based on their ability to perform their job, but based on the ""perception"" of being less alert, or at worst, lazy.  

I do not think most customers care about these perceptions as much as managers and corporate leaders think they do. 

Not all cashiers will care about this, but there are enough cashiers that would greatly benefit from being allowed to sit for health reasons, and for morale reasons.

EDIT: I'm still reading responses and will address or award as much as I can. I tend to give out deltas like candy, but so far, I haven't seen anything even a little compelling. Many people mention how sitting cashiers is common in many  other countries,  which seems to offer solid counterpoints to a lot of the arguments.",0.2,Logical,0.3,0.4,0.7,1.4615384615384615,10.187619047619048,59.42571428571431,2
"CMV: It should be illegal for huge media company's like CNN or Fox News to magnify or spread false information.
There is absolutely no point in doing so. It only makes the world worse.  People rely on the news for everything. You look at the news for weather, information on presidential candidates, information on what's going on around your city, and SOO much more. False information like this really fucks with people's lives and their opinions on important issues. I'm not saying one media company is good to watch and one wrong but look at how many lies fox news has said about the election. If a newscaster wants to state their opinion, they should be obligated to say it is only an OPINION.  Im open to people CMV.",0.0,Passionate,0.1,0.7,0.3,2.0,8.020155038759693,63.09131782945738,1
"CMV: The transgender movement is based entirely on socially-constructed gender stereotypes, and wouldn't exist if we truly just let people do and be what they want.
I want to start by saying that I am not anti-trans, but that I don't think I understand it. It seems to me that if stereotypes about gender like ""boys wear shorts, play video games, and wrestle"" and ""girls wear skirts, put on makeup, and dance"" didn't exist, there wouldn't be a need for the trans movement. If we just let people like what they like, do what they want, and dress how they want, like we should, then there wouldn't be a reason for people to feel like they were born the wrong gender.

Basically, I think that if men could really wear dresses and makeup without being thought of as weird or some kind of drag queen attraction, there wouldn't be as many, or any, male to female trans, and hormonal/surgical transitions wouldn't be a thing. 

Thanks in advance for any responses!",0.4,Logical,0.4,0.3,0.7,0.9,11.910588235294117,60.13431372549023,0
"CMV: Everything is more complexed with Imperial Measurements we need to just switch over to Metric.
I am going to use Cooking which lets be honest is the thing most people use measurements for as my example.

Lets say you want to make some delicious croissants, are you going to use some shitty American recipe or are you going to use a French Recipe? I'd bet most people would use a French recipe. Well how the fuck am I supposed to use the recipe below when everything (measuring tools) is in Imperial units. You can't measure out grams. So you are forced to either make a shitty conversion that messes with the exact ratios or you have to make the awful American recopies.

Not just with cooking though, if you are trying to build a house (which is cheaper than buying a prebuilt house) you could just use the power of 10 to make everything precise which would be ideal or you have to constantly convert 12 inches in a foot and 3 feet in a yard not even talking about how stupid the measurements get once you go above that.

10 mm = 1cm, 10 cm = 1dm, 10 dm = 1m and so on. But yeah lets keep using Imperial like fucking cave men.",-0.6,Sarcastic,0.1,0.8,0.7,1.5454545454545454,9.281319248826296,66.45775352112679,3
"CMV: Biden’s vaccine “mandate” has a multitude of precedence. It will not send the US into some authoritarian regime.
The Supreme Court already ruled 7-2 on the side of compulsory vaccines in 1905. The court decided that the right to individual liberty in regards to vaccination is not above the rights of the collective. This is just one case of precedence out of dozens.

[Jacobson vs. Massachusetts](https://en.m.wikipedia.org/wiki/Jacobson_v._Massachusetts) didn’t change the US into a big authoritarian regime. 

The Court held that ""in every well ordered society charged with the duty of conserving the safety of its members the rights of the individual in respect of his liberty may at times, under the pressure of great dangers, be subjected to such restraint, to be enforced by reasonable regulations, as the safety of the general public may demand"" and that ""real liberty for all could not exist under the operation of a principle which recognizes the right of each individual person to use his own liberty, whether in respect of his person or his property, regardless of the injury that may be done to others.”

Massachusetts was allowed to enforce their fines on those who chose not to receive the small pox vaccine. 

People need to chill. You still have the right to not get the vaccine. They’re not even fining you like they did in 1905. You just have to get tested weekly. If your employer decides they don’t want to keep you around as a result of your refusal, that is the right of the business.",-0.1,Logical,0.6,0.3,0.8,1.4444444444444444,10.245882352941177,56.54185520361992,1
"CMV: If a mental illness means you behave in a way that upsets or hurts someone, you still owe them an apology, or at least, an explanation.
So this is a discussion I’ve been having with a friend who suffers from anxiety, and one of our sticking points is that some mental illnesses can result in behaviour that might potentially upset people. She’s stated that on occasion, she struggles to stay in contact with people she feels she might have upset, which in turn makes them feel like they’re being iced out, as an example. However, what we disagree on is whether or not that person is then owed an apology, since the circumstances leading to the problem are out of the sufferer’s control.

Just to be clear, when I say hurt, I mean any emotional distress, not physical injury.

My argument for thinking an apology is necessary is twofold:

1. I don’t necessarily view an apology as an admission of voluntary wrongdoing, rather an acknowledgment of hurt caused. So in essence, by apologising, you’re acknowledging the feelings of the person you’ve hurt and accepting that your actions hurt them, voluntary or not. As such, you should apologise out of regard and concern for their well-being

2. We would expect reciprocal apologies if said friend unknowingly did something to trigger the mental illness or cause harm due to it. To borrow my friend’s example of anxiety again, we speak on almost a daily basis, but during a period of exams, I didn’t respond for almost a week. This was not intentional, and I had no idea it would upset her to the extent it did, made worse by her anxiety. I still apologised, as my actions had caused her distress. 

I would really like to understand any perspectives against this, and am open to having my view changed, since I’m aware my opinion on this comes from a place of privilege and relative ignorance.",0.5,Logical,0.5,0.5,0.8,1.0588235294117647,11.754850088183424,52.006111111111125,1
"CMV: The “alt right” does not reflect real conservatives in the slightest. As a conservative, it’s incredibly frustrating to watch.
Ok, what the hell is going on with the Republican Party? What even is a conservative anymore? Every conservative I talk to just spews on about how they love trump and what he is doing. Do they even care about real conservatism? Do they care about the free market, hands off government, lower taxes? Literally the only issue I hear about is tighter regulation of borders which I 100 percent agree with. Their solution however is to build a taller wall, yes what a genius plan. They all love it to. “Build the wall!” “Lock her up!” “Drain the swamp”. Just stop. What happened to real conservatism in America because this is beyond stupid.",-0.4,Passionate,0.6,0.8,0.6,1.625,6.4592750533049035,65.80059701492539,1
"CMV: Warren and Sanders are not radicals, they are moderate social democrats by European standards
This view is based on some doing some basic research on both Sander's and Warren's websites. They both have proposed systemic changes that will tackle economic inequality. Progressive taxation, a wealth tax, a higher minimum wage, etc. It's mostly about reversing the past few decades that reduced taxes on the wealthy and allowing wages to stagnate. I don't see anything radical there. Anything too radical or against the constitution would be challenged in the courts which are currently conservative. So I think all this worry about Sanders and Warren is not based on anything they've put forward. It's more of a knee-jerk reaction to change. Change that a lot of people in the working class would like to see and benefit the most from.",0.1,Logical,0.4,0.2,0.7,2.8333333333333335,9.364268585131896,55.433709032773805,1
"CMV: The sexual assault accusations against Biden are a big deal.
I can't see why the accusations against Biden are any less significant (and they are perhaps worse) than the accusations against Kavanaugh. It seems this reality, and the timing of the accusations (or at least the recent escalation of the accusations) are so challenging, that the Left is not really dealing with them yet, or has decided not to deal with them - instead going into 'circle the wagons' mode.  So when I say ""big deal"" I mean this is something not being discussed much in the Left that could lead to A) Biden losing the election, B) Biden somehow being replaced with another Dem,  C) A last minute third party candidate steps in and gains favorability (e.g. Mark Cuban) - or all of the above.  I'm interested to hear why I have this wrong, and why it really isn't that big of a big deal.  Or, if in agreement with my view -  what can or should be done at this late stage for those who'd prefer not to have Trump win by default.  (Ideally, it would be great to avoid a lot of ""I told you so"" comments since I'm not arguing a position about who should or shouldn't have been nominated.)

**EDIT: Well that escalated quickly...**

Wow - hanks for all of the great comments! The analysis and debate among CMVers, is so much better than you can get anywhere else. I probably owe a few more deltas when I get more time. Here’s a summary of some highlights so far (paraphrasing in italics):

*Kavanaugh is Different*

One area of this argument that I think is interesting and that I hadn’t thought about: *Urgency*.  There was an urgency to scrutinize BK’s background. None of us knew who BK was (rightly or wrongly), then suddenly he’s up for a lifetime appointment with GOP fast-tracking on the back of the Merrick Garland shenanigan So, even to a non-partisan, the need to evaluate Ford’s claims, and the media’s handling of the issue as something that needed to be urgently discussed seems more reasonable in contrast to Biden’s long career in the spotlight and gradual ramping towards President.  In general, I can give Democrats some credit for not having an ideal situation to set the standards for ""how to look into allegations"" given that handling the matter in a diligent and measured way was not really an option at the time.  Holding the media and Democrats to the standards set by BK-gate

*The 'true left' IS treating this as a big deal.*

My view on this was partially motivated by the fact that Bernie endorsed Biden after the allegations were known. So while there may be a strong reaction in some sectors of the Left, the reaction is either not a big deal or it hasn’t been “processed” yet by at least one person on the Left who matters in my view.

*The witness isn’t credible, because of recent behavior.*

I completely agree that the accuser may not be credible and commenters pointed at many good issues to look at. That said, the NYT reported there are 4-ish people who corroborate, to varying degrees, that something did happen in the early 90’s. This undermines the idea that the story was recently fabricated - even if the decision to publicize now is dubious. I credit the NYT and others for reporting this, but the degree to which they are covering her story, vs. the circumstantial evidence against her credibility seems disproportionate given past precedent. I suspect that has to do with the media being under a great deal of scrutiny to defend why they didn’t report on the matter more proactively sooner.

*Innocent until proven guilty*

Interestingly, this view seems to be held by conservatives and liberals. The MeToo movement has put forward the idea that the conventional methods that we use to determine someone’s guilt or innocence have failed women (i.e. Crosby, Weinstein) and these methods need to adapt to take into consideration the power dynamic between accusers and perpetrators. The dynamic explains why a victim might continue to have a cordial public relationship with a perpetrator, when this type of thing might have formerly have proven a perpetrator ‘not guilty.’ Whether you agree with this line of thinking on not, my assertion is that this belief is held by a large enough number of Democrats and that it creates a problem with no easy answers in the Biden case.

**EDIT 2**

*Why not compare Biden to Trump?*

I guess I should explain that I don't think most voters are comparing Trump to Biden.  Most voters these days are either in one camp or the other.  The Right does not seem to care much about sexual misconduct unless it involves a figure that they can use as an example of hypocrisy of the Left. (Clinton, Weinstein etc.). So I don't think Trump's history is that relevant to what I mean by ""a big deal"" i.e. something that could influence the election.  It just doesn't really matter what Trump does at this point.  If he could shoot someone at Park avenue and get away with it, imagine what he could do to a woman?

But the Left does care about it.  The BK scandal is symbolic of the standard that the Left has set to deal with partially-corroborated accusations of sexual misconduct from the past against a powerful figure being considered for a high Political office. So that's why it is relevant in my analysis.

**EDIT 3**

I looks like Reade's mother may have ""corroborated"" her story in the 90's, removing another pillar in the ""Reade is a politically motivated hack"" narrative.   I can't reply to every individual post on this, but it seems to underscore the misguidedness of assuming Ford is automatically credible, while Reade must be held to a different standard.

&#x200B;",0.6,Logical,0.6,0.4,0.8,1.3454545454545455,11.092748466257671,54.24253783231086,4
"CMV: A lot of leftist issues are very important and benefit everyone, but they are terribly marketed, alienating potential supporters.
This applies to a wide range of things I see discussed in today's talking points put forward by the left part of the political spectrum. To give some examples I'd mention gender issues, the ongoing controversy around good policing or race issues. 

Maybe my view of humankind is just way too optimistic, but it seems the disagreement isn't as big as it's made out to be, and many people people could be convinced by minor adaptions of the arguments.

To go into one of these in depth: On the issue of whiteness, many people feel personally attacked, by the way things are discussed. Of course I understand the frustration of having to deal with that, instead of just dismissing it as nonsense or at least irrelevant in comparison, when there's some issues that need fixing like yesterday. But the way it plays out it's a PR desaster, and I believe it's very understandable that some people are pushing back on policies, that in fact really need to be introduced.

And in the end, we live in a democracy, so as right as you might be, you need the majority behind you. Therefore, as frustrating as it might be, you need to work on convincing everyone you can. And so one has to tread more carefully, even if it sucks.

Edit, because one counterargument keeps popping up: I'm obviously not saying you can convince a Nazi by just talking cozy to him, and I had tried to make that clear in my post. But my view is that more people are inclined to listen than is commonly stated.

Also: Of course it is a wise strategical decision to influence voter turnout over voter decision, but the general consensus seems to be that only the former is possible. My standpoint would be that the latter is underrated. Convince me otherwise (maybe scientific studies).

Edit: Thanks for answering, trying to keep up with 400+ comments wasn't easy but I read all of them and tried to answer most. Seems my view isn't as uncommon as I would've thought. Looking forward to read the rest when I wake up.",0.5,Logical,0.5,0.4,0.8,0.8823529411764706,10.3766,57.77396666666667,1
"CMV: People who have been wrongfully imprisoned should automatically be compensated for their time in prison to such an extent that they can live a comfortable lifestyle.
The main focus of my stance is people who have served long sentences for serious crimes such as those wrongfully convicted of murder or rape and released decades after their conviction although I would also support some form of compensation for lesser sentences for lesser crimes.  But the main focus of this CMV should be those convicted of major crimes such as murder who have spent many years in prison before their release.

One concept we have in American justice is the idea that someone who is sent to prison is ""paying their debt to society"".  The premise behind this is that a crime causes harm to society to a whole and having the criminal give up his or her quality of life for some time balance the scales.  If said person faced the same punishment without having owned that debt then the reverse must be true, society owes them a debt.  Since it is impossible to give them extra years on their life, the next best thing is to make the remaining years they have left as good as possible and financial compensation is the best way to do that.

The job market can be hard enough for anyone, let alone someone with a huge gap in their employment history.  Even if it is understood that the conviction was reversed there may be some employers who may be prejudiced against that person, maybe they feel that it's possible that they actually were guilty and don't want to hire them.  Even without such prejudice, it's hard to imagine a scenario in which a person with 15 years of experience would not get a job over someone who had 15 years of no job experience because they were in prison, save for an employer wanting to be charitable.  

Finally there is the concept of time away from ""life"".  Think about the things that you enjoy, that make life worth living.  Whether that be time with friends, family, travelling, going to concerts, or simply taking a walk outside, imagine having years taken from your life where you couldn't do these things.  Most people spend a large portion of their waking hours working to sustain a lifestyle of these things in their free time.  I spend time away from my wife at work, so that the time I do get to spend with her after work and on weekends is enjoyable and that we have necessities such as food and shelter.  Someone who has been wrongfully imprisoned shouldn't have to spend their time doing anything other than trying to make up for lost time.  They should be able to spend every day with their family and friends and just relaxing, doing things most of us hope to do in retirement.

But maybe there's something I missed, if you feel differently, see if you can change my view.
_____

> *This is a footnote from the CMV moderators. We'd like to remind you of a couple of things. Firstly, please* ***[read through our rules](http://www.reddit.com/r/changemyview/wiki/rules)***. *If you see a comment that has broken one, it is more effective to report it than downvote it. Speaking of which,* ***[downvotes don't change views](http://www.reddit.com/r/changemyview/wiki/guidelines#wiki_upvoting.2Fdownvoting)****! Any questions or concerns? Feel free to* ***[message us](http://www.reddit.com/message/compose?to=/r/changemyview)***. *Happy CMVing!*",0.3,Logical,0.3,0.6,0.8,1.9545454545454546,10.84959456328674,60.87482276623679,3
"CMV: r/unpopularopinion is no longer for actually unpopular opinions, just ""hot takes""
None of the opinions that make it to the top of r/unpopularopinion are controversial or unpopular. They're just opinions that nobody really thinks about at first and typically will agree with because they make sense. When was the last time you saw an ""unpopular"" opinion on that subreddit that you disagreed with? 

Heck, even this post is just a ""hot take"" of the subreddit. I guarantee what I'm saying isn't unpopular, because it's true. A good post for this subreddit would be a truly unpopular opinion that few would agree with at first, but could either A) Understand why someone would have the opinion, or B) Be swayed to have a different opinion.

Just my ""unpopular"" opinion.

EDIT: I want to clarify a couple of things:

First, when I say ""hot take,"" I'm referring to an opinion about a topic that is not widely disagreed with, but is simply an opinion that doesn't occur to people very often. An example I am using is [this](https://www.reddit.com/r/unpopularopinion/comments/hssz4s/disney_people_are_weird/) post, which is currently trending on the subreddit. No one would disagree with this opinion, but nobody ever thinks to themselves ""Gee, those people are weird.""

A second thing I want to make clear is that r/unpopularopinion obviously defines what is ""popular"" by what is widely agreed upon by most people. The subbredit tells you to upvote what you disagree with and downvote what you agree with. The problem with this is that nobody really listens to that rule anyway, so you end up with people upvoting posts that they agree with, and thus, you have posts at the top of the subreddit that are only there because people agree with them. Also, the subbredit's sidebar makes it very clear it is a *discussion* subreddit. The problem with that is you can't discuss something you already agree with and just didn't think of before. For practical discussion about two different viewpoints to exist, there has to be some disagreement. And there just is very little of that in r/unpopularopinion anymore.

Several people have suggested sorting the subreddit by controversial to enhance the experience. I agree with this, but it doesn't really change my view about the subbredit overall being not what it's supposed to be.",0.0,Logical,0.2,0.2,0.8,0.7105263157894737,10.754193992835493,53.77004271149079,1
"CMV: The most efficient way to end police brutality is to make cops criminally liable for their actions on the job and stop funding their legal defense with public money.
I think this is the fastest way to reduce incidents of police brutality. Simply make them accountable the same as everyone else for their choices.

If violent cops had to pay their own legal fees and were held to a higher standard of conduct there would be very few violent cops left on the street in six months.

The system is designed to insulate them against criminal and civil action to prevent frivolous lawsuits from causing decay to civil order, but this has led to an even worse problem, with an even bigger impact on civil order.

If police unions want to foot the bill, let them, but stop taking taxpayer money to defend violent cops accused of injuring/killing taxpayers. It's a broken system that needs to change.",0.0,Logical,0.2,0.4,0.8,3.0,11.062224231464743,55.954113924050645,0
"CMV: The leadership of the US republican party is no longer interested in maintaining a fully democratic system.
I'll start with a disclaimer: this post will reference some things Trump did, but it's not about Trump directly. Rather it's about the current leadership of the republican party, which I'll simply refer to as the GOP.

My thesis is this: the GOP has known for some several decades that it's voter base is shrinking. It's response has increasingly been to target the systems and institutions underpinning democracy. During the Trump presidency at the latest the GOP has decided to take the next step and interfere in the elections directly to stay in power.

The GOP has known for some decades that demographic trends do not favor it's traditional base. Faced with that, there have been repeated debates about whether it's appeal needs to broaden. However, time and again the decision was made to focus on the already highly mobilised core voters rather than try to open up. The tea party movement has given the latest big push in that direction.

At the same time, political taboos have started falling, and it has been the GOP leading the push in most cases. REDMAP was a coordinated effort at gerrymandering. Citizens United was a conservative platform. Under Mitch McConnell, the US senate has become a graveyard of bills. A supreme court nomination was held up for months for Partisan reasons.

Now, a president is in office, backed by the GOP, who openly calls the election into question, has instated a personal friend with no obvious qualifications at the head of the postal service and is suggesting his supporters try voter fraud to see if the system is really safe. A president who is already on record soliciting foreign aid in his re-election By their continued support, the GOP is all but openly admitting that they do not care about the integrity of the election.

Now I am not suggesting the GOP will set up Trump as a dictator on November 4th. But neither will they accept the result of the election. They will do what they think they can get away with, until they have a grip on power that's no longer dependant on actual votes. I don't know whether they already know what their preferred end result looks like. But it does seem to me that genuine respect for democracy no longer features in it.",0.0,Logical,0.2,0.4,0.8,1.04,9.942180239115725,56.40879483419806,2
"CMV: the body positive movement should be based around people with unchangeable disabilities, not people who are overweight.

I believe that overweight or even underweight people should very much be part of the body positive movement and should remain that way. However they should not be the figurehead of the movement as a whole.

As I have found before, many people use the body positive movement as a excuse for not striving to change their BMI or their possibly fatal circumstances. A persons body weight, as I have found can at the very least be helped.

On the other hand, people who do not have control over their circumstances with their own body (someone with Down syndrome or people with other visible disabilities beyond their control etc.) often are not seen as a major part of the movement despite needing the support that the movement has to offer. 

I know this has flaws, but I would like to know an opposing view on the matter.",0.2,Logical,0.2,0.3,0.7,2.0,10.332537878787878,57.71880681818186,0
"CMV: Waving the confederate flag is more disrespectful to the American flag than kneeling during the national anthem.
This post probably isn’t for people who don’t think kneeling is disrespectful to the flag to begin with. But I feel there is a portion of the US population in the South that is adamant that you must stand for the national anthem but are also partial to displaying the confederate flag.

While the argument about what kneeling is really about has probably been in numerous other posts, some still believe it’s an insult to the American flag as well as the US military. Despite it being made clear the protest is not about the flag or the military people still think that performing the protest during the anthem and while the flag is specifically on display is disrespectful regardless of the intention.

In this regard, any display of the confederate flag, other than in a completely unambiguously historical context, is far more disrespectful to the American flag than kneeling is. Flying the confederate flag as a source of pride, even if it’s just pride of your own ancestry, is demonstrating that you are proud of a side that fought against what the current flag stands for now. It’s not to be confused with a state flag or anything like that. It’s a flag that specifically represents a way of life that the current flag is against.

I don’t necessarily want this to turn into an argument that the confederate flag isn’t about slavery, my case is that the confederate flag clearly represents a time when the country was divided and the confederate side lost, so still flying a confederate flag shows a continued act of divisiveness towards other Americans when the argument is that the American flag is a sign of unity. It would be similar to claiming you’re flying the Union Jack flag to show American patriotism. The Union Jack and confederate flag both represent losing sides of attempts to make America into something different than what it is now, so any claim to have pride in those flags is not American pride or patriotism, which is indirect conflict with true American patriotism and therefore disrespectful to the idea of what the American flag represents.

As mentioned above, I’m perfectly fine with anything being represented in an historical context. History is crucial and required for education. But there’s a pretty clear distinction between historical representation and what I’m talking about, so I’d rather not use this post to debate historical relevance.

CMV that if you think kneeling is disrespectful to the American flag then you should also think flying the confederate flag is disrespectful to the American flag, and even more so.",0.1,Logical,0.3,0.5,0.8,1.4444444444444444,14.902721238938053,38.53381637168141,0
"CMV: All these new cryptos plastered all over the front page are no different than your classic MLMs
Pretty much title. All the shit that is constantly being upvoted in the crypto moonshot sub and everywhere else that are constantly at the top of /r/all are no different than your classic MLMs. You’re hoping you can trick a bunch of people into buying after you so you can sell and make money at their expense.  

Apparently my first time I posted this it wasn’t long enough, so I’ll go on for a little bit longer to avoid having my post automatically removed. 

TL;DR 

If you see people pushing obvious bullshit like $YEET, be smart and don’t believe everything you read.",-0.3,Sarcastic,0.1,0.3,0.6,0.9230769230769231,10.781666666666666,60.51000000000003,0
"CMV: The Prophet Muhammad, claimed under Islam as the Most Moral of All Men, was a child rapist.
The hadiths make it clear that he took his wife Aisha for marriage when she was 6. Many Muhammad apologists try to say she was actually much older and the Hadiths in question can't be trusted since they aren't ""the word of Allah"".. even though many are first hand accounts of the girl herself. By following the logic that the hadiths can't be trusted  then we would have little to no knowledge of Muhammad himself and also getting rid of the hadiths turns the Quran into mound of disconnected contextless writings. The Hadith's in question :

* Narrated 'Aisha: I used to play with the dolls in the presence of the Prophet, and my girl friends also used to play with me. When Allah's Apostle used to enter (my dwelling place) they used to hide themselves, but the Prophet would call them to join and play with me. (The playing with the dolls and similar images is forbidden, but it was allowed for 'Aisha at that time, as she was a little girl, not yet reached the age of puberty.) (Fateh-al-Bari page 143, Vol.13) Sahih Bukhari 8:73:151
* 'A'isha (Allah be pleased with her) reported that Allah's Apostle (may peace be upon him) married her when she was seven years old, and he was taken to his house as a bride when she was nine, and her dolls were with her; and when he (the Holy Prophet) died she was eighteen years old. Sahih Muslim 8:3311
* A’ishah said : I used to play with dolls. Sometimes the Apostle of Allah (may peace be upon him) entered upon me when the girls were with me. When he came in, they went out, and when he went out, they came in."" Sunan Abu Dawud 4913 (Ahmad Hasan Ref)
* It was narrated that 'Aishah said: ""The Messenger of Allah married me when I was six, and consummated the marriage with me when I was nine, and I used to play with dolls."" (Sahih) Sunan an-Nasa'i 4:26:3380
* It was narrated that 'Aishah said: ""I used to play with dolls when I was with the Messenger of Allah, and he used to bring my friends to me to play with me."" (Sahih) Sunan Ibn Majah 3:9:198
* Aisha said she was nine years old when the act of consummation took place and she had her dolls with her. Mishkat al-Masabih, Vol. 2, p 77

Many defenders also like to point to the context at the time being normal for child brides to take place. Agreed! It was! However again he is a prophet and he is the most moral of all men, there is no way to in todays day and age give him a pass and say its ok to that he only be held to the standards of the society around him at the time, He was founding an entire religion, he was a ""holy man"" so he should be rightly held to a higher standard, to which he has failed.

&#x200B;

\*EDIT\*  Please see my reply to  u/[Subtleiaint](https://www.reddit.com/user/Subtleiaint/) for extensive additional sources

\*EDIT2\* Alright been replying for the better part of 4 hours, plenty of good discussions. Also I want to make it clear that while  pointing out that Muhammad may have engaged in some very problematic practices, I'm not attempting to make a blanket commentary on modern day Islam or modern day Muslims, so for those of you that are trying, please stop turning it into that. That said I will have to come back later to continue the discussions and replies.",0.0,Logical,0.6,0.8,0.8,1.6111111111111112,10.824557495484648,66.3553913305238,1
"CMV: Social media influencers are one of the worst phenomenon born from the technological age
**UPDATE**: Okay, I have read almost everyone's comments and replies, I know I have not responded to all but this blew up a little beyond the scope of my responding capabilities. 

**My view has been changed but not reversed!**

I see now that my argument was both too broad in some parts and too narrow in others. The fact that the term 'social media influencer' applies to such a sheer number of different types of people led to some problems. Problems that defining *which* kind of influencer I was referring to did not solve. 

I agree that it was too much of a blanket term and there are people out there who would be considered influencers by your average Joe who do make a positive impact on people and who are not really contributing to the negative effects on society that the root of my argument or view is based on.

The problems I was arguing against are not necessarily caused *only* by the influencers I had in mind but more a combination of technology and the negative aspects of human nature. Humans have always been self centered, irrational and greedy. Some more than others. Most of us only experience these natures on a mild level in our day-to-day lives. However, introduce technology and it blows these natures waaay out of the scope where they can be controlled easily. 

My view has now encompassed technology as more of a culprit that I gave it credit for and less blame is placed on the influencers themselves. While influencer culture continues to perpetuate the obsession with self and the saturation of advertisements in our daily lives, it is only a symptom of the digital age, and not the only cause for all the problems I am seeing. 

Here is an example of the road I was arguing against - https://legacytoys.com/products/selfie-phone

A selfie phone for babies 3+ months. I also failed to mention that there are baby influencers out there, too many to even fathom. Parents are doing this to their children before they can even walk. This is very concerning. This is the *mentality* I was arguing against. How does a child learn humility and self reflection in this environment? How to they know the true meaning of privacy or solitude?

This is not the same as paintings or self portraits. Here is an article a commenter sent me - https://conasur.com/from-self-portraits-to-selfies-evolution-self-expression/

It actually strengthens my argument. The journalist in this article is deluded into thinking that the self reflective and expressive self portraits of Van Gogh or Frida Khalo are comparable to the millions of selfies posted online everyday. Here is a quote-

""Constant selfie-taking keeps people more conscious of their appearance [what happened to mirrors?], and allows them to share images of themselves that document where they’ve been and what they’ve accomplished""

I should not have to explain what is wrong with that statement when it is being used to try and equate the self portraits of masters to selfies from teenagers in their room. Am I saying holiday photos are bad? No. Should you never take a selfie? Of course not. But do not delude yourself into thinking that this carries the same weight or meaning behind it as the self portraits Frida Kahlo made exploring her life, Mexican culture and her inner turmoil (as the article even quotes itself!!). Or any other artist for that matter. 

**So, technology is at the root of this and it's ability to encourage the worst parts of human nature thrive.** I agree that this is something that I should not really have my view changed on. My initial intentions were based on the fact that I strongly believed in my first argument but because of how strongly I believed it, I wanted to see if I was really right, could it be challenged. And it could, but I think about my first argument as a crude half carved block of wood, and now it is a more refined. 

The real problem is ourselves and human nature and the weakening grasp we have over these negative aspects of ourselves as a society. A result of the almost obnoxious rate technology has transformed our lives. 

Oh and by the way, a lot of people seem to assume that I am male. I'm not. :D There will be some of you that *really* think I am just a hater now I guess. 

Thank you to all who commented and conversed with me! This was a learning experience and I am grateful for the people who pointed out some flaws in my argument. I will be going back and awarding a few more deltas to the comments that contributed to this redirection in my view. 


**Original Post**:


They serve to advertise and that is it. They advertise for companies and they advertise for themselves. They are ignorantly complicit in helping to fuel the the consumerism and narcissism prevalent in society. 

The ability to become a social media influencer feeds the inate narcissistic aspect of human nature. A society of narcissists is a doomed society. 

They are are not and should never be viewed as role models. And when I say social media influencers I mean the ones who are just peddling garbage. Others who may be deemed as influencers but are actually just doing it as a side profession to say personal training etc are still not great imo but are not the subject of this particular view.

I am talking about the people who's feed is just pictures of them with various products. A vanity tour. A charade of life. I am interested to see if anyone can change my view my disdain for these people is quite strong.

Being an influencer should not be an aspiration for children or anyone. It is a detrimental role in society and also for the individual.

EDIT: thank you for the gold Internet stranger

EDIT 2: the focus of some peoples counterarguments is getting bogged down on the definition of influencer. I will agree that social media influencer was maybe too much of a blanket term and perhaps the way I explained what *kind* of influencer I am referring to was not as clear as it could have been.

I mean the kind of influencers who the influencer courses and classes are trying to create. The fact those things exist should be concerning. A class on how to be self centred? The sole purpose just to be an influencer, just to post pictures of yourself so that you get enough attention and likes and followers so companies will start paying you to promote shitty or dangerous products. I have witnessed the evolution of one in a distant social circle. There are influencer agents and agencies, all cultivating more and more of these attention addicted, vacuous people.

Placing more and more value on this as a professional is what is damaging. I know I can unfollow these people. The aspiration to become one is more detrimental than being exposed to them,  but its hard to separate the two in most cases.

If anything I now realise this is a more complex issue than I originally gave it credit.",0.4,Passionate,0.5,0.8,0.7,1.3582089552238805,9.24994407614533,60.884812784711684,6
"CMV: ""Demilitarize the police"" makes more sense as a slogan than ""defund the police""
The classic rationale for defunding the police is that they shouldn't need armored vehicles and the latest military gear to enforce law and order. Sure, but the vibe of ""defund"" means that you are going to restrict police's access to *money* in general - money that can be spent on training for nonlethal deescalation methods. Clearly we are not as concerned about the police's access to public *funds* in general as we are of the *manner* in which they spend those funds. Would we not want a police department that splurges on educating their officers on saving lives?

A second rationale is that police aren't supposed to do the jobs of social workers or therapists. Maybe, but we can already see that in places like the UK and [South Korea](https://news.yahoo.com/south-korea-could-teach-america-194200523.html), police officers are entirely capable of being friendly neighborhood guardians that are able to work closely with the community while still retaining an authority role.

This of course doesn't take into consideration that perhaps the police *need* to be militarized to deal with armed violence in certain communities. Perhaps in that case, a demilitarization of American *society* at large is in order.

EDIT: There are way too many replies now to respond to all of them, but thanks for the engagement!",0.0,Logical,0.3,0.3,0.8,1.6666666666666667,13.080952380952382,45.608492063492065,0
"CMV: Any person the age of 25 or older should not be denied a tubual ligation or vasectomy if they request one.
It's a common occurrence for men and women seeking a  vasectomy or tubual ligation to have their request denied, even if they are in their late twenties or early to mid 30s.

My view is that whether they already have children or not, no person should be denied a sterilization procedure if they are aged 25 or older.

The reason I say 25, is because that is the age that your frontal lobe is fully formed. And becuase of that you are able to make rational decisions. By the age of 25+, you have a third of your life behind you. You have been an adult for nearly a decade, and have had plenty of time to think about what you want or don't want in life, including if you do or don't want children. Therefore a person in their mid to late twenties is very sure of their decisions, even if it's a decision to have a permanent sterilization procedure.",0.0,Logical,0.4,0.3,0.8,1.75,9.902834699453553,64.80703893442626,0
"CMV: If Catholics Believe Nuns Are Married to Christ, and Bread Is the Body of Christ, Nuns Should Be Allowed to Have Sex With Bread.
This assumes the bread is consecrated, as in the eucharist. As I see it, if Catholics believe that:

Sex within marriage is allowed, but outside of marriage is sinful;
Nuns are married to Christ;
The eucharist transubstantiates into the literal body of Christ;

then it follows that they should be able to have sex with said bread. 

The only possible counterexample I can think of is that procreation is impossible via sex with bread, but, from some Googling, it appears that Catholics are still able to have sex within marriage after conception is no longer possible (i.e., post-menopause) as long as they do not actively try and prevent conception (source [here](https://www.ncregister.com/blog/sex-and-catholics-our-views-briefly-explained)). I can't imagine an objection based on non-monogamy given the inherent non-monogamy of all nuns being married to Christ.

Please change my view, this thought is haunting me.",0.1,Humorous,0.3,0.2,0.9,1.7777777777777777,12.19439024390244,56.31849593495936,0
"CMV: PragerU should not be allowed to call itself a ""university.""
[PragerU](https://en.wikipedia.org/wiki/PragerU) is an American media company that specializes in producing propaganda for the [American conservative ideology](https://en.wikipedia.org/wiki/Conservatism_in_the_United_States#:~:text=Conservatism%20in%20the%20United%20States%20is%20a%20political%20and%20social,%2C%20protectionism%2C%20anti%2Dcommunism%2C). Their YouTube channel has over 2.85 million subscribers and their videos are (collectively) viewed billions of times each year. Their content is far from the political center, even ([arguably](https://www.splcenter.org/hatewatch/2018/06/07/prageru%E2%80%99s-influence)) extreme and far right, and often fails to pass [the most basic scrutiny](https://bridge.georgetown.edu/research/factsheet-prageru/) (in terms of factual references and logical conclusions).

They should not be allowed to use the term ""university"" in their name.

(EDIT 2: Uh . . . wow. Okay, I knew this would be a controversial topic but I wasn't expecting *this* kind of response. For the sake of authenticity, I'm not going to change anything already written here. It's clear that my initial argument wasn't as strong as I could have made it. Instead, I want to provide clarification below. Anything after the EDIT notes is new(ish) material.)

(Many thanks for the awards and as I stated yesterday, I will try to get around to giving deltas in the comments. I consider any slight change in my perspective as being worth the recognition, including just offering clarification on something.)

My argument rests on three key considerations:

1. The word carries a specific connotation, that of a respected institution dedicated to the advancement of knowledge and learning in the world. By using this word in the title of their organization, Prager is creating a positive association between their platform and an officially recognized institution of higher education. (Although the organization specifically states they are not a university, nor have they ever claimed to be, this is partly a lie by virtue of their use of the term. In other words, why use the word if they're not trying to communicate a specific message about their status as a platform for spreading media content, ""education"" (i.e. rhetoric) and propaganda?)
2. There exists a process by which a higher education center can be given the title of ""university."" This process is a self-policing one, as the organizations responsible for assigning (and reviewing) accreditation status are independent (i.e. civilian-based) and are only beholden to the government in specific instances. In theory, an organization can establish standards for certifying an institution as a university while failing to meet the government's criteria and their process would be acceptable on the basis that they're consistent and independent from the universities they certify. (Most accreditation organizations actively work to meet the government's standards because running a university is something of a business and the government guarantees cash flow in the form of student loans; yet a certifying body that fails to meet this criteria could still theoretically function in its primary role.)
3. If we consider other organizations with ""official"" terms in their titles, we find that one cannot simply give themselves the name without having the proper certification or backing. There are no civilian police or firefighting organizations, for instance; likewise, a hospital must meet strict standards before it can call itself a hospital. Allowing the opposite only harms public trust in these institutions and make it harder for the official organizations to provide their service.

I am not advocating for restricting an individual's or organization's freedom of expression. This is not an anti-free speech position. Rather, I'm saying that certain institutions are deserving of respect and a position of importance in our society, and that a person or organization should not label themselves as one of these institutions without first meeting criteria established by an independent body composed of members from that professional field.

PragerU does not claim to be a university and does not offer degrees, but those facts are buried in their resources; they're not made front and center in their presentation of themselves to the public. They know what they're doing: they're using the title ""university"" to create an association in the public's mind, however small or tenuous, as a means to bolster their arguments and help spread their propaganda. This harms public trust in actual universities (and in the value of obtaining a university degree); it's deceitful and misleading; and since PragerU admits to not having obtained accreditation, they should not be allowed to use the word as part of their name.\*

(side note: I believe this standard should apply to all organizations that fail to meet accreditation standards, regardless of the education or services they provide. I also believe we should establish stricter standards for organizations that wish to add ""News"" to their title, in an effort to reinforce public trust in journalism.)

Change my view.

EDIT: Many excellent points have been brought up so far and I thank you all for the discussion. I have other obligations for the evening but I shall return to review and award deltas as appropriate.  (I suspect there's more than a few deserving below).

\*Also, I want to make a clarification: my statement about Prager not making their ""not a university"" status apparent is based on my first exposure to the organization. I can see now that it's easier than I recall to determine that they're not, in fact, an institution to be taken seriously.

However . . . I have personal experience with friends and family who do take them seriously, and I find this very disturbing (for many reasons, yes, but mainly because no one should be quoting them in a serious discussion).

EDIT 2: ok, here goes . . .

First, ""anyone who would think PragerU is a real university is . . ."" If we take this in the best possible light, it means that Prager is *obviously* not a real university in the same way that Brazzers is *obviously* not a place for higher education.

This does not excuse the fact that Prager is holding itself out to be some sort of educational institute. If you search for ""PragerU"" in Google, the second hit is to the Wikpedia page, which explains that the name is short for ""Prager University."" When you go to their YouTube page, the design and aesthetics, coupled with the use of the word ""university"" in their name, suggests that the channel belongs to a legitimate university and is being provided as a free educational service for the general public.

If we go to Prager's site, specifically their ""about"" page, we find this:

>Prager University is the world's leading conservative nonprofit that is focused on changing minds through the creative use of digital media. 

Doesn't say they're *not* a proper university, does it?

Yes, I understand, there is a ""disclaimer"" of sorts that we can find through their webpage . . . but the point is that it isn't necessarily easy to find. I realize that many people in these comments were able to find this information . . . but some people admitted to having trouble with it. Some people admitted to thinking that PragerU is the forward facing campaign for a legitimate university. Personally, yes, I thought they were legit when I first learned of them, though I quickly discovered that they're not by checking out reviews of their content . . . *but that's the point*. Not enough people in this world are so diligent as to *not* be taken in by this deception.

Second, I see comparisons made to ""Marxist universities"" and ""leftist news organizations"" and . . . let's try to understand these concerns from a position of good faith.

Marxism is an economic philosophy that (very, very, *very* generally) teaches us that the product of labor should belong directly to the people who labored. That's it. That's the philosophy.

Granted, yes, there's more to Marxism than that. There's at least a dozen philosophical branches, possibly more if we account for all the ways Marxism can intersect with other philosophies, or with political science, sociology, psychology, history, etc. In other words, we can't treat the comparison between Prager and ""Marxist universities"" as worth exploring unless we first define our terms; and so far, I haven't seen a definition, so I'm left to work with what I know: that ""Marxist universities"" is a piece of rhetoric designed to scare people into thinking they're going to be forced to . . . do something . . . bad, I guess.

It's worth noting that the question, ""what about University X? Should they be required to drop the word from their title?"" is easily answered with: yes. In order to implement a standard, by which one governing body is able to restrict the use of a given word in a very narrow and specific application, we'd have to have reasonable standards in place. Anyone who doesn't meet those standards could be subject to sanctions or fines, or perhaps another form of punishment. Frankly, the exact actions taken against an offender are immaterial; what matters is that *some* action is allowed.

(I will grant, to those who have delved into the specifics, that it's possible *no* such action can be seen as practical or reasonable. We can't know that for certainty without taking the time to explore, of course, and what I'm ultimately advocating for is a declaration of intent: that we, as a society, value the use of this term in a specific context and thus, we will put forth the effort to limit its abuse.)

Regarding the comparison to news organizations, we should realize that it was included in the original post as an example of how professional organizations can (and probably should) exist for more groups than we currently have. I'm perfectly comfortable with an independent civilian governing body that defines standards for journalistic work, that reviews the work of various news organizations, and that issues sanctions or reprimands against those orgs that claim to be producing news-related content, but in fact fail to meet the minimum professional standards. Yes, I realize it'd be difficult to implement such a program. Yes, I realize there's the possibility for abuse. But these are statements about *how* we go about achieving a goal. They are not statements about *if* we should bother with that goal in the first place.

Third, there is the point that no such governing body currently exists; that is to say, if we were to try and restrict the use of the word ""university,"" we'd have to create a professional civilian group that is responsible for defining standards and enforcing them. This is true. I did not specify the need to create such a body in my original points above. This is also true. Consider this an amendment: I believe we should have a governing body, possibly the accreditation system that already exists, be responsible for assessing an institution's status as a university and for levying sanctions against those who do not meet the requirements yet insist on calling themselves one.

(It was also pointed out that, since such a civilian group already exists *and* they've chosen not to go down this route, there's probably some good reasons behind that choice. I can accept this, though I'd be curious to understand what those reasons are.)

Naturally, this brings up two questions: who should be required to remove the word from their title and how do we prevent other words from being adopted in their place?

For instance, should we consider *Hamburger University* to be inappropriate? What about *Brazzers University*? As stated, I'm okay with the idea that McDonald's can't use the term because, although they offer a professional development program, it doesn't translate to the university system; and if they change their program to meet the proper standards, then they can use the title. The latter, however, falls into the legal status of fair use or parody. That is also something that would have to be hammered out and would probably fall on the side of the ""free speech"" argument. Since there's no real harm involved with a deli on your local campus calling itself *University Lunch*, there's no foul in allowing them to use the word.

And this brings us to the fourth major argument against this change: that Prager is doing nothing wrong.

For this, I want to set aside the political divide, as it's really not germane. The issue I take with Prager \~ and with any organization that does the same thing Prager is doing \~ is their claim to possess knowledge and to be educating people, without providing sufficient evidence to back up those claims. And this is not something I'm making up out of thin air. This comes from looking at responses to Prager's videos, like this one about [how Prager misleads their audience about the Southern Strategy](https://twitter.com/KevinMKruse/status/996386257109508096), this one about [how Prager uses specific rhetoric and presentation techniques to make themselves appear legitimate](https://youtu.be/LH8MNJspg4k) (i.e. believable) when they're not, or this one about [how Prager lies about climate change](https://climatefeedback.org/evaluation/video-from-prageru-makes-several-incorrect-and-misleading-claims-about-climate-change-richard-lindzen/). You can easily find more by searching online for ""debunking PragerU"" or ""PragerU response"" (or similar terms).

As stated, the issue is not the political positions that Prager takes. It's how they present their ideas and their ""information."" If there's a left-leaning organization that's doing the exact same thing \~ calling themselves a university for the air of respectability it provides while simultaneously spreading misinformation, disinformation and lies to the general public \~ then yes, *obviously* they should be required to drop the ""university"" from their title.

The specific harm involved is the promulgation of misleading information. How we interpret information is subject to debate. The conclusions we draw from the facts at hand, is something we should discuss. But the underlying facts themselves should not be subject to obfuscation, misdirection, or outright lies.

Unfortunately, being that Prager is located in America and it's not actually a fascist state \~ despite what persons at either extreme might say \~ it's simply not practical or desirable to limit their freedom to misinform, misdirect or lie. Fortunately, *nobody is arguing that*. Prager is allowed to voice their opinions or conclusions, based on the data they have at hand or the arguments they craft in support of their ideas; and I do not wish to take that away from them.

What I *am* saying is that America should treat universities as deserving of a higher social status than they currently possess, at least insofar as the use of the title is concerned.",0.3,Logical,0.7,0.5,0.9,1.8415841584158417,12.203894102880042,45.22678274354459,5
"cmv: Planned obsolescence is the same as deliberately selling a defective product and the timeframe should be disclosed to the purchaser.
 Firstly, planned obsolescence is different to using poor quality components materials for cost saving. Planned obsolescence (P.O) is deliberately including design flaws to ensure a product stops working or has reduced performance after a certain amount of time. It does not include items that need to stop working for safety reasons such as an expired gas detector.

 As an example, there are two very similar phones that cost $500 each, one has a P.O date of 2 years, and the other has a P.O date of 5 years.  As each phone gets nearer to it’s P.O date it’s value approaches zero, so after 1 year the first phone is worth less than the second. The second phone represents a better investment. 

It’s not possible for consumers to make the best decision for their financial circumstances without knowing the P.O date and the manufacturer should have to disclose it.",0.0,Logical,0.1,0.1,0.8,5.0,7.843313609467458,61.98437869822487,2
"CMV: I am a misogynistic, bitter, angry incel please help me change my toxic views.
👉👉👉EXTRA EDIT: please read edit 10 all the way down my post. 👈👈👈

READ THIS FIRST: This might be a long post but i have a lot of toxic views and i would really like to change them. I wanna  say why i feel so angry and bitter and misogynist. i really wanna change and improve myself and get rid of these hateful thoughts and beliefs. Also sorry if it sounds like I'm ranting. 

First of i wanna say how i feel why i feel and think the way i do. 

I am an 18 year old incel. 

The reason why i wanna have sex with women so badly is because men who are virgins with no experience with women are losers and considered to be less worthy of respect. 
I am 18 years old and i feel a lot of anger and envy towards teenagers in particular when i see teens my age or younger than me (particularly, boys) asking for advice on reddit or anywhere else, about having sexual relationships or see parents posting about their teens having sex and asking for advice about it as well. And i especially feel so upset when i see teens my age or younger in malls or anywhere in public holding hands and kissing. 

The reason why i feel angry and envious is because these boys have had sex with attractive girls before me and they're much younger than me. I feel inferior and less of a man than these boys.  
I feel like these boys are more successful and more respectable than me. 
And I'm not saying women are trophies to be conquered, but from these boys having sex with girls it shows that they're attractive, they're interesting, and have qualities that draws girls to them.  
That they're more worthy than me. I am very hard working and have a lot of determination and resilience and i have accomplished quite a lot for my age on other things yet no girl ever gave me a chance.

Another thing; another reason why i also wanna sex badly is because i am getting older and sex at a older age isn't as enjoyable compared to doing It in your younger years. 
Teenagers have raging hormones and are much hornier and lustful than adults. Therefore even if i end up having sex when I'm older, what would be the point if i am not even gonna have the same excitement or fun? I'll be a grown man and i won't have raging hormones anymore and I'll be much more stoic and busy so sex will be worthless at such a age. 

Teenagers aside, in general i hate men who are successful with women because again, it shows they're much worthy and more of a man than me. 
Virgin men are ridiculed and mocked and laughed at. 
If this didn't happen that me and many other incels likely wouldn't feel this way. 
Virgin is even used as an insult. Being a virgin, especially a male virgin and an involuntary one at that shows that no one wants to sleep with you and there must be something wrong with you. 

And my reason for my misogyny isn't just because women won't have sex with me but because women also mock male virgins. Sure women are different but in general being a virgin is considered to be a red flag by a lot of women. 

Also i see a lot of attractive women dating and sleeping with such weird or ugly looking men without much in return. 
A lot of these men are not rich or handsome or very successful and in fact if they WERE i wouldn't feel as envious. Id rather have women chase after successful and handsome men. I feel angry and hateful towards these men and the women because it shows that it doesn't take much for men to attract women yet i struggle a LOT and the fact that these men who much worse looking and not even successful are easily able to start a sexual or romantic relationship with women shows that something Is wrong me and with my low self esteem it makes me feel worse and it manifests into very negative emotions. 

I mean on reddit there's this beautiful woman (that i have been following for a while and masturbate to her posts) who posts nudes on reddit and has a onlyfans and she posted a new video of her having sex with this new guy who she never posted before. In the comments it turned out that he was one of her onlyfans followers and he met up with him for sex. She replied to a comment that said he paid her that he didn't pay her anything and she had sex with him because she was looking for a new sex partner and he sent her a nice respectful message and had a nice chat. This guy wasn't even good looking and in fact was below average. He was very fucking scrawny and he had such a weird penis shape and his dick wasn't even big. He had no wealth, no good looks, not even a big or good looking penis and this fucking whore chose to sleep with him over a ""nICe ReSpeCtfUL mEsSaGe""  they were also flirting a bit in the comments and the dude said that he almost lost his mind when her saw her naked and had sex with her several times. 

I have talked with this girl on onlyfans a lot and have followed her for a while. I spent a lot of money on her a LOT and she barely responds to my messages and when we do talk she doesn't seem interested in me yet she met up with this dude for sex over a message. 

I felt so angry that i actually wanted to hack this guy and steal his personal information. Not just him but send a cyber attack on HER as well. 

To put into words how angry i was:

 I am in multiple discord servers about technology and computer's (since i wanna expand my knowledge about tech and become a engineer in the future) and in one of the servers there's a group of guys who are very good at hacking and have done a lot of serious illegal things. They also do things such as pirate games and movies and jailbreak devices.
I am good at computers but not as much as these guys. I am good friends with them and so i aksed them to hack someone for me or to teach me how to do cyber attacks. 
Turns out Learning how to hack is very complicated  and can take years to learn and master and even just commting a cyber assault on someone or on any site can take a long time as well. From months to years. so i asked to hack him for me instead. They said sure but depending on the attack it would take a while and they won't make any promises. 
 
This is when i realized i was probably taking things too far over something so stupid. 

I really wanna change and just learn how to be a man without having to be in a sexual or romantic relationship with anyone. I have a lot more beliefs and Views and reasons for why but it would make this post even longer so I'll just leave it at that. 

Please change my Views.

EDIT: i am taking therapy already so please don't recommend that

EDIT 2: thank you so much all the upvotes and comments. I replied to a lot of them but there's too many more now. I will reply to all your comments in the morning.

EDIT 3: not sure if any new people will see this new edit but i am actually bisexual. Yes i am attracted to men sexually. However i only find beautiful effeminate men attractive like the ones in anime attractive (astolfo, hideyoshi kinoshit, saika totsuka, etc) and there's this anime cosplayer named @_10kujo on Instagram. He's gorgeous. I do feel envy towards less good looking guys who get with these type of guys im attracted to but thats something completely different than women and will be a topic for another time. 

EDIT 4: i was not expecting to get this much attention holy shit  
I have received so many comments, replies, DM and private messages. I promise i will respond to ALL of you eventually but it will take a while to get to you

EDIT 5: i gave several deltas already but my mindset hasn't completely changed. And i will be giving deltas on comments that provide good points that will get me thinking and reconsider my Views.

EDIT 6: again i will try to reply to ALL of you but it will take time to reply because as i stated before i have received so many replies and DMs and even private messages and I'm STILL receiving more.

EDIT 7: since i am still getting so many responses i wanna bring up something else. 

I am more envious towards teenagers who have sex with hot teachers. 

Now wether it is wrong or not is something else id rather not discuss but as a teenager who recently turned 18, i would love to have sex with a beautiful adult woman. 
It does not traumatize young boys and there's even evidence of it.
There have been many cases of tecahers having sex with highschool students and the boys would ALWAYS brag about to their peers which is how the relationship was busted in the first place.

There was a case of a 16 year old teen who had a 3some with 2 GORGEOUS female teachers thatv lasted for 9 hours. When i read that i felt even more envy than regular adult men having sex with women their age.

EDIT 8: I am thankful for all the advice, encouragement, and positivity however i have also received a lot of hate, death threats and suicide wishes, and been mocked. I assure you i will simply report and block these comments and messages, they're not even worth the time and energy to be worked up about. Also despite being friends with people who are experienced with hacking and stealing information i will not even bother to ask them to harm these people because there's so many of them who sent me hate and it'd take a lot of fucking time to even attack one of them.  Plus i wouldn't wanna bother my discord friends with all of this bullshit anyways. I wouldn't even go after them myself if i could. Plus i wouldn't wanna get in trouble legally anyways or be banned from reddit. 
Again all of these messages and comments that mock, insult, and threaten me will simply be blocked and reported so please don't waste your time typing out a long detailed message because i really won't care.


EDIT 9: Alright this is a little surprising but I've gotten several messages and nudes from girls, and older single women (30s, 40s) but mostly older women who apparently have a thing for young lonely virgin 18 years old like me and enjoy teaching them about sex. I've had one older woman offer to come meet up with me and sent several different nude poses and selfies as proof she's real. 

I wanna say that i am kind of shocked at this and as surprising and weird as this may sound... i prefer to just chat normally and have a friendly conversation, especially with women. I have realized i have deep rooted issues that women can't fix. Only i can. I am in a very bad place mentally and emotionally and really need to learn to be more confident in myself and how to interact with people. I do not want to sext or even meet up with any woman because one of my goals is to see women as equals, more than sexual beings and realize that they bring more value than just sex and relationships. I have a lot of messed up ideas in my head about sex, relationships, and women that i need to change.
If you're a woman and decide to send me nudes or something please don't. I'd prefer to just have a normal friendly chat.

EDIT 10: this will possibly be the last edit and i don't think many new people will see this but i wanna
thank you so much to everyone who has contributed to changing my views. I have realised and come to terms with the fact that i have other deep and bigger issues than not getting laid, and not having sex isn't a problem to begin with anyways. 

My mindset hasn't 100% changed but my eyes and mind have been opened more and know that women are not the issue nor the men they sleep with. It is me. Only i can fix my issues and i am ready to become a man and stop viewing women as sexual beings. I am more willing to be just friends with them. 

Thank you again so much for the encouragement and all the advice. 

I will still reply to as many comments as i can and converse with people in the comment section and my DMs and I'll be willing to hear more advice and encouragement from new people who comment. 
Sex, or lack of sex does not make me any less of a man or human being and i am ready to accept that.",0.1,Passionate,0.4,1.0,0.4,1.2546583850931676,9.622406926406928,67.00421933621935,13
"CMV: taxpayers and the general public should never contribute money in financing new sports stadiums - that should be 100% on the owner.
It's no secret - owners of sports teams are usually ultra wealthy, sometimes with billions in net worth. With many local economies struggling and the poor in dire need of resources, cities and states are spending hundreds of millions helping rich owners build stadiums.

For example, Cobb county in Georgia cut off funding for local parks so it could contribute to a new stadium for the Atlanta Braves. I understand that sports teams and stadiums provide economic benefits (jobs, local shops/bars, other sales, etc.), but studies repeatedly show that the economic benefits rarely make up for these huge expenditures on stadiums.

It's a fiscally irresponsible use of limited local and state funds. If the government stops contributing to sports stadium financing, owners will still build these stadiums, and cities/states will free up hundreds of millions in tax revenue to spend where it is truly needed. ",0.0,Logical,0.4,0.4,0.8,2.625,12.121777108433736,45.11350903614459,0
"CMV: Until America has compassion for criminals, police brutality will continue
You see it all the time on Reddit - criminal gets his justice, killed or mutilated in the act of committing a crime - and Americans laugh and applaud.

If you look at countries which don't have police brutality, they also have compassion for their criminals and focus on rehabilitation rather than punishment.

Another way of looking at it is if you look at countries with a higher prevalence of extremists (e.g. religious extremism) then those countries tend to have a large group of 'moderates' who sort of agree with the extremists.

That's what's happening in America and until the moderates start having compassion for criminals it'll be impossible to eliminate police brutality.",0.1,Logical,0.1,0.6,0.6,0.8333333333333334,14.430918032786888,35.059163934426266,0
"CMV: The modern remakes of older Disney movies (the new or upcoming Beauty and the Beast, Jungle Book, Lion King, Aladdin, Mulan, etc.) have never been exciting or good or hype-worthy and reflect a complete bankruptcy of creativity as well as a sickening, cynical and blatant greed on Disney’s part
***Edit: Okay so, this post gained a lot more traction than I was expecting. I woke up to over 150 replies and that's obviously more than I can realistically be expected to engage with. I want to thank the redditors who actually took the time to come up with a thoughtful response either to the original post or one of my follow-up comments, and there were plenty of you who offered good points that did change my viewpoint, so I'll be awarding deltas when I get time. There were also plenty who did not afford me such a courtesy however; one redditor went so far as to claim that I should be put on medication because I disagree with their opinion. Obviously, worthless comments like this are a dime a dozen on reddit but I wanted to focus on this one because as un-constructive as it is, I don't know if the commenter realized how hilariously dystopian their suggestion was. ""You don't buy into the hype for Lion King 2019? Better drug yourself so you fit in with what my vision of a society is."" Sorry to hear my opinion about kids movies about talking animals is such an affront to you that I need to change my brain's chemistry to appease you, sire. On this note I also think people have misinterpreted how ardently care about this topic. I don't lay awake at night cursing the Disney company because they made remakes of my childhood movies and replying to my original post with a response that implies that i take it that seriously is founded on false premises. Perhaps I worded my original title too negatively, because I don't care that much. What my overall point was, was that I don't buy into the hype. /edit***

The most common arguments I see in support of seeing these remakes produced have been: 1. Makes me nostalgic. 2. It’s what we love but made with better effects / production value. 3. It’s like a Shakespeare play, we haven’t seen *this* version of X story. And here’s why I think each of those arguments completely fails:

1. Yeah, that’s exactly the point. Disney KNOWS it makes you nostalgic and that’s why they’ve chosen these properties. Not because they want to create greater art than the original, but because they know they have a guaranteed market before they even start pre-production.

2. This argument, to me, is just all kinds of infuriating. The Transformers films had “better effects” than the TV show. Doesn’t mean they weren’t steaming piles of garbage. Surprise surprise, one of the most powerful and wealthiest corporations in all history can make a technically competent product. I bet I could make a halfway decent movie if I had several billion dollars. Not to mention - was anybody watching the original Lion King in theaters and thinking, “Wow, this is great but I wish all the lions were photorealistic and impossible to distinguish by their faces so we have to rely on their voices.” The medium of 2D animation worked so well for those films. Why spend millions and millions of dollars remaking them with *different* animation? (Answer: they know people will pay to see it.)

3. I think all the changes they have typically made between the original and the modern remakes have been 100% for the worse from my standpoint but 100% for the safer from a marketing standpoint. E.G.- Instead of the Beast from Beauty and the Beast being a **Beast**, he’s like... a tall muscly guy with a hairy face. In the cartoon he was an actual monster, not unlike a bearwolf hybrid. But this was more palatable in the 3D animation medium to marketers. 

Reddit post submissions are character-limited and I’m not that eloquent or intelligent so I’ll stop here but for any more context regarding my opinions, check out any of Lindsay Ellis’ videos about new Disney remakes (particularly her Beauty and the Beast review) as I agree with almost everything she brings up. ",-0.5,Passionate,0.4,0.7,0.8,1.45,10.214877963737798,57.3007548814505,5
"CMV: If it's okay for some people to believe in God, then it's okay for other people to believe in ghosts, werewolves and vampires.
There's no objective proof for the existence any of these: God, ghosts, werewolves or vampires.

In [this](https://old.reddit.com/r/AmItheAsshole/comments/irn6j5/aita_for_being_mad_that_my_husband_let_us_buy_a/) post on AITA, people are calling OP crazy for believing in ghosts. And yet, if people hadn't been believing in god(s) for many centuries and suddenly today some dude started talking about an all-powerful being who created the universe, they'd be laughed out of the room.

Personally, I don't believe in the existence of any of those. But if God can exist without us having any proof of their existence, why can't all sorts of other magical creatures? Logically, why is it okay for us to ~~make fun of someone~~ _consider someone crazy_ for believing in ghosts (and other supernatural creatures), but not for believing in God (edit: and angels?), other than the fact that the existence of God has been normalized in society over several centuries?


Edit: see text stuckthrough above

Edit: TL;DR: I'm saying that if you aren't considering someone crazy for believing in God, you shouldn't consider someone else crazy for believing in other supernatural creatures either, seeing as there is an equal amount of proof (or lack thereof) for the existence of both.


Edit: To be clearer, the intent of the post was to point out that ""if you call people who believe in ghosts without proof crazy, you should call people who believe in God without proof crazy too"". I just wasn't able to come up with this phrasing till long after I'd made the post.",0.0,Logical,0.1,0.3,0.8,2.0833333333333335,11.883783422459896,53.903729946524095,2
"CMV: Taxes are not equal to theft, they are the cost to of being a part of society.
Firstly I just want to clarify that my view is held for free and democratic countries, I understand that this view might not be true for all countries.  

&#x200B;

I often hear the argument that taxes are immoral because taxation is theft. Taxation is theft because you have to pay your taxes or people with guns put you in a cage. This is presented as if there is no other option. However, if you wanted to, you could go out in the wilderness and sustain yourself, build your own house, live outside of society. Anyone who does this wouldn't be making any money and therefore wouldn't pay any taxes but would be foregoing all of the privileges of being a part of society. 

&#x200B;

One might then make the argument that the taxes that you pay might be used for things that you don't want them used for. This is however not criticism towards taxation but rather a political issue. 

EDIT: My example of going out into the wilderness and sustaining yourself is nothing more than an example. I don’t know how hard it would be or what it would take to actually escape society but I believe it’s very doable.  ",0.0,Logical,0.2,0.2,0.8,1.1,9.524317144043174,62.23823163138232,1
"CMV: Saying things like “men are trash” or “fuck white people” is not okay just because it’s towards privileged demographics
I’m a bi (white) gal, and I’ve recently been a lot in online circles for lesbians and bisexual women. In there, jokes about men being stupid and assholes and yes, trash, are pretty prevalent. Elsewhere too for that matter. 

They always catch me off guard. Why is it okay to say things like these when the opposite would be highly looked down upon? And the same when it comes to race. They’re basically reinforcing the mindset they’re opposed to: it’s what person’s skin color or gender happens to be that matters, and it’s okay to make generalizations based on that. 

You could say that historically men have oppressed women and white people have oppressed other races, and continue to do so, and that that makes it justifiable. But are you not basically doing a Hitler then? It’s the group the individual happens to be born apart of and their ancestors that matters, not their own personality and actions. 

I’m also not American or from an English speaking country, and I’ve mostly seen this on the English-speaking part of the Internet (even though it’s debatable if the majority of it is native speakers from English speaking countries), so feel free to tell me if this is a cultural thing.



Edit: I would like to preface that I have not completely changed my view. I have become more sympathetic towards such statements - we all do bad shit once in a while, and “bad” is a scale, not black and white. 

It’s my understanding that deltas are not only for “ok I have 100% converted now”.

Edit 2: The “doing a Hitler” was below the belt, I apologize",0.2,Logical,0.5,0.6,0.7,1.125,9.440000000000001,62.41096045197742,0
"CMV: Elon Musk is vastly Overrated
I am currently studying to become an engineer with focus on air/space flight, and a lot of colleagues tell me  they want to work for Elon Musk. And i just dont get the hype, (the spaceX rockets are not bad dont get me wrong), I ( and especially data) tell that they are not that efficient as the majority thinks they are, since the fuel they need to save for landing is obviously lost in flight, so they need more fuel and ,more Important, the last bit of fuel is the most valuable; Also the idea of reusing rockets isn't new, NASA thought about it too,they just thought it was too inefficient for the reasons I wrote before too. Plus Elon Musk seems to be super nice with his Twitter account and all,  but I frequently hear storys about the working conditions at his facilitys and it doesn't sound that appealing ngl, also some of the things he did, regarding bitcoin or doge coin, and no I didn't invest in those, resulting in lots of people losing their money, dont really support that Image of the freaky nice billionair . On the other hand he worked really hard and somehow he isnt broke, so i want to understand how you guys think about him.

Edit 1) Since I got this reply a lot, you guys are right with the low cost per Kilogramm to Orbit. 
I decided to not take on this Argument since SpaceX later on got heavily funded by NASA (after they invented the falcon 1 , merlin, Kestrel, and Draco engines).
I must confess i dont know if they still get an extra amount of money per launch like they used to get( at least i think they did), so probably the cost per Kilogramm would be much higher if they had higher Research expenses.
 Also i know that getting funded is not unusal, in my opinion it just doesnt Match the whole "" we /I did it also by myself"" image",0.3,Logical,0.8,0.3,0.7,0.7333333333333333,17.19067878338279,46.843110163204756,2
"CMV: Penalizing an athlete for their natural-born advantages is highly unjust.
I made the title pretty broad, but I am specifically referring to the cases where namibian athletes were [banned](https://www.cnn.com/2021/07/06/us/black-women-athletes-treatment-olympics-spt/index.html) from certain races because their naturally high testosterone levels. 

I've been mulling it over in my mind, but I just can't seem to find a reason why this would be fair. Athletics already are about natural physical advantages as much as it is about effort, and calling those advantages ""unfair"" for other athletes seems illogical and unfair. For comparison, [Michael Phelps](https://www.liveabout.com/michael-phelps-body-proportions-and-swimming-1206744#:~:text=Phelps%20Produces%20Less%20Lactic%20Acid&text=Most%20athletes%20need%20recovery%20time,a%20much%20faster%20recovery%20time.) has a near perfect body proportions for swimming and also produces less lactic acid, allowing faster recovery, but he isn't banned from certain competitions because it's unfair for other athletes. 

It's just boggling my mind that any committee can think this is right. Am I missing something here?

Edit: thanks for the responses everyone, and sorry I couldnt get to all of you. This was one issue that I didn't know would be so insightful and generate so much discussion.",0.4,Logical,0.1,0.5,0.8,1.5333333333333334,11.348654970760236,47.53947368421055,1
"CMV: Declawing cats should be illegal in every US state unless medically necessary
22 countries have already banned declawing cats. It is inhumane and requires partial [amputation](https://www.humanesociety.org/resources/declawing-cats-far-worse-manicure) of their toes. Some after effects include weeks of extreme pain, infection, tissue necrosis, lameness, nerve damage, aversion to litter, and back pain. Removing claws changes the way a cat's foot meets the ground which can cause pain and an abnormal gait. It can lead to more aggressive behavior as well. 

[One study](https://www.ncbi.nlm.nih.gov/pmc/articles/PMC3923482/) found that 42% of declawed cats had ongoing long-term pain and about a quarter of declawed cats limped. In up to 15% of cases, the claws can eventually regrow after the surgery.

Declawing should not be legal unless medically necessary,  such as cancer removal.

Edit: Thank you for the awards and feedback everyone!",0.2,Logical,0.1,0.8,0.9,1.8888888888888888,9.248521303258148,55.076157059314966,1
"CMV: Chronic lateness is not a medical condition or a personality quirk, it's a simple lack of respect for other people's time
I have severe ADHD. I'm time blind. I'm so not a morning person that it is physically painful to wake up most of the time. I live in a big city with unreliable traffic. But I'm almost always on time for everything, because I respect other people enough to do what I have to do to not keep them waiting. If you really want to be on time, you will find a way, and if you refuse to put in the effort, you shouldn't expect other people to maintain relationships with you. 

To be clear, I'm not talking about people who are less than 10 minutes late, or people who are late once in a while but contact the person they're meeting with ASAP to let them know they're running behind. I am talking about people who are routinely significantly late to every appointment they have, and make excuses instead of just admitting they're absurdly rude.",-0.2,Passionate,0.8,0.5,0.5,1.0,10.323455056179778,60.678216292134834,1
"CMV: the anime community is the reason why most normal people can't bring them self to watch anime
As a teen I watched anime (I'm a twenty year old on reddit it sould be self explanotary). After a while I started to seek out people and communities on the internet that would share that interest. And one of the very first things I saw was a guy talking about how good pedofilia in anime was. The worst part is that most comments supported him in his belief.

There are a lot of stereotypes that relate to anime watchers or at least nerds in general, and the anime community does nothing to separate them self from it. I can remember a video by some big anime youtuber (I don't remember his name but he had a few hundred thousand subscribers) that was basically him talking about how drawing porn of underage girls was okay because they were just drawings. 

But let's not talk about pedofilia so much. So, a lot of anime fans are really sexist, like actually to a ridiculous extent. Anime is generally targeted towards teen boys so it doesn't make that much effort to develop or explore female characters (keep in mind that I'm not talking about every single show, I'm just saying that it is defintly a common thing). So a lot of anime fans treat woman like (most) anime treats it's female characters, that is to say with little to no respect. For specific examples just suggest that your are a girl on one of the numerous message boards, you will be floded with ever flavour of sexism there is.

The last problem doesn't seem like the worst, but it essentially creates ever other problem. The *elitism*.  There are many kinds of elitism that anime fans like: ""my favorite show is better than yours"", ""you are enjoying/not enjoying an anime I dislike/like and there for I a a better person"",  ""you are not allowed to watch this specific show because (something sexist/rasist most probably)"", and of course ""As if you would even understand"". I feel like I don't have to go in depth with this one, the over the top examples show exactly how I feel.

The problem is that I like Anime, I'd even would co side my self a fan/web if not for the community. And I'd love to recommend shows like Evangelion, Beastars, cowboy Beebop, fullmeatl alchemist: Brotherhood, JoJo's etc. But I know that I will get the weird looks from them. 

To clarify I am not saying that every single anime fan is like this, just that a majority is like that. I know that the Lou.d minority allways makes the entire group look bad, but in this case it's often hard to find people who are not exactly like the weeb stereotypes.

Edit: okay, I had a lot of conversation with lots of people (never expected for this to get so big overnight). So writing a comment would be pretty pointless since I generally agree with you. I also think that it is because of anime it self rather than just the community that most people are turned off by .

I'd also like to say that Beastars, whole extremely good in my opinion,  is a really bad example of an anime that you could recommend to an average person LoL.
I also forgot to mention that I'd already consider most anime to be not that good. Not that the people who watch it are bad, but that the show them self make me cringe.

Edit 2: I feel like I learned quite a bit on the topic, and I discovered a plethora of reasons why people don't like anime (I know it sounds silly). Many people don't like animation, many people find anime to be too over the top, many anime courses people to become  these shitty fans rather then the opposite, sometimes it's just ignorance and not wanting to read subtitles/watch a foreign film, I also now realise that I was talking about a small vocal minority rather than the larger whole. And while I love to argue more (a big majority of you were kind and understanding while discussing) I have switched my view point so there isn't really a point to it. So I'm not going to respond to further arguments, I will also give deltas to people who persuaded me. Thanks.",0.4,Passionate,0.5,0.6,0.6,1.1886792452830188,11.185787465940056,58.443840145322454,4
"CMV: I can’t wrap my head around gender identity and I don’t feel like you can change genders

To preface this I would really like for my opinion to be changed but this is one thing I’ve never been actually able to understand. I am a 22 years old, currently a junior in college, and I generally would identify myself as a pretty strong liberal. I am extremely supportive of LGB people and all of the other sexualities although I will be the first to admit I am not extremely well educated on some of the smaller groups, I do understand however that sexuality is a spectrum and it can be very complicated. 
With transgender people I will always identify them by the pronouns they prefer and would never hate on someone for being transgender but in my mind it’s something I really just don’t understand and no matter how I try to educate myself on it I never actually think of them as the gender they identify as. I always feel bad about it and I know it makes me sound like a bad person saying this but it’s something I would love to be able to change. I understand that people say sex and gender are different but I don’t personally see how that is true. I personally don’t see how gender dysphoria isn’t the same idea as something like body dysmorphia where you see something that isn’t entirely true. 
I’m expecting a lot of downvotes but I posted because it’s something I would genuinely like to change about myself",0.5,Other,0.7,0.7,0.5,0.7083333333333334,15.107690839694659,45.07924618320612,0
"CMV: The problem isn't that Lizard People are running various world governments. The problem is that they're not doing a good enough job.
I've become aware of a fascinating conspiracy theory that Lizard People run various governments--the United States of America, etc. 

Always, the operating assumption is that this is bad specifically because they are Lizard People. I find this close minded and offensive. We shouldn't be biased against Lizard People per se anymore than we should be biased against people based on skin color or gender: it's their biology, and not fair to hold against them. 

However, if Lizard People really are running, say, the United States (my country, which will be my focus because I have the most insight into it) government, a very fair objection is that they're simply not very competent. 

I'd rather not focus on my specific views on what exactly the government is doing wrong (that would be a different CMV)--in this polarized age, one thing both ends of the political spectrum happen to agree on is that the government isn't functioning at a high level. So I won't dive into that here.

I foresee some objections:

(1) It's bad that the Lizard People are leading the government because they aren't citizens and so have no right to lead. My counter: in conspiracy theories I've seen, no one denies the Lizard People live among us, in which case they should, by birth right, have citizenship. If they've been denied proper citizenship due to specie-ism, I'm not going to hold that against them as it is inherently unjust.

(2) The Lizard People are only doing a bad job for humans because they hate humans and only want what's best for lizards, which shows they should never be in positions of authority.  My counter: if this were true, we should see some evidence that they're implementing pro-lizard policies. In fact, we see just the opposite. The United States, for instance, has not done nearly enough to combat climate change, which scientist point out is especially hard on lizards ([https://www.npr.org/sections/thetwo-way/2016/09/05/492713407/for-lizards-climate-change-is-a-deadly-and-complex-threat](https://www.npr.org/sections/thetwo-way/2016/09/05/492713407/for-lizards-climate-change-is-a-deadly-and-complex-threat))

(3) Lizard People are subhuman and gross and we should hate them. Warm blood good, cold blood bad! My counter: come on. Aren't we better than that? These are not morally or ethically defensible positions.

As an alternate approach to hating Lizard People because they're reptilian, I would argue for a more objective, even handed, less specie-ist/racist approach: we should hold the Lizard People accountable for poor governance.  The polarization of politics, lack of progress on poverty, unjust taxation schemes, poorly organized pandemic response, increasing budget deficits with seemingly no real strategy or goal, comparably worse health care than other countries, and impotence in the face of the global catastrophe of climate change all point to poor policy decisions on the part of the Lizard People. Working together, we can build a better future. One in which humanoids are judged not based on their body temperature, presence of scales, and ability to lay eggs, but on the content of their character and ability to competently govern and participate in the civic process.",0.3,Humorous,0.2,0.4,0.8,1.6451612903225807,11.495573929961093,50.790468547341135,2
"CMV: Religious american conservatives / right wingers obsession with capitalism and other ""amercian values"" is incompatible with their nearly fundamentalist take on ""Christianity""
I'm gonna focus on some key principles that I think are important in Christianity, but are basically ignored by some ""religious"" Amercian conservatives when they argue against things like healthcare, welfare, immigration, or in favor of guns or military intervention and death penalty (punishment in general). I'm genuinely interested in how the worldview of these people is. 



The main thing I base my assumptions on are known ""facts"" about Jesus himself / how he is characterized and how he should be a role model for Christians. Everyone knows, that he is supposed to be nice, peaceful, selfless, altruistic, helping others and not interested in financial gain or profit (I believe he was quoted in saying something like ""don't praise the money""). 


So then, if you praise this person and act like you live according to his standards, why would you be so obsessed with bashing every government program, that is about helping poor people? They not only reject any step in that direction, they also enthusiastically argue against it. How can you justify the ""everybody on his own"" attitude, that people who get sick either die or become homeless because of hospital bills, and blame them for their life choices, instead of trying to set up a system that would help them? Even if it would mean that some amount of the money you worked for would go to somebody else, shouldn't you as a religious person be okay with it? Wouldn't it be fitting your narrative of having tried to do the noble thing? 



Another issue is the tribalism that you find in these communities, where there is prejudice and scepticism if non white people are immigrating to their country, not only because letting in immigrants seeking a better life would be helping others (which would totally be a ""Jesus"" thing to do) but also because Jesus himself probably wasn't white, he was middle eastern, so how do they justify their narrow focus on people with european ancestry, when their ""role model"" wasn't that?



The next topic is their stance on guns and military intervention. I assume that Jesus would have been a pacifist, so why do you never hear those people complain about military spending and all the interventions they are doing? Do they think Jesus would be in favor of going to war with a country like Vietnam or having coup d'etats in South Amercia? Correct me if I'm wrong but as far as I know they are mostly in favor of military operations of the US and are very sceptic about people who critique anything relating to the ""troops"" right? And what is with the obsession with guns in their culture, do they think that Jesus would be a ""gun guy"" and a NRA supporter? That he also would talk happily about how home invaders deserve instant death and how important these tools are, which only have the purpose of hurting / killing? Regardless,of how you judge the home invader situation, I think as a ""religious"" person you shouldn't be that enthusiastic about homicide, no matter how much the person deserved it or how much you thought it's justified, even if it is necessary for your survival, the way some people talk about this with this non mercy attitude as if they are just waiting to shoot someone is completely the opposite of Christianity.


My last point is their stance towards punishment / death penalty. It's obvious what the contradiction in regards to the death penalty would be, but also the ""punishment over rehabilitation"" stance that they take feels so wrong, do you really think that, for example Jesus as a judge would be okay with locking up somebody for stealing as much as possible instead of trying to rehabilitate this person?  Why would you as a christian put revenge over forgiveness, I'm not even a christian and I think it would be obvious which one is the christian way and which not, so why do these people dont see it?




In summary, I believe that these people don't really care about Christianity, they use it when it fits them but abandon it when it would do something that doesn't fit their ""amercian"" narrative, because in my opinion these contradictions are too big to ignore, so either you are intentionally ignorant or they don't really believe in Christianity",-0.2,Logical,0.1,0.6,0.8,1.2127659574468086,16.65968768074031,38.46858299595144,1
"CMV: Everybody should be an independent voter - Party affiliations are just dumb
This goes with every country and every election. While political beliefs are a core part of one's identity, political parties should never ever be. Treating a party as a part of your core identity means you will have to inevitably rationalize and defend positions you don't agree with but the party does, if not now then down the line as party platform changes over time.

At every election, whether at a municipal, regional or national level, voters should be going into it with a blank slate in terms of party affiliations - look at the party platforms and policies, and vote for which you agree the most with.

The idea of party affiliation just seems like a way those in power manipulate those who support them, and I think we the people, and voters, should be smarter than this.

&#x200B;

EDIT: Just to be clear I am not against political parties - what I am against are people who affiliate themselves with the parties themselves as opposed to their policies ex. ""I'm a lifelong member of \_\_\_\_\_\_"" or ""I'm a staunch \_\_\_\_\_\_\_\_\_\_\_\_"".",0.2,Logical,0.1,0.4,0.7,1.5555555555555556,13.851934523809526,44.604375000000005,0
"CMV: The new DNC Vice Chair David Hogg exemplifies exactly why the Democratic Party lost the 2024 election
So for those who aren't familiar, one of the Vice Chairs elected by the DNC earlier this week is David Hogg, a 24 year old activist. There's nothing wrong with that aspect, its fine to have young people in leadership positions, however the problem with him is a position he recently took regarding an Alaska Democrat, Mary Peltola. 

Mary Peltola was Alaska's first Democrat Rep in almost 50 years, and she lost this year to Republican Nick Begich. Throughout her 2024 campaign, David Hogg was very critical of her, saying she should support increased gun restrictions, and then he celebrated her loss in November saying again that she should support gun control, in Alaska. This is exactly what's wrong with the DNC.

In 2024, the Democrats lost every swing state, every red state Democratic Senator, and won only three Democratic House seats in Trump districts (all of whom declined to endorse the Harris/Walz ticket). If you look at the Senate map, there is no path to a majority for the Democrats without either almost all of the swing state seats or at least with a red state Democrats. Back in Obama's first term, the Democrats had seats in Montana, Missouri, West Virginia, and both Dakotas, but in 2010 after supporting the ACA and a public option on party lines they lost most of them, and in 2024 after supporting BBB on party lines they lost all of them. 

My view is that the Democrats are knowingly taking a position that its better to lose Democrats in redder areas than to compromise on certain issues, something that has recently been exemplified by the election of a DNC Vice Chair that celebrated the loss of an Alaska Democrat. I think if this strategy continues, they will go decades without retaking the Senate and likely struggle to win enough swing states to take the Presidency again either. ",0.1,Logical,0.2,0.3,0.9,1.1764705882352942,15.946554216867472,39.86651807228915,0
"CMV: Drake is extremely overrated as an artist and doesn’t deserve the recognition he gets
Don’t get me wrong, Drake has a few songs here and there that are pretty good - but off the top of my head I can name 20+ rappers who have a better flow, much better lyrics, beats etc...

I just have no clue why he’s so popular and overhyped by almost everyone? He’s nothing more than generic to me. 

Just to clarify i’m not an old head or anything, I listen to Travis, Young Thug, Future and all that - I genuinely just struggle to find reasons why Drake is better than your average rapper.

Please give me an insight into why people like him so much and change my view on Drake as nothing more than a generic artist. 

Thanks",0.3,Neutral,0.6,0.3,0.4,1.0,11.19777777777778,62.87000000000002,1
"CMV: The biggest issue facing the LGBTQ community is itself, and it’s full of toxic, non inclusive, insecure people that gatekeep personality and sexuality.
I’m a bisexual man that tends to lean more towards guys, and in the past few days can recount multiple separate negative interactions I’ve had with other gay guys / girls. Obviously this is a small sample size below, but Ive had more negative experiences with LGBTQ people than positives. As I’ve been an open member of this community for more than a year and have made many gay friends / acquaintances, I feel I have fair grounds to comment on its toxicity. These are the three most recent experiences I’ve had and the issues I have with them:

1) Extreme body shaming / bullying — this is a big one. I’ve suffered from anorexia in my life and am currently 6’3, muscular and sitting at 210~ lbs. I was in a discord call with a couple people for league clash tonight (one gay) while we start posting pictures of ourselves comparing ourselves to League of Legends champions. Due to my hairstyle, I posted myself next to Sett. I was immediately told by the gay guy that I look nothing like “sett daddy” and was called fatty and told to “tone up and drop some more pounds.” Unoffended at this point, I informed him I used to be 300 lbs with no muscle, until I was bullied into developing anorexia and only recovered like 6 months ago. His response was “should’ve kept going, you ain’t anywhere near a snack rn.” This cut pretty deep, especially when the community preaches “inclusivity.” 

2) I’m apparently a fake gay if I’m bisexual and use it for sympathy, and I’m not allowed to be “straight acting” — An IRL acquaintance I was speaking to during a zoom meeting noticed an LGBT flag hanging in the back of my room. She exclaimed “OMG u/speculatory I had no idea you were gay!” And I clarified “well actually no, haha, I’m bisexual.” I was then bombarded with accusations of “cultural appropriation” and “sympathy seeking” as I was “clearly a straight man from how I act.” Again, it seems odd for a community that is supposed to be all inclusive to degrade me for how I act and who I love. 

3) EXTREME sexualization / gay is a personality trait — During the same clash game as in #1, one of my close friends had his little brother (8 years old) in the room and was playing League on speakers since he had to watch him. The gay guy died in lane, and starts moaning and saying “this rengar just raped my boy pussy oooh” and other stuff. My close friend tells him to shut up because his 8 year old brother is in the room and gay guy immediately calls me friend a “homophobic fuckboy” and says he’s probably “closeted” and should come over and try some “boy pussy.” At this point my close friend left the call and gay guy resumes with his extremely hyper sexualized remarks during a video game. There’s a fine line between being yourself and just being extremely vulgar to the point where your presence offends and shocks a group of 20 year olds. 

As I’ve said, these aren’t one time occurrences — similar situations to those above have happened at least half a dozen times each to me personally from different people. I can’t say I’m proud to be part of a community that is built entirely on drama, sex, and appearance.",-0.3,Passionate,0.8,0.9,0.5,1.9285714285714286,11.437676746166954,56.62307957126633,1
"CMV: All places in which people are incarcerated, detained, etc. should be completely open to journalists and the public eye.
**CMV: All places in which people are incarcerated, detained, etc. should be completely open to journalists and the public eye.**

I recently heard the news about the [supposed whistleblower who alleges mass hysterectomies are occurring at an ICE Detention Center](https://lawandcrime.com/high-profile/like-an-experimental-concentration-camp-whistleblower-complaint-alleges-mass-hysterectomies-at-ice-detention-center/). Obviously we don’t yet know how truthful these claims are, but regardless of their accuracy, but that itself is another problem: that we don’t know. We should be able to know exactly what is going on in these places so that we could confirm either that there are problems or that things are fine. All of these records regarding what goes on in places like this, including the way people are treated, medical records, how facilities are run, etc. should be open to the public. Journalists should have mostly free access to tour the facilities. This shouldn’t just be for detention centers. That’s just one example. Other normal jails and prisons should have to be just as transparent.

Of course, I’m willing to acknowledge the following exceptions:

&#x200B;

1. The identities of the individual prisoners/detainees.
2. Information that would specifically allow for easier break-ins or escapes.
3. Any information found in investigations/interrogations by the facility that would compromise said investigations should it be released (ex. information a cop gets from interrogating a detainee, information received at Guantanamo Bay from a terrorist that is necessary for national security).


EDIT: To clarify when I said “medical records” I’m not referring to information on the conditions of specific patients, but rather all actions taken by any medical facilities, and certainly not specifying which patients this was done to.

EDIT 2: I’m not responding to any more comments along the lines of “tHaT sOuNdS LiKe A zOo”. I’ve addressed that point sufficiently in various replies to the same arguments over and over again and I find it mostly tired and unconvincing at this point. I will make an exception for any arguments that actually expand on that discourse in a reasonable way instead of repeating it.",-0.1,Logical,0.1,0.4,0.8,1.434782608695652,11.295438311688311,43.93473484848488,0
"CMV: Criticizing the Chinese government does not make you Sinophobic, Criticizing the Israeli government does not make you antisemitic, a country should not be free from criticism because it consists of a certain ethnic group.
As said in the title I think that some people think that some countries shouldn't be criticized because it somehow is a racist attack on a certain ethnic group. I feel like it has become more and more popular to try and prevent any discussion about these countries and I think that is wrong. China and Israel should be subject to the same scrutiny and criticism as other nations across the globe are and by calling any criticism of China/Israel as Sinophobia/Antisemitism truly undermines the fight against real Sinophobia and Antisemitism. 

I think when governments are criticized we as a society must realize that ordinary citizens are not responsible for the actions of the government, in China we have seen how the CCP feels about criticism and protests from its own people, most infamously the Tiananmen square massacre of 1989 where the military was used to crack down on protests against the Chinese Government. I believe if people are unable to criticize those in authority then we should truly be concerned.

TL;DR of view - Ordinary people should not be blamed for the actions of their government and governments should not be free from criticism because of the ethnicity of their people.

I am open to changing my view please feel free to respond to this thread to talk

Edit: Hello boys, it has been a fun couple of hours (better part of 8 hours yikes time goes fast), I'm going to take a hike for a bit and am still going to respond to any new replies I get. I have already changed parts of my point of view in regards to this thread and I invite everyone else to be open while talking in this thread. If you would like specifics on what I have changed parts of my point of view on please check out the comment by the automod. Stay safe and be civil :)",0.5,Logical,0.1,0.4,0.7,2.5,14.590000000000003,47.45500000000003,1
"CMV: the big bang theory is the worst popular tv show of the last 20 years (at least)
this may seem subjective, but i think there are enough objective reasons that the big bang theory(bbt) is terrible. for some reference, [here](https://www.imdb.com/list/ls095465155/](https://www.imdb.com/list/ls095465155/) is a list of some very highly rated tv shows from the past couple decades. deadwood, breaking bad, sopranos, it's always sunny... some real high quality stuff. quality obviously isn't always directly reflected in ratings, however. in terms of popularity and viewership, bbt has been consistently the [top](https://bestlifeonline.com/most-watched-tv-moments-2018/?nab=0&utm_referrer=https%3A%2F%2Fwww.google.com%2F) [program](https://ew.com/tv/2018/05/31/top-50-most-watched-shows-2017-18-season/) of the [year](https://www.tvinsider.com/241950/top-50-most-watched-tv-shows-2016-2017-season/), occasionally behind the superbowl and a few other football events. and that is well into its12 year run, 7,8, 10 years in.

establishing bbt's popularity is easy and objective. how to demonstrate its terribleness? it is my opinion that the show is not funny at all, but it is objectively offensive and insulting to basically everyone. not only that, but there is no character growth, mainly because the characters themselves are designed to only be shallow caricatures in the first place. attractive people are dumb sluts(penny, zach), smart people are gawky wierdos who creep out women (all the males on the show), smart women are frumpy wierdos(amy). 

lets go thru the cast real quick:

penny: doesn't even have a last name. is attractive and therefore dumb and promiscuous. has 0 personality, once her relationship is established with leonard she becomes nothing but an obnoxious harpy who hates everything and complains about all of it.

leonard: he is short and smart, therefore weird and awkward. he is obsessed with the girl next door because she is hot, and no other reason. he is a doormat for sheldon, yet for some reason (because the writers said so) he enables him and stays with him. 

sheldon: a complete nightmare of a human being. he is clearly autistic, but it is all just for laughs. no sane person would maintain a relationship of any kind with him, yet for some reason he manages to keep 7 people wrapped around his finger by acting like a child.

howard: smart, so a creepy weirdo. the only character that actually has a bit of an arc, i'll get to that.

raj: smart, so a creepy wierdo. so creepy and weird he literally can't speak to women until alcohol touches his lips. this goes on until the writers realize the show is getting more popular and need a few more women, and they just ""cure"" him.

amy: smart, so a frumpy wierdo. comes out of her shell a little, but doesn't actually develop.

bernadette: gets a phd so must be smart? a weirdo, and controlling shrew, made to be horrible since she is at least moderately attractive.

stewart: not smart, but likes comic books so a creepy wierdo.

so this show has a character or character trait that is portrayed in  a negative light that can offend or at least insult basically everyone. hot girls, smart people, dumb people, men, women, nerds, geeks, autistic people, etc.

trying not to go too long, but [character arc](https://en.wikipedia.org/wiki/Character_arc)): spoiler, this show doesn't have any. sheldon remains his horrible abusive self, despite getting married and having sex. leonard is still an obnoxious whiner obsessed with the hottie who has nothing in common with him. penny is still a dumb, nagging narcissist, amy is still a frumpy wierdo, she just talks more about how she has friends and sex, bernadette is a horrible shrew, and raj is a creepy weirdo. as i mentioned, howard gets a bit of an arc as he actually does become a slightly more real person and less creepy weirdo after getting married. but it is a pretty flat arc. compare this to the arcs in a good show like breaking bad and you see just how pathetic it is that 12 seasons of bbt gives us basically 0 character development.

a relatively minor point, but i will mention it anyway: all the relationships are terrible. sheldon abuses amy constantly (no surprise, he abuses everyone), penny and leonard have nothing in common and spend most of the time complaining about each other to their friends, and howard and bernadette argue about everything, never communicate, and also have nothing in common.

final point: the show is not funny. harder to prove, but when i watch my favorite comedies like 30 rock, parks n rec, the office, scrubs, archer, always sunny, the it crowd, south park, letterkenny, and venture bros i laugh out loud multiple times per episode even after watching them many times. i have seen most episodes of bbt probably thru season 10, over 200 episodes, and i actually laughed 5-6 times total. watch the [no-laugh track edit](https://www.youtube.com/watch?v=jKS3MGriZcs) and see that it is not so much jokes as people saying things then pausing for laugh track. compare that with actually funny shows (that usually don't need a laugh track) and you will see that bbt is just not funny.

tldr: big bang theory is not funny, has offensive and shallow characters, yet was incredibly popular. either convince me that it is actually good or that there is another popular show that was even more terrible.

edit: wtf is up with the links?

edit 2: i should have specified that i am only talking about scripted shows, as reality tv is, by definition, complete trash. while no reality tv is as popular as bbt, it is certainly just as bad.",-0.3,Passionate,0.1,0.6,0.8,1.4352941176470588,9.03277685492802,61.23172597751086,3
"CMV: Unpaid internships contribute to class barriers in society and should be illegal.
The concept behind unpaid internships sounds good, work for free but gain valuable work experience or an opportunity for a job. But here is the problem, since you aren't being paid, you have to either already have enough money ahead of time or you need to work a second job to support yourself. This creates a natural built in inequality among interns from poor and privileged backgrounds. The interns from poor backgrounds have to spend energy working a second job, yet the privileged interns who have money already don't have to work a second job and can save that energy and channel it into their internship. We already know that it helps to have connections, but the effect is maximized when you need connections to get an unpaid internship that really only the people with those connections could afford in the first place. How is someone from a poor background supposed to have any fair chance at these opportunities?",0.1,Logical,0.1,0.5,0.8,2.5714285714285716,12.17308970099668,51.55197674418605,0
"CMV: All healthcare employees, and public sector employees should be required to take the vaccine or lose their jobs.
This is the perfect opportunity to purge these very important professions of the crazed, deluded, dangerous, and unintelligent.

Medical personnel should be required to follow medical science point blank, doctors and nurses should not be allowed to keep their jobs if they are anti vaccine because it shows that they don't believe in the medicine they give to patients and make them a risk for every patient they come across because they could be carrying the disease.

Teachers should not be teaching kids if they are anti science and willing to put them at risk by refusing to get a proven vaccine or wear masks. Educators should be intelligent not fanatics who are driven by politics and pseudo science, we don't need them indoctrinating upcoming generations with their nonsense.

Emergency services, We don't need police who support these conspiracy nuts or the politically motivated keeping a pandemic alive. Fire Fighters are life savers and we should make sure they are all of sound mind so we can trust them because last thing we need are fire departments having these fools in their ranks, EMTs same as the first point.

All other government jobs, we don't need anti science individuals making policy if you are paid by the tax dollar you need to be someone who listens to facts and who isn't making decisions based on conspiracies' or political clownery.

The vaccine is now approved fully time to lay down the law and rid the public sector of these people so we can get climb out of this abyss we have fallen into.",-0.8,Passionate,0.1,0.9,0.5,8.666666666666666,14.76958481613286,44.782166864373266,1
"CMV: Making students read Shakespeare and other difficult/boring books causes students to hate reading. If they were made to read more exciting/interesting/relevant books, students would look forward to reading - rather than rejecting all books.
For example:

When I was high school, I was made to read books like ""Romeo and Juliet"".  These books were horribly boring and incredibly difficult to read.  Every sentence took deciphering.

Being someone who loved reading books like Harry Potter and The Lord of the Rings, this didn't affect me too much.  I struggled through the books, reports, etc. like everyone and got a grade.  But I still loved reading.

Most of my classmates, however, did not fare so well.  They hated the reading, hated the assignments, hated everything about it, simply because it was so old and hard to read.

I believe that most kids hate reading because their only experience reading are reading books from our antiquity.

To add to this, since I was such an avid reader, my 11th grade English teacher let me read during class instead of work (she said she couldn't teach me any more - I was too far ahead of everyone else).  She let me go into the teachers library to look at all of the class sets of books.

And there I laid my eyes on about *200 brand new Lord of the Rings books including The Hobbit.*  Incredulously, I asked her why we never got to read this?  Her reply was that *""Those books are* English *literature, we only read* American *literature.""*

Why are we focusing on who wrote the book?  Isn't it far more important our kids learn to read?  And more than that - learn to *like* to read?  Why does it matter that *Shakespeare revolutionized writing!* more than giving people good books?

&#x200B;

Sorry for the wall of text...  

Edit: I realize that Shakespeare is not American Literature, however this was the reply given to me. I didnt connect the dots at the time.",0.3,Passionate,0.7,0.5,0.6,0.8148148148148148,6.865804255319151,69.2776,1
"CMV: If police officers are to be armed, then cases of killing by police should place the burden of proof on the officer
My rationale is simple: innocent until proven guilty. My proposal may sound like a blatant contradiction of this principle but I hope to illustrate why I don't believe it is.

In a criminal trial, the burden of proof lies on the prosecution to demonstrate beyond all reasonable doubt that the defendant committed a certain crime. Cases of police killing are currently framed as the officer (defendant) against the state (prosecution). However, police officers are a part of the legal system, just on the ""enforcement"" side. To allow officers to carry guns implicitly grants them approval to kill in situations in which they consider it necessary to do so. These situations are analagous to a death row trial in which the officer is the prosecution and the victim is the defendant. However, in this case the officer has additionally acted as judge, jury, and executioner, and the sentence has already been carried out. The officer should be required to prove beyond reasonable doubt why that person's death was necessary in that moment; it should not be the state's job to prove otherwise.

Now, **if this were to be adopted, I don't think that it necessitates a criminal conviction for the officer** (bolded because too many comments have ignored this). If the officer is unable to establish sufficient justification for the killing, they should be fired from their job as an officer, forfeit any benefits they may have accrued from their job, and be barred from ever serving in law enforcement again. If you are truly in a situation in which you fear for your life, the idea of potentially losing your job should pale in comparison. I believe that this system would cause officers to re-evaluate the necessity of killing in the moment, and would provide incentive for things like body cameras which could prove their innocence of unjustified killing.

edit: there a lot of comments saying that this is how it already works. I've looked into it and found similarities to my proposal but what I've seen so far has key differences. **If anyone can provide a link to legislation or civil codes that require police officers who have killed on duty to be subject to an external review, the process of which resembles that of a typical criminal trial, then I will award a delta. Please note that even though I say that the process should resemble criminal trial, that does not mean that a criminal conviction is within the scope of this process.**

edit 2: I have to step away from this post for a while. For people to whom I've already responded, I will probably continue the discussion when I get back but otherwise I will most likely not be responding to any new top-level comments, as this post drew a lot more attention than I anticipated. Thank you everyone for your perspectives, even the comments that didn't change my mind gave me more to think about regarding this issue.",0.3,Logical,0.1,0.3,0.9,1.0,13.201069767441862,46.37009302325586,0
"CMV: The manufactured levels of worldwide outrage over the current US situation are increasingly frustrating because the whole Western world is completely silent when it comes to other global atrocities like literal genocide of Uighurs and Rohingyas.
**Edit: thank you guys, I’m new to this sub and it’s so refreshing to have a civil debate with rational well-written replies for a change, rather than just insults etc**

**Edit 2: thanks again for all the replies. Please forgive me if you’ve written out a detailed response and I haven’t responded to it, it was a bit overwhelming to wake up from a short nap to find 80+ replies to try to discuss! Im terms of what ‘changed my mind’, it’s a strange one because my actual point probably comes across as a little blurry. Rather than specifically CMV, the majority of the replies helped me to feel less annoyed. I still feel annoyance at the inconsistency of world outrage, but this has been abated somewhat now that it’s been explained *exactly why* this is the case.** 

————————

This has been stewing in my mind for a few days now, and it's finally started to p\*ss me off with the blackedout Instagram gimmick today. 

\----------------------

So firstly, I am naturally completely aghast at the recent killing of George Floyd, a view which is almost **completely unanimous** across the Western world. The 'method' and reporting of the riots/protests isn't part of my CMV so I'll avoid ranting about that. 

But what is grinding my gears is the sudden outrage that appears to have suddenly sprung up in the last day or two in countries outside of the US. Floyd was killed on the 25th, the news spread quickly to my home country of the UK, and then the subsequent rioting spread even quicker. It has taken until June for the social media virtue signallers to start point scoring, and within a day, it had caught hold and now everyone single post on Facebook, Instagram and Twitter is fellow white people trying to out-do each other on who can be the most anti-racist. 

The current hot-and-happening trendy thing to do among young people is to go on a protest march. And how else will your friends know that you're not racist unless you blackout your Facebook picture, you Instagram story and your wallpaper at home? Everyone is doing it, you wouldn't want to be uncool, *would you?* 

It's like people simply didn't care that much until their friend, their flavour of the month celebrity or their favourite sports team started posting self-promoting, pat-on-the-back (sl)acktivism. Yes, everyone knows your in solidarity. Everyone is in solidarity, we've seen the video. Once again, the whole Western world is in solidarity by default because someone was just murdered. It's not black and white (pun not intended). I akmost certain that the vast majority of people outside of the US will have seen the news story, thought about how horrifically unjust it was, and then gone back to scrolling through their phones/laptops. 

\-----------------------

That's one half of my annoyance, the media-manifactured outrage around the world. 

And that leads onto my main issue: why is there such a deafening silence when it comes to (arguably for more horrific) actual genocide and repression of ethnic minorities in other countries? I'm mainly referring to the crises of the Rohingya Muslims and Chinese Uighurs, although I have no doubt there's others. Calling these issues 'worse' may be controversial, but I'm not here to sugar coat. 9 unarmed black men were killed by cops in the US in 2019. That's 9 too many, and of course there are deep lying racial issues that go beyond police brutality, but that's hardly comparible to village massacres and concentration camps. 

I firmly believe that the media simply doesn't want us to care about those issues because they're not as attractive to report about compared to heating up the pressure cooker and getting free news stories from a good old percieved race war on the home turf. I can probably count on one hand the amount of Uighur or Rohingya-related news coverage or social media activism I've seen over the years. Because *how are you going to score internet bonus points with your friends when they have no idea who the Uighurs are*, right? The last time I can remember any sort of mass outrage over this kind of issue outside the Western world was the Kony 2012 hysteria, and that only lasted for a week. Why was everyone incensed? Yep, because the media told us it was the cool thing to do at the time. 

A counter argument I've seen to all this is ""well we can't really change \_\_\_\[bad\]\_\_\_ country's mind"", and while this is perhaps true, the same is true for the current situation. The US won't listen to years of pressure from it's own citizens, what the hell makes you think they'll even remotely care about your small protest in New Zealand or the Netherlands, or your random English sports team staging a self-masturbatory PR picture with all the players kneeling? To this, someone will probably reply ""it's all about solidarity, about awareness"". Ok, then surely everyone should want to show solidarity and awareness with the Rohingya crisis if it's that easy. 

I don't even know what to think at this point. Am I annoyed at the currents riots/protests for getting too much insipid support from people who only want to care because it benefits them in some way, or am I more annoyed the other atrocities don't get the time of day in the media because they're not as trendy as *racism, police brutality, and F the system*?

\---------------

Sorry for the incredibly long post, I didn't realise how much I was writing. I probably could've waffled and ranted for many more pages! 

Someone want to change my mind? I'm becoming increasingly cynical day by day and worrying, it's starting to make me turn a bit sour to the whole 'racist police' cause as a whole.

—————-",-0.2,Passionate,0.2,0.8,0.7,1.4927536231884058,11.03486183858277,57.32782736224598,5
"CMV: If Republicans do not support Abortion or Birth Control, then they should be supporting social programs to help families raise children.
I know that the topics of Abortion and Birth Control are very sensitive topics for people to discuss (especially here on this subreddit). But the main issue I see with these topics is what should be allowed for women to do if they cannot care for a child that may come about from having intercourse with someone. In Politics, as the issues have come up, Republicans have seemed to come to the conclusion that both Birth Control and Abortion are either immoral or a form of murder (I'm stating both because these are the most common arguments I see).

By themselves, I can understand these arguments, I mean I understand wanting to give babies a chance at life, but they also contradict with the fact that Conservatives also generally do not support social welfare programs in general but that opposition also includes not supporting initiatives to help families care for children. There are many different programs different countries have done, such as Maternity Leave, Healthcare reforms centered around birth care, subsidies to assist with childrearing cost, etc... These are usually government forms of assistance, but there is also intense opposition to private attempts to help families with these issues (Planned Parenthood is the first thing that comes to mind, but there are probably other good examples).

So TL:DR, what am I saying. I've noticed that Conservatives do not support Birth Control or Abortion, but also refuse to help cover the costs of the children that result from the lack of access to these, even when families cannot afford the children they are essentially forced to have.

I'd like to see some justification for this, or just some sort of explanation for why they should keep up this mess of contradictions in US politics.

**Edit: I'm just going to say this because its coming up alot in the comments below, what I am getting at is Republicans are generally against interfering with what a person does in their lives, but they seem to violate that in trying to restrict abortion. So I am saying that if they are willing to intefere in someones life because of that, they should be willing to help cover the costs associated with that prevention**
_____

> *This is a footnote from the CMV moderators. We'd like to remind you of a couple of things. Firstly, please* ***[read through our rules](http://www.reddit.com/r/changemyview/wiki/rules)***. *If you see a comment that has broken one, it is more effective to report it than downvote it. Speaking of which,* ***[downvotes don't change views](http://www.reddit.com/r/changemyview/wiki/guidelines#wiki_upvoting.2Fdownvoting)****! Any questions or concerns? Feel free to* ***[message us](http://www.reddit.com/message/compose?to=/r/changemyview)***. *Happy CMVing!*",0.1,Logical,0.2,0.3,0.8,0.9166666666666666,13.529579194260489,48.489865480132465,3
"CMV: Euthanasia should be legal because we deserve the dignity of a peaceful death > long term suffering
In my opinion, adults who are competent (e.g. conscious, doesnt have alzheimers, sober) should be allowed to elect euthanasia as a solution for intense and long lasting suffering. It's more inhumane to make people suffer for years, especially to illnesses like cancer, rather than have a peaceful death on their own terms. 

For non-competent adults (e.g. long term comas, severe alzheimers, otherwise compromised); their caregivers should be allowed to make that choice as well. If the prognosis is continued suffering and deterioration to an eventual death, they should be allowed to elect euthanasia in their care receiver's best interests. 

I think this could extend to children as well. If your child is born with severe disabilities or diseases (e.g. cancer, SMA, born very prematurely), in some cases it would be more moral to put the child to a peaceful death rather than raise them, watch them suffer, and eventually deal with their prolonged death. In some cases, a child might live in a hospital bed their whole life; this isnt a life but rather a parentally enforced existence. I understand this is probably my most contentious point, but I feel strongly about it. 

All aforementioned examples would obviously be counselled and performed by a medical professional.

All in all, we dont choose to come into this life. We might as well get the choice on how we/incapable wards leave it. 

For context: I'm female, atheist, pro-choice, and from the US.

Deltas: 

- All conscious patients should be included in the decision, even if young or severely disabled. In cases of severe disability, the explanation would need to be accessible and comprehensive to the patient's capability levels. I'm still on the fence on the cases like severe alzheimers or mental impairment where they cant make other legal decisions (like will changes or getting a license) and how that would be balanced with their wellbeing

- People with severe mental illnesses/emotional disabilities should be allowed to go through this process as well, under supervision of medical and therapy professionals. Their suffering is real, too.",0.1,Logical,0.3,0.8,0.6,1.5,10.611284092584402,52.45107916850952,0
"CMV: Waking up at night from a text is your own fault. It's your phone, stop getting pissed at others because you left your sleep up to random chance
EDIT: I think there's occasional exceptions where people may need the *text* sound on at night but that's got to be a small minority. I think that if it's somebody who has stated to you they don't want texts at night, then of course it's gonna be your fault sending them one, but the vast majority of the time this happens the person getting the text hasn't made that clear upfront, and then gets upset, which is the problem. I should point out that the DO NOT DISTURB feature on Android (iPhone too) solves this problem, making even less of an excuse for people to get pissed lol

*FINAL EDIT*: *Straight up I realized a lot from this post. First of all, it's really obvious there are 2 camps on this subject: one is older people with kids, responsibilities or jobs who prefer to let people reach them at night via text for 'pressing' matters, who grew up with rotary phones where the phone could easily wake you at night. The other is people like me, 20-30 year olds who are probably single, where literally virtually everyone we know is also like us, and anybody who complains about waking from texts is deemed a turbo-idiot because ALL of us stay up late and have very wack sleep schedules. The cut and dry is: if you're the sort of person who often texts with people casually late at night, past like 12am, you're likely to be on the side of 'mute your fucking cell dumbass'. If you're over like 35 and have a family you're probably of the opposite opinion. It's pretty clear that's all that's going on here. So my original post, I concede a lot of what I was saying to a number of comments to be honest. I'll leave you with this argument...when you cross the road, do you look both ways? Yes. Even though there are traffic lights, even though people are supposed to stop and not hit you. So why do you look? Because you're taking matters into your own hands to not get hit, because some people are dumb. So there's truth on both sides a bit: if you text someone late it could be considered inappropriate. Conversely, if waking up because of this happens to you a lot (regularly) like I see in some of the comments, take matters into your own hands somehow and alter your phone settings for some contacts, instead of willfully getting annoyed at the world repeatedly. /discussion*

It's come to my attention that some people get really pissed when they get texts at night. This is especially stupid when they have friends who are known night owls.

So, they are complaining about waking up because of *their own device*. **That really should be my whole argument basically, but here's more...**

So am I saying it's OK and cool to text people in the middle of the night? Well, think of it this way: In reality you'd be stupid to do it, because of this exact phenomenon. That's why I don't do it, and also cause I don't usually have a reason to do it. But it doesn't change the fact I will defend your right to be able to do it lmao, because honestly, sometimes I just want to text somebody at night so that they can see the fucking text when they get up.

On top of this, isn't it just supremely dumb to have a text sound on at night? Between calls from telemarketers early in the morning, and texts from your drunk or fucked up friends late at night, aren't all arrows really pointing at you failing to turn your sounds off?

I get that people aren't gonna want to fuss with their settings daily, but here's the real confusing bit to me: why the hell do you want an incoming text sound anyway? I have never, ever in my life regretted not knowing that I got a text RIGHT away. I check my phone often enough. I get enough texts anyways, that I get back to people in like an hour or so usually, and often a lot faster. I check my phone when I feel like it, instead of when my phone decides. Having the sound on isn't even good for your mental state anyway, or your fucking sleep apparently. *Use vibrate if anything I guess, that makes a billion times more sense.* What kind of texts are you getting where you're gonna be burned not replying in 1m? Billion dollar business deals? Who do you even know that needs such a super quick response? It's literally just tech addiction.

If **you** wanted my attention really badly for something quickly, would you text me or call me? If you were waiting outside my building to come inside, would you text me or call me? If you had anything important to tell me that was time sensitive, would you text me or call me? If you answered 'call me' to all 3 of those questions, congrats! There is hope for you

It's called a ringer. That's my version of 'ding'. Ringer = holy fuck I need your attention. Text = casual, non life-threatening chat where there's not urgent up-to-the-minute fuck-giving at hand. If there's ever a situation where I'm anticipating some contact I don't want to miss, I tell people to call me. My ringer is always on. (I turn it off when I sleep cause I'm not fuckwitted lol, cause I have friends that are known night owls and so am I sometimes).",-0.6,Passionate,0.2,0.6,0.7,0.6867469879518072,7.929230637861842,72.96373281530187,8
"CMV: If Cardi B was a man, we would be boycotting her music and her career would be destroyed
Cardi B jusr revealed for no reason at all that she used to DRUG MEN  in order to get them to take her home to have sex with, and then rob them, and that she would also ""trick"" men into sleeping with transwomen.

I am completely outraged and disgusted by this but moreso by the double standard of society that this is making apparent. In the face of a social movement on the scale of MeToo, if this had been a male figure on the same scale of influence and fame as Cardi B there would be absolute outrage from all corners of society, radio stations would refuse to play their music, and the male equivalent of Cardi B would have their life and career be completely over, as well as likely having their victims reveal themselves  and hopefully there would be legal criminal action taken against them.

How us it acceptable for this woman to have acted this way? Why are people treating this horrible abuse of other humans as seemingly a joke? Why are people not as disgusted with this as we have been with, for example, Bill Cosby or perhaps as with the incredibly minor exanple of Aziz Ansari?

This speaks to an absolutely disgusting double standard and shows how little people care of the assault on men by women. I cannot believe Cardi B is just going to get away with this. Please explain to me why the same outrage over every other case of this sort of abuse that has recently come to light is entirely absent here? Please maybe give me some hope that some action is being taken and that this multi millionaire isn't just going to be able to get away with this atrocity scott-free? I really thought we were past this....
",-0.4,Passionate,0.1,0.9,0.5,1.0416666666666667,12.809655172413795,54.87586206896553,0
"CMV: A fetus being ""alive"" is irrelevant.
1. A woman has no obligation to provide blood, tissue, organs, or life support to another human being, nor is she obligated to put anything inside of her to protect other human beings.

2. If a fetus can be removed and placed in an incubator and survive on its own, that is fine.

3. For those who support the argument that having sex risks pregnancy, this is equivalent to saying that appearing in public risks rape. Women have the agency to protect against pregnancy with a slew of birth control options (including making sure that men use protection as well), morning after options, as well as being proactive in guarding against being raped. Despite this, unwanted pregnancies will happen just as rapes will happen. No woman gleefully goes through an abortion.

4. Abortion is a debate limited by technological advancement. There will be a day when a fetus can be removed from a woman at any age and put in an incubator until developed enough to survive outside the incubator. This of course brings up many more ethical questions that are not related to this CMV. But that is the future.",0.0,Logical,0.1,0.3,0.9,2.0,10.143131313131313,54.40136363636364,0
"CMV: Violent crimes should be punished more harshly if they are committed by on-duty police officers
Disclaimer: I am not a lawyer, and I may be missing some nuances with respect to how sentencing and punishments typically work, and lots of other stuff.

Violence, or the threat of violence, is punished more harshly when there is more weight behind it. For instance, the difference between simple battery and aggravated battery generally includes the use of a deadly weapon, even if the injury sustained by the victim is the same.

The actions of on-duty police officers have the implicit backing of the state, which has a monopoly on the legitimate use of violence. In the same way that it is worse to commit a crime with a deadly weapon than it is to commit that same crime without one, it is also worse to commit a crime while leveraging the power of the state than it is to commit the same crime without leveraging that power. 

I therefore believe that violent crimes such as assault, battery, manslaughter, and murder that are committed by on-duty police officers should carry increased punishments. For instance, an on-duty police officer who commits second degree murder might be subjected to the same range of sentences as a non- (or off-duty) police officer who committed first degree murder.

Edit:
So I wanted to address an argument that I've seen against this in the comments several times--namely, that we shouldn't have different legal standards for different people based on their profession. I agree. I was thinking about that when I first made this post, which is why I originally excluded off-duty police officers--my intent was to differentiate the act (commission of a violent crime and taking unjust advantage of the state's monopoly on violence) from the person (the police officer). I'm not sure if the method I proposed actually accomplishes this, though. A few people have pointed out potentially better ways to do this.

Also, apparently something like this already exists, as u/r33k3r and others have pointed out: https://www.justice.gov/crt/deprivation-rights-under-color-law

Edit2: Left out a word",0.2,Logical,0.3,0.1,0.9,1.4736842105263157,14.673514492753622,41.06766304347829,0
"CMV: We are going to have to come up with a better term than ""LGBTQIA+""
When I was young, the word ""gay"" meant anyone with a same-sex orientation. Then ""gay"" acquired more of a connotation of just gay men, so instead of just ""gay rights"",  people started referring to ""gay and lesbian rights"" to be more inclusive. Then, I still remember the day in college that our on-campus chapter of GLAAD was renamed BGLAAD to include people with a bisexual orientation. Shortly after that, because the discrimination trans people face is similar in a lot of ways, we shifted again to ""LGBT"", which is still pretty easy to say and most people, even those outside the community, knew what all the letters stood for and what groups they represented. 

But now, it's evolved to ""LGBTQIA+"", which is only three syllables shorter than ""antidisestablishmentarianism"", the longest word in the English language. Most people saying it bog down around the Q as they struggle to remember how the rest of it goes, and even when they get there, they're not exactly sure what the letters stand for or what groups they represent. Worst of all, I'm sure we're still not representing everyone who feels like part of the community. Are we just going to keep on adding letters indefinitely? And to me, at least, the current term isn't egalitarian within the movement; rather, the groups listed first are always included, while those at the end have a ""tacked-on"" feel and are sometimes omitted, implying they are less important. In a community so damaged already by marginalization, wouldn't a more egalitarian term be better?

One term I've heard proposed is ""GSM"", for ""Gender and Sexual Minorities"", which accomplishes a lot of the goals here but which has never really caught on. But, I think we're now at that breaking point where we have to come up with something better than what we currently have. Change my view?",0.2,Logical,0.2,0.3,0.8,0.7941176470588235,12.012098765432103,53.332521367521394,1
"CMV: Transwomen (transitioned post-puberty) shouldn't be allowed in women's sports.
From all that I have read and watched, I do feel they have a clear unfair advantage, especially in explosive sports like combat sports and weight lifting, and a mild advantage in other sports like running.

In all things outside sports, I do think there shouldn't be such an issue, like using washrooms, etc. This is not an attack on them being 'women'. They are. There is no denying that. And i support every transwoman who wants to be accepted as a women.

I think we have enough data to suggest that puberty affects bone density, muscle mass, fast-twich muscles, etc. Hence, the unfair advantage. Even if they are suppressing their current levels of testosterone, I think it can't neutralize the changes that occured during puberty (Can they? Would love to know how this works). Thanks.

Edit: Turns out I was unaware about a lot of scientific data on this topic. I also hadn't searched the previous reddit threads on this topic too. Some of the arguments and research articles did help me change my mind on this subject. What i am sure of as of now is that we need more research on this and letting them play is reasonable. Out right banning them from women's sports is not a solution. Maybe, in some sports or in some cases there could be some restrictions placed. But it would be more case to case basis, than a general ban.",0.4,Logical,0.3,0.1,0.8,2.5,7.182593905031894,69.65498228206947,2
"CMV: The obligation to ""state your pronouns"" creates an emphasis on gender in a world that would probably benefit from de-emphasizing it
I labored over the title and I apologize if it sounds too harsh. It's hard to put into a single sentence.

It is very common in the social and professional circles I find myself in these days to go in a circle and all state our pronouns at the beginning of a meeting. I feel happiest when I can minimize the necessity to talk about my gender identity at all -- I don't see the need for rigid definitions, I don't see myself as strictly male or female, and I would prefer to live in a world where, socially, these distinctions mattered less over time rather than more. 

I understand that for some people, their gender identity feels very integral to who they are as a person, and while I don't understand what that feels like, I respect that it's a way that some people feel. I understand that we go in a circle and all say our pronouns so that someone with a different pronoun won't feel called out or put on the spot having to bring it up. I understand the goal is to make it a safe space where people of all identities feel welcome. But it also feels like there's less and less room to opt out of this mode of self-identifying. Must we \*all\* feel such a strong attachment to our gender that we need to state it at the top of every meeting? 

Personally, I'd love to get away from the emphasis our society places on gender altogether. But we're just talking about it with such increasing specificity that I start to feel like we're just emphasizing gender MORE. 

 I'm not interested in identifying as ""non-binary,"" I would never ask someone to use a word like ""they"" as my pronouns, though I don't care if that's how someone refers to me. I'm supportive when that's how someone else chooses to identify, but I'm not interested in asking people to do this.  I feel like it's just asking someone to spend more time thinking about my gender rather than less. And introducing myself as ""she"" or ""he"" just feels disingenuous.

I must be missing something. Is this just the awkward phase we have to go to in order to get to the part where our gender doesn't have to define us? Or do most people prefer the idea of a world where gender is explicitly discussed (not in a binary but certainly still with labels) forever after? Is there a good side to that which I'm not seeing?",0.3,Logical,0.3,0.4,0.7,1.2222222222222223,10.718729255571365,59.83632290184923,6
"CMV: The current US bailouts for all the large companies is unfair to both the US taxpayers, small businesses, and every company that responsibly managed their money in recent years
Recently, the US government has given out trillions in bailouts to the airline, retail, hospitality, etc industries. However, as a tax payer, I'm outraged that these large corporations are getting these handouts from the government and getting rewarded for their greedy behavior. The bank bailouts of 08 made me sick and I can't believe we're doing this again. Millions of Americans lost their jobs and their homes due to the bank's irresponsible and illegal behavior, and yet all these bankers made out with millions.

Take the airline industry for example. 96% of their Free Cash Flow was spent on stock buybacks this past decade. These C-suite executives and investors made millions off this type of behavior despite not creating any type of value for both the company and for their employees. If your company can't last a few months of stagnant revenue, you shouldn't be spending all that money on buybacks and dividends. Especially when a large reason these companies found so much excess money in the last couple years was an egregious gifted tax cut from the government. Sure no one could have foreseen the current environment, but nearly every economist was predicting a recession within the next few years. They should have prepared for some type of downturn. 

Furthermore, this punishes the companies that actually acted responsibly with their capital. In normal circumstances, this would be their opportunity to gain market share and even buy up some of the failing companies. Instead, they are robbed of this opportunity. The way our market works is that feedback is all seen through the lens of risk and reward. When a company decides to spend almost all of their profits on buybacks, they are taking the risk that a black swan event in the future can cause bankruptcy. Now we are removing the incentive for prudent decision making for companies. What's to stop companies of only acting recklessly since they know the government will always bail them out?

Lastly, lots of small businesses are going bankrupt everyday. Where are their bailouts? Why should large companies with every advantage in the world be given this lifeline for acting so irresponsibly, when normal everyday people struggling to get by are not allotted this same opportunity.

Before anyone says it, I understand bailouts are not free money. They're a loan by the government. But the interest rates are typically much lower than they would command in the free market. The government should either charge a high interest rate to compensate for that risk, or inject money into these companies through equity investments that could be put in a blind trust. At least in this scenario, the bailout is seen through the lens of a prudent investment. It's also pricing in the risks of investing in these companies since we never know what will happen to them in the future. If they don't want it, they can find someone else to give them money or go bankrupt. It's not like these companies will just disappear, there will be a buyer somewhere out there. 

No one is ENTITLED to a low interest loan from the government, especially these mega corporations who barely pay above minimum wage for their lowest employees while constantly upping the C-suite's compensation. By handing out bailouts that actually reflect the risk for these companies, we can actually punish the C-Suite and investors who squeezed every bit of profit out of the company during good times since these deals will negatively affect the stock price. The bailouts in its current form reward the CEOs and investors who already cashed out in the past couple of years pushing for buybacks and increased dividends.",-0.3,Passionate,0.2,0.7,0.8,1.236842105263158,10.55336805555556,54.96671875000001,7
"CMV:Strange women lying in ponds distributing swords is no basis for a system of government
Supreme executive power derives from a mandate from the masses, not from some farcical aquatic ceremony.

You can't expect to wield supreme power just 'cause some watery tart threw a sword at you.

If I went around saying I was an emperor just because some moistened bint had lobbed a scimitar at me, they'd put me away.

However, given the current state of politics, I'm willing to consider alternatives to democracy.  
_____

> *Hello, users of CMV! This is a footnote from your moderators. We'd just like to remind you of a couple of things. Firstly, please remember to* ***[read through our rules](http://www.reddit.com/r/changemyview/wiki/rules)***. *If you see a comment that has broken one, it is more effective to report it than downvote it. Speaking of which,* ***[downvotes don't change views](http://www.reddit.com/r/changemyview/wiki/guidelines#wiki_upvoting.2Fdownvoting)****! If you are thinking about submitting a CMV yourself, please have a look through our* ***[popular topics wiki](http://www.reddit.com/r/changemyview/wiki/populartopics)*** *first. Any questions or concerns? Feel free to* ***[message us](http://www.reddit.com/message/compose?to=/r/changemyview)***. *Happy CMVing!*",0.1,Humorous,0.1,0.4,0.5,1.3333333333333333,8.482364687335785,62.26025748817656,1
"cmv: “All white people...” opinions are challenging for white BLM allies
Let me make this clear at the beginning: black lives matter. Black lives should always have mattered. This is not the opinion I would like to discuss changing. 

Lately I’ve been struggling, as a white person, to read tweets/opinion pieces where people of color lump all white people together in a negative statement. Today I saw someone tweet a picture of a trump rally with a caption to the effect of “it doesn’t matter how much info comes out about the president being a scumbag, white people will always support the oppression of blacks no matter what”. 

I know they’re not talking about allies like me, but I still feel hurt and challenged by these statements. No matter how much I protest, donate, and spread awareness, some people will still see that I’m white and associate me with people who oppose my view. The most aggravating part of this for me is that even expressing that statements like these are challenging poses me as someone who isn’t fully committed to the cause, and makes it easy to be targeted and labeled as a racist white person. I understand that black people have experienced much worse for hundreds of years, but I haven’t found a way to not be bothered by this on my own.

I want to listen and I want my opinion to change. Thank you ahead of time for commenting, even if you are angry at me for posting this.

Edit: thank you again for all of your comments. I genuinely want to respond to all of you, so sorry if it takes me a while!

Edit 2: As an edit to my first edit, I’ll be responding to all comments that are not insulting, manipulating my words, or written with intent to attack me for trying to learn and grow. I’m not here to argue with anyone. That’s literally not the point of this sub. Thank you to everyone who has been kind, helpful, attentive, and transformative. I appreciate your comments and I love you all.",0.6,Passionate,0.4,0.8,0.6,1.1363636363636365,8.316496240601506,68.24734586466168,1
"CMV: All public restrooms that contain only a single toilet should be gender neutral
I was discussing this with a friend of mine when we are at an ice cream parlor. The parlor had a male and a female bathroom,  but both only contained a single toilet and sink meaning that it could only be used by one person at a time no matter what (Barring small children who still need their parents to help).

Both she and I saw no reason for them to be labeled, and that them being gender neutral would have no adverse effects.

But I might be wrong. I am only looking at this from my limited view point.

So, barring any legal reasons, why should such restrooms stay gendered?

",0.2,Neutral,0.2,0.1,0.8,1.5,8.299800000000001,72.66356666666667,0
"CMV: Anyone who votes for Trump is completely lacking in moral fiber because they are voting for a known rapist
Ever since the court found that Trump raped Jean Carroll and ordered him to pay a restitution fee for defaming her when he said he didn't rape her, Donald Trump should have been automatically disqualified as a candidate because no one would vote for him. Rape is one of the ugliest crimes imaginable and it speaks to the core of someone's character. Only a monster can rape someone. If you knowingly elect a monster who raped someone, you have no moral character.

I hear people say, shit like ""I'm voting Trump because I think he'll be better for the economy"". So if someone raped you, you went to court told everyone about it, it was publicly acknowledged and became common knowledge that that person raped you, you would have no problem with them becoming president as long as the economy did well? Is that what you're saying? Or because that's just a hypothetical and you personally weren't the one who was raped, you just don't care? If it's the latter, you have a severe deficit in empathy and moral functioning.

Ms Carroll and the [long list of other women that have publicly come forward with their stories](https://en.wikipedia.org/wiki/Donald_Trump_sexual_misconduct_allegations) deserve better from us all. They don't deserve to put their privacy and reputation on the line to tell everyone about what kind of man he is just for the people of this country to turn around and say, ""yeah okay, so what?""

I honestly want to know how anyone who believes themselves to be a moral person can condone voting for a known serial rapist and sexual abuser, even putting aside all his other moral flaws and transgressions for now. You don't need to talk about those when rape alone should be utterly disqualifying.

Edit: I have been convinced by the argument put forth by several posters that some people may simply not believe these charges despite the large amount of evidence. It is possible therefore to be misinformed, ignorant or delusional rather than morally deficient. I would still say that their willful ignorance on the matter reveals a whiff of moral insufficiency but not outright complete lacking. As my view has been changed I will now retire from the thread. Thanks to all who have contributed and feel free to continue the discussion without me if you wish!

Edit 2: Just one more thing I want to add. This is going to sound naive, but I really honestly thought that everyone just knew that Trump was a rapist because of the sheer number of claims, the court verdicts, the fact that he has personally bragged about it, his long history of friendship with Jeffrey Epstein, etc. I thought it was like accepting that the sky is blue. So now that I have found out how wrong I was, I actually have to say I am somewhat comforted to find out the depths of people's sheer ignorance/delusion. I mean that's not great, but it's better than people knowingly and willingly all voting for a rapist. So, thanks I guess?",-0.7,Passionate,0.1,0.9,0.5,0.8604651162790697,10.259518500948769,60.61712088867806,2
"CMV: You don’t have to be white to be racist, but society ignores any racists who aren’t white
Pretty much what the title says; society acts like only white people can be racist. I’ve seen memes online that are directly racist towards white people. For example: the meme with the confused black man reading a newspaper, captioned “white people” under a description of a strange thing a white individual did/said.

I understand that this view sounds stuck up on the surface. But answer me this: do we solve racism with more racism? I don’t think so.

Racism should be solved by building up minorities’ rights and banding together so that everyone has equal opportunity, no matter their race. This won’t happen if there are casual jokes making fun of white people.

Imagine if the example I gave in the first paragraph had the roles switched. Imagine if it was a confused white man reading the newspaper and the meme was captioned “black people”. I have no doubts that this would not sit well at all with people.

Again, I ask you: Do we solve racism with more racism?

I am open to discussion and a change of view with solid reasoning and evidence.

Edit: Thanks for all of the different points of view. I think mine has changed, but it kind of got muddier instead of clearer. Please continue discussion; I love these conversations!

Edit 2: I am from America, sorry for not clarifying earlier.",0.2,Logical,0.1,0.4,0.7,1.588235294117647,7.610180072028815,66.17032412965187,1
"CMV: Ronald Reagan was just a selfish pig, and does not deserve the large respect he continues to receive.
I’ll admit that I wasn’t around in the 80’s to, I guess, *truly* experience what gave him the respect he’s gotten to this day (though not by everyone, of course).

What I have seen, however, involved a massive shift in government activities and sociopolitical standpoints that continue to falter our country to this very day... and in the worst ways possible.

Whether it’d be:

- Making sure the American middle/working class doesn’t see it’s voice create the floundering environment it deserves (see the union busting and strikes he had performed, and continue to be performed since).
- Cutting taxes on the rich (I seriously don’t get this idea. Cut the taxes on the rich and screw everyone below them? Why???).
- Taking taxes as some evil thing (you know, the stuff that also provides us with necessary social nets and funding?).
- Start up illegal, small wars in the Middle East that continue to screw up the Middle East to this day. 
- Could’ve given less of a shit about the AIDS crisis and the LGBT community at hand.
- Arguably re-started the Cold War (interesting how nuclear talk wasn’t so much in the books in the 70’s in comparison to the 80’s. 🤔).

The only reason why he’s celebrated is either from:

- Republicans (especially the clowns who treat poor people like they’re some inferior species). 
- Some 80’s kids (Like, ya’ll, I grew up and the 2000’s, and even I think Busch was nothing but a warmongering torture fanatic).

I don’t see a great president, all I see is a profiteering pig who built a selfish, greedy economic and even social culture in our American landscape that continues onward to this day. I seriously cannot understand what brought a generation from “war is bad and peace is good” to full on “Oh, that money’s going to those poor people? Fuck them, I guess”. 

Please, tell me why I’m wrong and why I should continue to see him as an American godsend in the decade of “Greed is good”.

**1/25/2021 EDIT**: Wow, 5.2k upvotes? Tons and tons of rewards (surprised to get wholesome awards for a topic like this, but whatever)? Thank you guys so much!

Lots and lots of back and forward regarding this topic. I didn’t even know the conversation behind this is still as lively as it has been here. I expected some upvotes and some comments here and there. Nope! I guess this topic still bites a lot of people  almost 20 years after Reagan’s death. 

So far, I did learn a bit more from this than I though, some good and some bad (forgot about the Contra scandal, crack, racism and what not). 

I can’t read them all and fully explore all the comments, so please forgive me if I’m slow to respond and/or give deltas! 

I will admit some faults in both my arguments and comments (the faulty Hitler analogy, the lack of other issues involved with my initial argument, my irrational stance against all Republicans, etc,.), all of which I should be more aware of in the future. 

So far, I still haven’t totally changed my stance on Reagan’s decisions and ethics. The homophobia, racism and scandals are just simply inexcusable in my eyes. I can, however, also kinda see why one would vote him on his economic stances back then, as devastating as their effects are to this day.",-0.5,Passionate,0.3,0.8,0.6,1.1590909090909092,9.054969304609887,63.352029802433336,2
"CMV: If you say “billionaires shouldn’t exist,” yet buy from Amazon, then you are being a hypocrite.
Here’s my logic:

Billionaires like Jeff Bezos exist because people buy from and support the billion-dollar company he runs. Therefore, by buying from Amazon, you are supporting the existence of billionaires like Jeff Bezos. To buy from Amazon, while proclaiming billionaires shouldn’t exist means supporting the existence of billionaires while simultaneously condemning their existence, which is hypocritical.

The things Amazon offers are for the most part non-essential (i.e. you wouldn’t die if you lost access to them) and there are certainly alternatives in online retailers, local shops, etc. that do not actively support the existence of billionaires in the same way Amazon does. Those who claim billionaires shouldn’t exist can live fully satiated lives without touching the company, so refusing to part ways with it is not a matter of necessity. If you are not willing to be inconvenienced for the sake of being consistent in your personal philosophy, why should anybody else take you seriously?",-0.2,Logical,0.1,0.3,0.9,1.0,12.232678227360307,41.597276814386674,0
"CMV: It is not unfair to expect your SO to (at least attempt to) maintain some form of physical attractiveness throughout the relationship.
I struggled with the title a bit, so read on if it is unclear. 

This view of mine stems from a debate I got into with a friend of mine, let's call her Sam. We were discussing a mutual friend of ours, who we'll call John, who after years of being with his SO broke up with her 'because she got fat' (Sam's words). 

Now at first glance, yes that may be the heart of what happened. But of course, deep down a lot of other factors were at play: John's SO getting fat was a gradual process which reflected her level of comfort in a relationship she thought was stable and set for life. She had done all the hard work - winning over John - and now that they have moved in together, and had discussions about marriage and possibly kids, she (subconsciously or not) thought she could finally 'let it go' and not have to try so hard. As blissful as that may be, and for some perhaps the goal of a long-term relationship, I think this mentality is fundamentally flawed and horribly unfair on John. Yes, people change as they grow. And yes, when you marry or form a long-term relationship with someone you accept that. But personality change over a lifetime is for the most part beyond one's control; deciding to stop exercising, drinking a bottle of wine every night after work and over-indulging on biscuits while watching too much TV on the sofa as part of a daily ritual is not. It's a sign of resignation. 

John is now in a difficult position. He fell in love with the beautiful girl he met at that party. She had a wonderful figure and clearly took care of her body. Her sexiness lit a fire under him, and their chemistry was both physical and mental. As they started dating he respected the effort she went to stay in good shape. And she clearly didn't do it just to 'get the guy', it was for herself too: She was proud and confident of how she looked. Yet over the last couple of years, all of this side of her had slowly disintegrated. She just didn't care anymore. Her lack of caring for herself was in itself unattractive, and John suddenly started having problems in the bedroom too as a result. Yet was he just being shallow? Should he just 'suck it up' and accept this change as normal, and continue in this relationship which he entered under conditions which have now changed without his consent? If he finds her unattractive now after only a few years, what will happen to their relationship in 10 years?

In the end, John did have many discussions with his SO about this. She accepted she had let things go a bit and said she would try harder. But after another 6 months of no change, he decided the best thing was to end it since he didn't feel the same way. And the two parted ways. 

\*\*\*

Now back to my debate with Sam: She was quite offended by John's behaviour. To her, he was obviously a very shallow man and his treatment of his ex-SO was unfair. I, on the other hand, was completely on John's side. When you enter a long-term relationship with someone, especially a marriage, you make an agreement to try your best to love and be loved by that person for as long as you can. You enter the agreement based on terms at that point in time: ""I love you, my SO, because of who you are and who I predict you will become"". Yet when your SO essentially breaks this contract and gives up being the person that you fell in love with, your feelings for them are bound to change. This goes for not only personality characteristics and psychological wellbeing but also physical appearance, since no matter how all the romanticists like to spin it, it is a culmination of all of these components which make up *you* as a person. 

And they way he dealt with it was also very fair and full of communication. He didn't just dump her suddenly. He expressed his feelings to her, gave her a chance to think it over, and adapt it should she chose to. She didn't and so for both of their best interests in the long run, they split up. 

My fundamental view is then, that it is not unfair to expect your SO to keep working (for lack of a better word) for your love, and vice versa. Whether that be maintaining their physical appearance (as best as time will let you of course) or maintaining common interests so you don't hate each other in 20 years time, for example. It therefore *is unfair* for your SO to 'give up' and take marriage/long-term relationships as an excuse to stop trying.

I'd love to hear some opinions.

EDIT: this has blown up way more than I anticipated and I’m afraid I’d struggle to reply to everyone at this stage! I really *do* appreciate all the responses, on both sides of the argument and am fascinated by what everyone has to say. As of yet my mind hasn’t been changed but I’ve certainly heard some great arguments. I’ll keep checking in and will respond where I can.

EDIT(ii): I’m going to summarise a really common argument I keep seeing, *”As we get old we all grow and change; Our bodies age; Beauty is temporary; No one can stay physically attractive forever, etc.”*. To respond to this, I wholeheartedly agree and accept that fact. But I accept it as a slow process that takes decades, and in most scenarios happens simultaneously to both partners as they age. In John and his SO’s example I presented above, it happened suddenly within the first few years of their relationship, and it was purely a one-sided change. Again it keeps coming back to differing expectations and values: John’s expectations of a healthy long-term relationship clearly didn’t include giving up all the advantages of an active and healthy lifestyle while he and his partner were still in their twenties, whereas his SO’s expectations were quite the contrary. At this stage, after only two years of living together they were already suffering attraction issues, and the foundations of resentment were forming in their relationship, surely that is evidence enough that their expectations in their relationship did not match, and it would therefore be best for both of them to end it before it got more serious (marriage and kids)?",0.2,Logical,0.2,0.5,0.8,0.8795180722891566,9.453087493887736,64.89356618948861,1
"CMV: Mandatory documents, such as identification, should be free of charge.
Most sovereign states require people within their border to own and carry some form of valid identification, by law. This evidently applies to their own citizens. However obtaining those documents generally has a cost. IMO such documents should always be free for a citizen. Lack of income should never make someone automatically illegal, nor complying with the law should have a non-income/asset based cost. Furthermore you should never be forced by law to buy a service; either you charge in the form of taxation (based on income, activity and/or assets), or you have it free. Forcing to buy goes against any logic of consumer choice, and should instead be done through a mandatory tax, or simply not exist.

*Note: exception can be made for consular services, as those are essentially a favor the country of origin does to its expats. So long as they can have it free in their homeland and are allowed to return (there exists adhoc traveling documents for undocumented people). Leaving was a choice, after all.*

*Note2: please don't just reply ""my country doesn't require you to have an ID/document therefore you are wrong"". A few countries are like that, of course, but it's not the point of this post. It's a more general case.*",0.0,Logical,0.1,0.1,0.9,1.05,9.096753246753249,57.832272727272766,0
"cmv: America is an oligarchy and things only change when the owner class wants them to
Average Americans have a negligible impact on legislation passed regardless of the amount of popular support while gigantic corporations and those controlling them have interests that government action aligns stupid closely with, the ultra rich can do whatever they want without consequences, and if the worker class tries the same thing, we face decades in prison. The wealth gap is huge, the average american can't afford surprise expenses to save their life, and everyone under the age of 50 is a veritable wage slave in permanent debt.  Police exist and always have existed to uphold the status quo, the government spies on its own citizens and assassinates prominent leftists and OPENLY ADMITS TO IT. We as a country *literally* fucking destabilize, invade, or otherwise attempt to destroy leftist countries and spread propaganda against them, and we never face the consequences for it. America on a local scale is so god damn gerrymandered to hell that officials control their own reelection chances rather than the people (see: Mitch mcconnell and his 15 or so percent support.) I see zero reason to classify america as a democratic country. We are a thinly veiled [plutocratic] oligarchy with fake elections every four years for candidates that the ultra wealthy themselves choose, and even then your vote literally doesn't matter in choosing which of the candidates the ultra wealthy put forth. 

In summary, America is not a democratic country, it is an [plutocratic] oligarchy in disguise.

Edit: I'm currently in the middle of school, and am doing my best to send out responses. There are some which require longer counters that I'll have to wait to get home for, which will be in a few hours. Until then, I'm responding to smaller points. Thanks

edit2: am home, let's rock

edit3: a user pointed out that the United States would be better classified as a plutocratic oligarchy. Editing post for that",-0.3,Passionate,0.1,0.8,0.7,1.5,13.875951661631422,40.92869858238441,4
"CMV: Cultural appropriation is a ridiculous idea
Culture is simply the way a group of people do everything, from dressing to language to how they name their children. Everyone has a culture. 

It should never be a problem for a person to adopt things from another culture, no one owns culture, I have no right to stop you from copying something from a culture that I happen to belong to. 

What we mostly see being called out for cultural appropriation are very shallow things, hairstyles and certain attires. Language is part of culture, food is part of culture but yet we don’t see people being called out for learning a different language or trying out new foods. 

Cultures can not be appropriated, the mixing of two cultures that are put in the same place is inevitable and the internet as put virtually every culture in the world in one place. We’re bound to exchange.

Edit: The title should have been more along the line of “Cultural appropriation is amoral”",0.0,Logical,0.1,0.2,0.8,1.5714285714285714,10.732773668639055,55.73987056213019,0
"CMV: People who make fun of religious people, but believe in things like astrology, are hypocrites.
So I thought of this because of a girl I ""dated"" in college, she was pretty anti religion but believed in astrology, but the CMV isn't strictly about her or astrology.

In my opinion of you mock, or belittle people for their religious beliefs while simultaneously believing in things like astrology, ghosts, or ""spiritual"" things in general (I'm not sure what the correct term is) you are an hypocrite.

I'm not saying religious ideology can't be criticized, but the argument that it's silly to believe in something based on faith is hypocritical if you believe the things mentioned before.",0.2,Logical,0.2,0.3,0.7,2.2,15.01554347826087,38.61548913043478,0
"CMV: Good baseline quality of life should be the target in society, not income equality.
I believe that society should aim to have a good baseline quality of life, rather than income equality.

First of all, if the baseline is good, who cares if some people far exceed that baseline? Why does it matter how much income varies if the lowest in society are still OK?

Secondly, the richest in society, often referred to as 'the 1%', often use their income the most productively, investing in new business ventures which boost the economy and benefit everyone.

Finally, if income equality is the target, everyone being equally impoverished would be considered a good outcome. However, if a good baseline is the target, everyone being at least OK financially would be considered a good outcome.

Prepare to change my view on this: I'd love to hear your opinions on this one.

Edit: wow, I have an unpopular opinion that has not been downvoted to oblivion. I'm proud of ya Reddit.

Edit 2: Thanks for the upvotes and responses. Keep 'em coming, this is turning into a super interesting discussion.

Edit 3: 1K? Thanks so much! It seems like there are plenty of people who resonate with this message - but plenty who don't too. That's great! Keep 'em coming! This is an awesome debate!",0.8,Logical,0.1,0.2,0.9,1.1111111111111112,8.060995475113124,60.42371040723984,5
"CMV: Choosing not to vote says that you are content enough with the way that the government is currently run, not that you’re protesting the selection of candidates.
I was speaking with a friend of mine earlier this week about voting.  I had already filled out my mail ballot, and asked him how he was going to go about voting for this election.  He told me that he was not planning on voting, and gave two points on why he made this decision:

* ""Voting for the lesser of two evils is still voting for evil.""
* ""\[He\] would vote for a third-party, but because they're not likely to win, why bother wasting time to go vote when it won't really matter?""

These aren't verbatim quotes, but that's essentially what I understood he was saying.  He wasn't interested in pursuing that conversation further with me, and truthfully neither was I, but I was still curious about the implications of this decision.

From my current perspective, I can see two stances being argued based on the decision not to vote:

1. **""I don't like the stances of the two major candidates, and I refuse to vote for one just because I dislike another candidate more.  I disagree with the ways that either of the two major candidates would run this country, and** ***choosing not to vote says that I refuse to support either candidate.*****""**  This seems to be the stance of my friend, who to my knowledge has done at least some research into both the Republican and Democratic presidential candidates.  He disagrees with a number of the positions that either candidate holds to on various issues, and justifies his decision to not vote primarily on this.
2. ""**Not liking the stances of the two major candidates is not a good justification to not vote, especially since there are third-party candidates to choose from as well.  Though I may not agree with either of the two major candidates, c*****hoosing not to vote says that I am content with the way in which the government is currently run, or at least content enough that I do not wish to see it changed.***"" This is more of the stance I would take on the situation.  I personally have not done enough research on my own to feel comfortable with arguing one major candidate over the other, and that's on me.  Even still, I felt it important to cast a vote, and I did so.

The primary distinction between these two arguments is this: the first says that the implications of not voting are that a person disagrees with both major candidates, and thus are staying neutral.  The second says that the implications of not voting are that, even if a person disagrees with both candidates, he/she is accepting enough of the incumbent candidate's stances; that doesn't necessarily mean they support the candidate in question, but they don't see a need to change how the government is currently run.

To clarify again, I'm not asking about whether or not we should vote, and I'm not asking about whether or not it is acceptable to vote for one of the two major candidates simply because we dislike the other more; **I just want to know what choosing not to vote should imply to an outsider's perspective.**  My personal perspective is on the second point, though I would be interested in seeing a defense for the first, or even an entirely separate, stance on this topic.",0.3,Logical,0.2,0.1,0.9,1.4516129032258065,12.619718240237273,53.608367935409476,2
"CMV: We shouldn't judge people from history by modern day values.
Today a statue of Edward Colston was torn down by protestors because of his involvement in the slave trade. See - [https://www.bbc.co.uk/news/uk-52954305](https://www.bbc.co.uk/news/uk-52954305)

The reason he had a statue is due to his philanthropy and historical importance to Bristol. Wording from the plaque on his statue:""Edward Colston (1636–1721), MP for Bristol (1710–1713), was one of this  city's greatest benefactors. He supported and endowed schools,  almshouses, hospitals and churches in Bristol, London and elsewhere.""

More info - [https://en.wikipedia.org/wiki/Edward\_Colston](https://en.wikipedia.org/wiki/Edward_Colston)

I understand why people are angry and I don't think we should be celebrating bad aspects of the past. Slavery is wrong! However, we shouldn't hide from the past either and I don't think people are wholly good or bad. I think the best way to judge someone is by the context they lived in.

No argument about right or wrong would be complete without mentioning Adolf Hitler. He was an evil person by modern standards, and also by standards of his time (hence the world war to stop him). So monuments to Hitler aren't appropriate even if he also did some good things ([https://www.quora.com/We-all-know-the-evil-that-Hitler-did-What-good-if-any-did-he-do](https://www.quora.com/We-all-know-the-evil-that-Hitler-did-What-good-if-any-did-he-do)).

Colston on the other hand was a slave trader at a time before the Abolition Movement really started in England. Donating money to education, places of worship and the care of the sick/old is probably considered good in any time period or culture. So in his day he would have been seen in a positive light.

&#x200B;

We should judge people by standards of the time they live in, not by the standard of today. Celebrating the good aspects of a historical figure who did wrong by modern day standards is unfair and risks suppressing history. Change my view!

**Edit:**

I wanted to keep this fairly general, but I'll say something specifically on the European slave trade with America. I think people dislike it so intensely because it's still having a lasting effect to this day. I doubt a statue of a Roman would get this level of anger even though they had a huge slave trade. Same goes for the Great Pyramids in Egypt.

&#x200B;

**Conclusion:**

My mind was changed! Thanks everyone, there have been some really interesting discussions on this thread. Thanks for the gold!

While we still need to be careful judging historic figures by modern standards, I think that it can be justified. Here are my new key points when considering something like a public statue:

* Was what they did ok at the time?
* How bad is it by modern interpretation?
* Can the good celebrated by the statue be disconnected from the bad? (In the case of Colston it's a no)
* Time matters, slavery in Colston's time still has a lasting impact. Slavery in Caesar's time, not so much.
* There is a difference between good and great. When examining someone doing something good (i.e. philanthropy) the bad counterbalances this. When someone is considered great it is for something big and possibly unique that changed the course of history.
* Statues and monuments no longer deserving of public praise should be moved to a museum where proper context can be given.",0.7,Logical,0.3,0.3,0.8,2.0,7.745439560439561,65.99384615384615,8
"CMV: Being in the military doesn't make you a hero. It make you a strong-arm enforcer of corporate interests
 I am a military veteran. I served during the Vietnam war. I see nothing  heroic in military service. I see mostly kids from disadvantaged  socio-economic backgrounds joining the military to escape their dead end  lives. And the military offers that, there is no doubt. I served and  I'm glad I did. The service helped me out of poverty, but I had no  illusions about who and what I was serving. We haven't been involved in  an existential war since the 1940s. All of our actions after that, and  most of them before, have been to protect and promote the American  corporate hegemony. We want docile trading partners, that's it. If you  are in the military your only job is to keep the spice flowing. You  don't protect Americans. You protect American business interests abroad.",-0.2,Passionate,0.9,0.7,0.5,5.0,7.567567693744163,60.27191176470589,0
"CMV: The Jedi are full of shit and leaning toward the ""Dark"" Side is the way to go.
I was looking at the Sith and Jedi codes, and it made me realize how full of shit the Jedi are. The Jedi seem to encourage a lack of emotion and strict internal discipline.


Just look at their respective codes.


The Jedi Code:

There is no emotion, there is peace.

There is no ignorance, there is knowledge.

There is no passion, there is serenity.

There is no chaos, there is harmony.

There is no death, there is the Force.


The Sith Code:

Peace is a lie, there is only passion.

Through passion, I gain strength.

Through strength, I gain power.

Through power, I gain victory.

Through victory, my chains are broken.

The Force shall free me.


Now, while certain parts of the Jedi Code, specifically lines 2 and 5, are good, the rest of it seems to be pushing a worldview based on restraint, discipline, and order. Now this in and of itself is fine, but it accomplishes this by restricting the influence of passion. Passion & emotion is the chief governing factor in Humans. Maybe it's different for certain alien species, I don't know.


The Sith, on the other hand, encourage passion. They use it, control it, and gain strength and inspiration from it. This is their strength, but also their weakness. Emotion can grant power, but it can also blind you.


So neither the cold, orderly philosophy of the Jedi nor the reckless abandon of restraint of the Sith are necessarily worth following. Passion should never be without restraint, but the abandonment of it by the Jedi is both unrealistic and harmful to it's members. So while I wouldn't endorse the entirety of Sith philosophy, I would certainly endorse leaning into the ""Dark Side"" more than the ""Light"".


I just wrote a 1500 character wall of text on the philosophy of space ninjas. I am a massive fucking nerd.
_____

> *This is a footnote from the CMV moderators. We'd like to remind you of a couple of things. Firstly, please* ***[read through our rules](http://www.reddit.com/r/changemyview/wiki/rules)***. *If you see a comment that has broken one, it is more effective to report it than downvote it. Speaking of which,* ***[downvotes don't change views](http://www.reddit.com/r/changemyview/wiki/guidelines#wiki_upvoting.2Fdownvoting)****! Any questions or concerns? Feel free to* ***[message us](http://www.reddit.com/message/compose?to=/r/changemyview)***. *Happy CMVing!*",0.4,Humorous,0.3,0.3,0.7,1.6875,5.720629370629371,75.098006993007,1
"CMV: The two party system is deeply dividing and harming America
There are only two teneble options for voting in the American politics. You might be socially liberal and fiscally conservative. You might be a liberal in favor gun ownership but with some background checks or a centrist and have different stands on each of the different issues. But due to having only 2 options you are forced to choose a side. And once you choose a side, you want your side to win and the group think leads to progressively convincing yourself on completely aligning with either the liberal or conservative views. As a result, the left is becoming more leftist and the right is getting more conservative each day, deeply dividing the nation. What we need is more people who assess each issue and take an independent stand. Maybe a true multiparty system could work better?

Edit: Thanks to a lot of you for the very engaging discussion and changing some of my views on the topic. Summarizing the main points that struck a chord with me.

1. The Media has a huge role in dividing the community
2. The two party system has been there forever but the strong divide has been recent. We can't discount the role of media and social media. 
3. Internet and Social Media have lead to disinformation and creation of echo chambers accelerating the divide in recent times. 
4.  The voting structures in place with the Senate, the electoral college and the winner takes all approach of the states lead inevitably to a two party system, we need to rethink and make our voice heard to make structural changes to some of these long prevalent processes.

Edit 2: Many of you have mentioned Ranked choice voting as a very promising solution for  the voting issues facing today. I hope it gains more momentum and support.",0.6,Logical,0.1,0.2,0.8,1.6470588235294117,9.799533922195074,57.59817703439205,0
"CMV: Many racist believe they aren't racist because for decades society has taught that racism is bad. But they believe themselves to be a good person. Therefore what they believe must not be racist.
I believe this can be applied to a wide range of other isms but let's stick to racism. 

I hold this view because I believe more people than the plain old blatant racists that exist in the world that everyone can identify are actually racist and this is my explanation as to why it isn't acknowledged more broadly as an issue, particularly by racists. There are also different level of racism in the world so I am not saying that there is a large portion of the population that would lynch someone. However, if a person sees some of their beliefs in someone they will be more lenient in finding an alternate explanation.

So racism, loosely defined, is the discrimination against a person or group based on race. For decades society has taught that this is wrong. That harboring racism is bad. However, I believe there is a large swath of people in society today that still hold racist beliefs but believe they are a good person. They have proof that they are good because of a number of other societal metrics that they meet they are a good person. They might follow the law, possibly a good Christian, volunteer for charities, or any number of highly valued actions in society or maybe just don't do anything they deem bad. So if they are not bad they must not be racist! And if they are not racist then others holding similar views must not be racist either! 

What comes after that varies from ism to ism but for racism I believe it turns into something like ""I am good person so I am actually defending myself, and other that believe this, from outside threats. We are the victims!"". The Civil War becomes defense of states rights. Opposition to the Civil Rights movement is rolling back government over reach. Voting rights restrictions are securing our elections from threats. But certainly not racist.

Edit 1: I did not call you, your mom, or everyone racist. Just my belief that racists exist that deny their racism. I did not say any political view or shade of skin was immune from being racist. I do not hold those beliefs nor are they present in my view here. 

I do not believe that all racism is equally bad or that even a small amount of racism automatically makes you a horrible person. I believe it's a spectrum of bad that people will jump through a lot of hoops to not be labeled with to maintain their ""goodness"".",0.2,Logical,0.1,0.3,0.8,1.5714285714285714,8.644912280701757,63.163830409356734,9
"CMV: Changing the race or sex of a comic book character for the sake of diversity is stupid
I often see this notion online where when an actor's time is up in a show, movie, or series of movies that the character in question's race or gender should be changed. For example, upon watching the recently released Batman trailer with Robert Pattinson playing Batman, I saw a large group of people in the comments and on twitter suggesting that if the Joker is to be added, he should be played by Lakeith Stanfield (a black actor). Upon reading these people's ideas, I thought to myself what the point of changing a character's race is simply for the sake of diversity when it doesn't align with the portrayal of the character at hand.

Now don't get me wrong, I'm all for having characters on TV or in cinema be any race or gender, so long as the actor playing said character fits the history of the character (e.g. Black panther, Captain marvel, Lucius Fox, etc.). Another example of this issue is the conversation of having an actor such as Idris Elba play James Bond when the character has always been white throughout the 007 movies. Regardless of the race or sex of a character, I feel it's appropriate to match the actor with said race or sex.

EDIT: it’s been a while since I created this post and it kinda blew up so don’t think I’m intentionally avoiding a specific topic or thought process, it’s just hard to keep track of replying to this many comments.

EDIT2: gonna take a bit of a break from responding. It’s getting kinda hard to keep track of so many comments and responses but I thank you for giving them nonetheless. Also to the few outliers ruining it by calling me a racist and a sexist, fuck off",-0.5,Logical,0.1,0.3,0.7,0.7894736842105263,12.88682544292768,53.35108045309326,0
"CMV: White people with dreadlocks is not cultural appropriation
I’m sure this is going to trigger some people but let me explain why I hold this view.

Firstly, I am fairly certain that white people in Ancient Greece, the Celts, Vikings etc would often adopt the dreadlock style, as they wore their hair ‘like snakes’ so to speak. Depending on the individual in questions hair type, if they do not wash or brush their hair for a prolonged period of time then it will likely go into some form of dreads regardless.

Maybe the individual just likes that particular hairstyle, if anything they are actually showing love and appreciation towards the culture who invented this style of hair by adopting it themselves.

I’d argue that if white people with dreads is cultural appropriation, you could say that a man with long hair is a form of gender appropriation. 

At the end of the day, why does anyone care what hairstyle another person has? It doesn’t truly affect them, just let people wear their hair, clothes or even makeup however they want. It seems to me like people are just looking for an excuse to get angry.

Edit: Grammar",-0.3,Logical,0.2,0.3,0.7,0.7333333333333333,11.64330808080808,55.66829545454547,0
"CMV: The controversy surrounding Liam Neeson's recent interview is wholly irrational, and show's plainly the counterprodictivity of outrage culture.
For those unfamiliar with the controversy, I'll give a brief overview. Liam Neeson recently was giving an interview about his new movie Cold Pursuit, which is being branded as a very dark comedy with the futility/uselessness of revenge being the main theme. Neeson talks about how the character is ultimately lead into a life of criminality and violence by his thirst for revenge, very explicitly framing this as a negative thing. In being asked by the interviewer how he channels that emotion to play the character, he tells a story. He says 40 years ago, a close friend of his was brutally raped, and in asking about who the rapist was discovered they were black. He then says he went around for a week in black neighborhoods hoping some ""black bastard"" would start a fight with him so he could kill them, any random black person. He then says that when he finally came down from that emotional reaction of wanting revenge, he was shocked and disgusted with the way it had made him behave. He says he had been so ashamed of it that he had never told almost anyone about it up until that point, but that he learned from the experience. This prompted outrage on the internet, with many calling for him to be banned form the Oscars, to be blacklisted by Hollywood, and even to have his Oscar taken away.

This is insane to me. What's the goal of calling out racism and identifying it? So that we all, as a society, may learn from it, grow, and hope to do better moving forward, but also in the hopes that the person being racist will see the error of their ways and change.

In this case you have a man, most famous for playing a historical figure who helped Jews during the Holocaust, who is not expressing racist thoughts and not engaging in racist behavior, but rather is recounting thoughts and behavior from FOUR DECADES AGO and self describing it as shocking, disgusting, and having made him feel ashamed of himself. This is a man who grew up in Northern Ireland while it was at war, where bigotry was commonplace and revenge killings and bombings against Catholics and Protestants happened on a daily basis. Growing up in an environment like that, bigotry is taught as second nature. So, enraged by his sense of revenge, he went out with violent intentions aimed at an innocent group of people because he was taught to think that way. This same man then realized what he was doing was wrong, learned from it, grew from it, and seemingly has spent the rest of his life ashamed that his emotions and upbringing had caused him to think and behaves that way. 

What is it that people hope to accomplish by punishing him? He explicitly recognized that this was horrible, and only brought it up in the context that seeking revenge makes people do horrible things. He has already learned. He's already grown. This isn't even a gotcha moment that someone dug up from his past, he volunteered it as an example of NOT the right way to think or behave. How are we going to say he's racist?

Now some people point to his use of the phrase ""black bastard"" but if you listen in the clip he's describing his thought process at that time. He's clearly speaking as his younger self, and to ascribe that to how he feels today is intellectually disingenuous.

I believe that by seeking to punish a man using his own experiences to teach and display the way that bigotry and anger can make you do awful things, outrage culture is actively getting in the way of having the difficult conversations that need to be had about race.

CMV

EDIT: the Reddit app is giving me trouble not loading any comments beyond what I've  already responded  to and I won't be able to respond on a computer for a while. Just wanted to let people know I'm not dodging questions or responses, I'm just literally unable to even see them.

EDIT 2: wow this really blew up while I was asleep, I'll be making an effort to get around to as many responses as I can this morning and afternoon since I'll have access to my desktop.

I do want to add in this edit, both to make it relevant as per the rules but also because I've been seeing a lot of this argument, that some of you need to justify the concept that humans either can't change, or that there is a logical reason to not treat them differently for having changed. Many of you are arguing that essentially nobody should be forgiven for having held racist views or done racist things, no matter how much they've changed, and no matter how badly they feel about it.

To those people I want to ask several questions. Do you think that people can change? If not, why not given that we have mountains of psychological and historical evidence indicating otherwise? Do you think people who have changed should be treated as though they hadn't? If so, why given that in changing they definitionally are a different person than they were? Most importantly, why? What is the advantage of thinking this way? How does never forgiving people help your cause?

I'm of the opinion that if one truly hates racism and bigotry, one has to conduct themselves in a way that facilitates change so that these ideals can be more quickly removed from society. The only way that happens is by creating fewer racists. One mode of doing this is by educating the young, but another is by changing the minds of those who have been taught incorrectly so that they are both one fewer racist and also one more educator of their children to think the right way. In order to change my view you must logically show how it follows that punishing people for being honest about the changes they've made, and for making those changes at all, encourages social progress.

Another thing I'd like many of you to do is provide any evidence that you'd have done better growing up in as hateful an environment as Northern Ireland during the Troubles. Many of you as arguing that because not all people at any given point in time were racist, that to have been conditioned to behave and think a certain way is inexcusable. This to me is logically identical to the arguments made by actual modern racists in the US to justify calling black men rapists and murderers. It ignores everything we understand about psychology and the role nurture plays in developing personality.

Lastly, to clarify since many if you seem patently wrong about this (sorry if that's rude but it's true), I am not, and Neeson himself is not, justifying his past actions. He views them as disgusting, shocking, and shameful. I also view them that way. In explaining the thought process that lead him to take these actions, he is not justifying them, he is explaining them. There is both a definitional, and from the perspective of the listener I believe also a moral, difference between explaining how an intense emotion can lead someone from the wrong type of upbringing to do an awful thing, and saying that the awful thing isn't awful because of the context. At no point have I or Neeson argued that what he did wasn't awful, or that it was justified.

EDIT 3: I'd like to, moderators allowing, make one final edit to a point that I am seeing very commonly and would more easily be addressed here. Though it may not SEEM an important distinction when you are trying to view a man as unforgivable, Neeson didn't hurt anyone not because he didn't encounter any black people, but because none started fights with him. He wasn't roaming the streets looking for any black person minding their own business to beat up and kill, he was hoping to be attacked so that he could feel justified in defending himself. This IS an important distinction for multiple reasons. One, it shows, though still heinous, that even at his worst he was not trying to be a murderer, he was trying to be a (racist) vigilante. Two, it shows very clearly the social bias at the time which is still present today that he figured black people were thugs and criminals so he figured if he just walked around one would give him cause to enact his (again, unjustified and racist) revenge. Three, and most importantly, it is exactly BECAUSE he took this approach instead of killing some random black person that not only was nobody hurt, but that it showed him exactly how wrong he was. It proved plainly that this group of people were not all like his friends rapist, that black people aren't just thugs and criminals, and that it was ""disgusting"", ""shocking"", and ""shameful"" in his own words to behave the way he did. This is implicit in him describing that he learned from the experience, because he realized exactly what he was and what he was doing. In looking to be attacked and not being attacked, he realized how repulsive his actions and thoughts were once the emotion of the moment had faded. To fail to make the distinction between ""he didn't kill a black person because he never saw a black person"" and ""he didn't kill a black person because none attacked him"" is to entirely miss the point of the story that he was trying to make, as well as to factually misrepresent it and to ignore how this event influenced his views to change in the future.",-0.2,Logical,0.3,0.6,0.8,1.196078431372549,11.756595382746053,55.876791382372204,1
"CMV: I believe that basic financial skills such as book keeping and introductory accounting should be taught in high school.
My belief is that basic financial skills should be a requirement in high school.  As I went through high school, then college, I realized that many people, including me, did not have a proper understanding of how to balance our personal budgets.  Going through my accounting major, I believe that many of the basic skills that I learned in my first intro accounting class would benefit many young adults who are just entering the real world, and that these classes would be just as beneficial if not more so than classes such as history or social studies.  My reasoning for this is that everyone who lives in society has to balance a budget, from the lowest level workers all the way up to the c-suite executives.  These skills could also help students to look at their post school prospective student with a keener eye, such as balancing their chosen major and the school they want to go to relative to the cost and future benefit those majors would bring in their careers.  And if they don’t choose to go to higher education, they can still benefit from the basic book keeping and budgeting skills in their personal lives.  I would like to know if anyone doesn’t feel like such classes would be beneficial in high school or earlier and am open to changing my view.",0.4,Logical,0.6,0.1,0.8,3.5555555555555554,13.548035714285714,52.47633928571432,0
"CMV: Things do NOT happen for a reason and the world is random chaos
Recent events have me thinking yet again about this idea, one that has become an undercurrent of my 20's. Its something that sparks a mild existential crisis pretty much every time I think about it. I tend to vacillate back and forth between the two viewpoints but I feel like believing things DO happen for a reason is just a comforting defense mechanism.

I think opinions on this matter are all totally subjective, and based almost entirely on each person's life experience. Not to be condescending but with the exception of religious reasons, I think optimistic folks are only that way because they haven't endured the level of trauma/loss/suffering/sadness people like myself have. I am incredibly jaded, nihilistic, cynical, detached, desensitized, etc. so its impossible for me to look at what goes on in the world and think there's some grand design or master plan or metaphysical force at work. Even just in my own life terrible things have consistently happened since birth and I've always been a good human being.

So, I'd like to discuss this in as practical a way as possible. Why do you believe things happen for a reason? And be specific. What theories do you have that support things happening for a reason EVEN IF you don't believe it? What ideas do you have that support life isn't random chaos?

Please feel free to get as philosophical/scientific as you want. As long as you explain how/why it supports your belief with specifics. I know this will bring us into territory like free will, physics, determinism, etc. but keep it related to changing my view if you can! I urge you to share your opinion on the stereotypical problems in this discussion like cancer, brain aneurysms, innocent children dying, etc. Sorry to be dark but this is an innately dark topic.

--------------------------------------------------------------------------------------

**CLARIFICATION EDIT:** Some are getting caught up on the semantics of what I mean by ""things"" so let me be clear. I'm referring to negative events outside our control like natural disasters, innocent people dying in shootings/accidents, cancer, stuff like that. Bad things happening to people randomly, especially really good people. And as for the reason part I don't mean literally the scientific quantifiable reason. ""An electrical imbalance in these storm clouds caused a discharge resulting in lightning striking and killing this person"". No. I mean a reason as in this person deserved it/ it was meant to happen/ it was part of some plan/ it was karma, and so on. I'm refuting the widely used phrase ""everything happens for a reason"" and everyone knows what that implies so come on people.

------------------------------------------------------------------------------------

**EDIT 2:** I'm trying my best to address everyone! I will eventually get to you. Honestly I expected to be downvoted away but I greatly appreciate everybody's input and contributions.

------------------------------------------------------------------------------------

**EDIT 3:** Gotta sleep now everyone but I will be back tomorrow to continue responding to all your excellent comments! I have thoroughly enjoyed the discussions that have been occurring and I am grateful to each and every one of you that has contributed. Thanks everybody!

------------------------------------------------------------------------------------",0.6,Passionate,0.3,0.8,0.4,1.075,9.870740037950664,54.57316888045543,3
"CMV: The Pledge of Allegiance Is Stupid.
Personally, I really hate the Pledge of Allegiance because of how it is pretty much some tool that the government uses to brainwash children into thinking America is some place a thousand times better than any other countries. It is in some ways, but the way The Pledge of Allegiance makes it sound like everywhere else is just filled with uncultured swine which its not, I´ve been on mission trips to Guatemala and had vacations to Europe and the people there are amazing and keep trying wethernot they live in a mansion in London or live on the streets Ciudad de Guatemala they still spend their lives trying to be successful. Meanwhile over here in America people always just act so stuck up and if they do anything wrong they just say something like ¨It was because I´m patriotic!¨ or even ¨I did it to complete my oath to the flag!¨which I think is downright stupid. We´re also basically vowing our very lives to something that is just an object people hang everywhere and has no real ambitions or goals. I also don´t appreciate that we have changed The Pledge of Allegiance to fit what people want to hear, as in the under god part of the pledge which brings me to another point. I was raised as a Christian but really I´m an atheist and I find it sad that kids of other religions or just atheists like me have to pledge themselves to a god they don´t even believe in almost everyday of our entire childhood which I just think is sick. I have also gotten in trouble at school and even had detentions before for not saying the pledge even when my family backed me up (Who also think the pledge is stupid) but none the less I´ve spent several hours in detention purley for having in an a opinion in whats meant to be a free country. Further backing up my statement I´m sure you all have heard the story of the kid, yes a kid who was arrested for not saying the pledge which I think is horrible, like come on your sending a child to prison just for not saying a few pointless words in school? I just think that we should not be teaching children who don´t really have the grasp of free will that we should devote our lives to a drawing in whats meant to be a ¨Free¨ country.

&#x200B;

Oh god sorry if I can´t reply I didn´t expect this post to blow up! Rip my inbox, again sorry if I don´t respond.

&#x200B;

P.S. I´m aware this is a really controversial topic and that many people may disagree with me but I am simply just stating my opinion here.

&#x200B;",-0.1,Passionate,0.4,0.8,0.3,0.6829268292682927,12.91646153846154,58.028538461538474,2
"CMV: there should be a maximum age to run for president
So in the usa we have a minimum age of 35 to run for president. Although i object to that number, i do see the reasoning behind it, ie being too uninformed to be effective. I think equally, if not even moreso, this should apply to a maximum age as well.

Using Joe biden as an example, the man is 34 years past the median age of the state with the highest median age (maine, 43). This is close to double the median at best. 

There is effectively no way the man (or any older candidate) could possibly be in touch with the issues facing most of the country. This is only going to become a larger and larger divide as time goes on and quicker advances in technology create larger gaps of understanding between age groups.

Beyond this, there are more practical reasons such as straight up dying in office from old age. Again using biden as an example, hes less than 1.5years away from hitting the life expectancy of a male in the usa. Obviously a man in such a position would have a higher life expectency than the average, but come on. Its the white house, not a nursing home. Almost no person in his 60s/70s will perform mentally or physically as well as on their 40s/50s. And the country shouldn't have to undergo a transition of power because some geriatric decided to run for office in his twilight years.

There is no practical advantage i can see for having a candidate over say 60 run. Having experience in politics is great and all, but not when the bulk of your experience is in a world that no longer exists in the same way",0.0,Passionate,0.1,0.4,0.8,0.8518518518518519,9.096568791946314,63.01787332214768,4
"CMV: Modern education must focus on interpreting and applying information rather than simply memorising it.
Most information taught in school is completely redundant and of little practical use. Today in the age of intrrnet, we have access to any piece of information we want, so there is no point in memorising it. If randomly i needed to know the boiling point of ammonia, i wouldn't rely on my memory from 8th grade, within a few clicks i would have it in front of me.

There are already free and certified courses for all types of studies. Rather schools should teach how to better understand what is available online and make sure only accurate and proper information is taken. This will also help students explore on their own and come up with different ideas, not cramming the same paras.

Students should be encouraged to access information on their own and how to do it, this will also make them better understand internet as a whole and all its antiques along with what you can trust and not.

Edit: I dont mean to completely scrape away memorisation. At an elementary level itis important. But certainly not for like 85% of your education.",0.2,Logical,0.1,0.1,0.8,1.2,10.085909090909094,55.135454545454564,0
"CMV: There is a legitimate discussion to be had about trans men and women competing in sports.
I was destroyed in the comment section earlier for saying I think there’s a fair discussion to be had about trans folks and sports. Let me be clear I wholeheartedly support the trans community and I want trans people to be accepted and comfortable in all aspects of life including athletic competition. That being said I’m not aware of any comprehensive study that’s shows (specifically trans women) do or do not have a competitive edge in women’s sports. I hope I don’t come off as “transphobic” as that’s what I’m being called, but I don’t have an answer and I do believe there are valid points on both sides of this argument.",0.4,Neutral,0.5,0.3,0.6,3.3333333333333335,11.943317829457367,55.38753488372096,0
"CMV: The United States is on track for an undeclared civil war
EDIT: Hoisting this up here due to its importance, as I think these terms are far better at explaining what I meant. Instead of **undeclared civil war** read **irregular** or **low-intensity** warfare.

>**Irregular warfare** (**IW**) is defined in [United States](https://en.wikipedia.org/wiki/United_States) joint doctrine as ""a violent struggle among state and non-state actors for legitimacy and influence over the relevant populations.""

Before I begin, I'd like to define what I mean by ~~""undeclared civil war""~~ ( EDIT: see u/Anarhichadidae's response that a better term is low-intensity conflict). Since I do not have a better term (please suggest one if there is one), I named the concept of large swaths of the population engaging in violent engagements (including death) due to political views. It need not involve police, military, or formal institutions and could arguably be made up entirely of self formed militias.

That being defined, after seeing the responses to both left and right protests the past few years and the increasing violence between the sides, it's becoming apparent the violence is getting worse. Assault rifles, pipe bombs, pepper spray, and shields are examples of devices being used to attack the opposing group. The recent shootings are showing this increased violence. The current socio-economic and political atmosphere seems to arguably be encouraging this.

Now, my first thought was ""the police would step in."" In numerous videos I watched, it appears the police do nothing in numerous situations. Example would be the right/left stand off in Portland, OR where the police seemed to do nothing. Eventually the right-wing protestors left ending the stand off.

(This one is going to get ultra political) I further point to anecdotal experiences of my family who consistently call for armed insurgence, race wars, mass murder (eg, kill all blacks/gays).

EDIT: I just want to clarify that when I say ""undeclared civil war"" I do not mean like the first civil war in the US with large-scale government backed confrontation. I more or less refer to groups performing constant terrorist attacks, in the open or otherwise (such a bombings, violent counter-protests, etc). I realize now that associating this with civil war was a bad idea, but I have no better term.

Secondly, I'd like to point out I am in no way suggesting either side is more or less violent than the other but realize many of you have opinions on this.

EDIT: I'm not going to comment or acknowledge anything which trends into political opinion territory that degrades or blames politically different populations.

I'd also like to thank everyone who has participated in the very civil and neutral conversation that has followed.",0.6,Neutral,0.3,0.5,0.7,3.0952380952380953,12.271332479180014,44.910620328849035,2
"CMV: TV Series are a better medium for most existing books and similar IPs rather than movies
When making an adaption of a book a limited series or recurring series for multiple books. 

Most people agree that movie adaptations of books are usually sub par.  There are some exceptions.  When adapting a book you either need to leave out interesting B plots, or move the story faster and give up some character development.  You often lose nuance and the tenor and tone, and in worst cases have plot holes that make no sense.

Harry Potter for the most part did a good job.  The main story was told well, made sense and hit on the main points. But some B plots were left out, deeper details like more of Voldemorts family history were left out.  This is rare. 

Let's look at Stephen King.  Many of his books have sucked as movies.  Why?  He has generally long books with lots of background of his characters that is important for the story.  The ones most well done like Shawshank Redemption and Stand By Me (The Body) were novellas so not much needed to be left out.  And mini series did well the original The Stand was good, so was It, The Outsider and even Mr Mercedes (although few saw it).  These are single books told over 8+ hours. Much easier to tell the whole story.

This past fall I watched Queens Gambit, it felt like a movie, the way it was filmed the pacing ect.  It told the whole story, it wouldn't be nearly as good in 2 hours.  Same with Big Little Lies (1st season).  Very movie like, nuance and being a mystery no major plot holes for time. 

Now does this mean there shouldn't be movies?  No, comedies and action movies even dramas that can be told in 90-150 minutes would be great. Original dramas or short stories.. 

And with movies like Wonder Woman and Soul and Mulan being released on streaming services we see that money can be made from our sofas. 

Is this going to solve the problem of bad book adaptions? No, but I think it would do many more books the justice they deserve.",0.1,Logical,0.1,0.1,0.8,2.0555555555555554,6.315326086956521,74.99438963210704,4
"CMV: Female nudity in TV and films is almost always unnecessary and doesn’t serve any purpose beyond making light porn
I came across a clip of an actress I was looking up - she’s relatively unknown and I was surprised to see she’s done work in front of the camera much less been topless (and I’m not going to link the scene). It seemed like in that scene and so many others I’ve seen the characters are in a hurry, and having a conversation they might have as well had over a cup of coffee.

It seems to me that nudity that has a role to play when you’re presenting the human body in its natural form without sexualizing it. And that presents limited opportunities. But when used in a sexual setting it either looks like straight up smut or needs to addition of story moving dialog to prevent the scene from looking like smut. 

Either way (edit: only in sexual settings), I don’t see what explicit depiction of nudity contributes beyond titillation. We know the actors don’t really engage in sexually intercourse in most mainstream movies so what difference does it make if the female costar bares her full chest or more? And you hear stories about [actresses being forced to](https://www.nytimes.com/interactive/2017/12/13/opinion/contributors/salma-hayek-harvey-weinstein.html) show off their bodies. 

I keep hearing actresses say “I don’t mind baring my body if the right role demands it “ - but is there ever a “right” scene that isn’t just something for the people looking to catch the actresses nude?

Edit: Thank you for all your comments!! I'm trying to reply to as many as I can.

**Additional clarity about original statement** 

Nudity in - non-erotic sense when not exploitative, or when it adds to the story or is even just a routine part of the character's day - I see no issues.

Graphic nudity in a sexual setting - often gratuitous and adds nothing to the story.",0.3,Logical,0.2,0.3,0.7,1.631578947368421,11.675835962145111,54.78429992720217,1
"CMV: The 'blackface episode' of Community (S02E14 ""Advanced Dungeons and Dragons) isn't racist and shouldn't have been pulled.
I opened this post with a paragraph about the times we find ourselves in, but that felt too soapbox-y and so I deleted it because this actually bothers me as what feels like a unique case that was worth openly discussing/debating. Also let me just get out of the way that I don't think there is any argument to be made for Jim Crow Era bullshit and jokes on the level of blackface. To me this specific issue becomes more about changing an artistic work for the sake of public appeal to the point of censoring it. 


**Here's what got the episode pulled: the opening has the gang playing a game of Dungeons & Dragons, and Chang (an incompetently malicious nutjob) is in a full cosplay as a Drow/Dark Elf. Shirley (the African American evangelical Christian) makes the joke of 'y'all gonna ignore the obvious hate crime over here?' If you haven't seen the episode it truly looks nothing like blackface with things like exaggerated lips or nose caricatures, it's a silver wig and elf ears and I'm pretty sure CGI that makes his whole body dark black like that Vantablack pigment that absorbs light. The entire actual (nerdy) joke is that this is in fact just cosplay of a real race in the world of DnD which fleshed out lore and Chang is just leaning hard into his character, to comic effect when his character gets unceremoniously murdered right as the first encounter happens. Shirley misunderstanding his intention is the set up, but there is no joke about POC here. However the implication alone was enough to lose access to one of the best episodes of the entire Community run.**

I was fortunate to grow up in a very diverse community and work with some incredible people from all walks of life, I'm a registered independent but across the board liberal in my feelings on human rights and Healthcare and not turning the planet into an Easy-Bake Oven. I am white, and so one of the first things I had to accept as a kid was I can't completely understand how POC or minorities feel when they are discriminated against or made an outsider/'less-than' via dehumanizing 'jokes' a la Jewish space lasers and other crackpot gateway bs. I may immediately see why Native American warchief headdress and 'redskins' are extremely offensive while not really getting the hate over Jeep Cherokee, such is the limitation of my own culture. I know that seeing 'different' people as equal is only part of the story, and that there is a lot more to not just institutional biases but also subconscious discrimination and psychological mechanisms. Like Kyle jokes on South Park, 'I finally get it! I don't get it.'  I only throw all of this into the mix in an attempt to keep the focus on what seems to be a highly unusual and unique case to me, and to preemptively answer any generalizations you may feel tempted to make about someone making a post like this. 


So bottom line there is no argument here for continuing to support artists with edgy racial jokes or rape culture, and there is an even stronger case against individual artists still profiting from their art in order to pursue their outrageous behavior, like Roman Polanski or Woody Allen or the author of Ruroni Kenshin (dude caught a fine for his CP collection and the manga continues serialization today).

But as a general rule of thumb,  I don't think tv or movies that 'didn't age well' belong in the same camp as something like confederate flag culture or slave owner statues, not least of all because the audience generally has to choose to engage with the art. I hate to find myself sounding like some of the folks yelling censorship at every business or government decision (looking at you anti vaxxers, nobody's looking at you flat earthers bc we've just given up on your lot).

These works still have plenty of cultural value, and it's perfectly fine and even desirable to be able to look at it and go, 'society had a long way to go, this was a big deal to make light of, etc.' As a matter of fact, I looked at this episode and thought there probably is a dumb kid out there who got his ass saved in cosplay because someone knew he was a Drow, not some neonazi parading around in a shitty high fantasy blackface costume. 

When every streaming service nukes an episode without warning, when they even renumber their seasons to make it impossible to notice, it is akin to censoring the artists and changing its impact by neutering any possible enjoyment or discussion of it. And it was all for a joke that wasn't actually a blackface or race joke. Idk where the line is in the slippery slope argument, but I'm pretty sure this is overshooting it.

Maybe there's a side I'm not seeing? CMV.

Edit: so I think there are some good points being discussed here! I'm working through them all. To clarify my own position a little I one hundred percent understand the financial and practical incentive for the removal, businesses do business. it's the justification for why viewers want it. I think part of what makes the argument so relevant now is that this isn't the age of TV censoring for the whole household at that hour, this is the age of streaming and deliberate consumer choice and parental controls for the saavy.

A couple of things I want to pose to the group:

*Would individual warnings on the episode, doing some type of 13 reasons why acknowledgement, etc. be considered as enough acknowledgement of the issue? Or is it just too offensive once flagged this way? 

*Would it be different if this was irl vs a scripted scene? As in, is it a misunderstanding/humorous situation if it happens organically, but immediately racist because it was written by a writer to create the scene, therefore the racial component they utilized poisons the whole thing? To me that just seems like you can't let art say anything about real parts of real life then. 

*Would it still be offensive or seen as blackface if Shirley wasn't there to say 'hate crimes' that sets up the parallel?

*Are all depictions of dark skin tones in cosplay racist also? Does it matter if it's makeup vs masks and costumes? To me this is where execution matters. Do you look like something out of my nightmares or World of Warcraft, or do you look like some average schmuck who moonlights in Jim Crow plays?",0.3,Logical,0.8,0.4,0.8,1.4202898550724639,12.665291571173924,51.8397860962567,3
"CMV: Cutlery should be placed at the end of a buffet line
I'm not sure how strongly people feel about this, but it is definitely something that I've been annoyed by at almost every buffet I've been to. Almost always, cutlery is placed at the beginning of the buffet line, and by the time I get to the end, I realize that I needed to grab a spoon/fork/knife/whatever. Additionally, holding on to cutlery as you attempt to put food on your plate is kind of annoying, and it would be better suited to just grab at the end of the line after your plate is in order. I think that this is silly because a lot of times it isn't obvious what cutlery I'll need at the beginning of the buffet line, so I think it would only make sense to place it at the end. Change my view.",0.1,Neutral,0.1,0.2,0.8,0.36363636363636365,12.029315436241614,61.8953825503356,0
"CMV: When I buy a physical copy of a book I should have the option to purchase the audiobook at a heavy discount.
I prefer to read books opposed to listen to them. I get a lot of satisfaction seeing the book on the shelf and being able to easily go back and reread an excerpt, if need be. A bookshelf and it’s contents can also be a great conversation piece. Therefore, I don’t buy audiobooks. However, there are certain times that I would really enjoy having the option of an audiobook, but paying full price for the physical copy AND the audiobook is silly. I believe most people are in this same boat and can’t justify buying a book twice. 

I have to assume that the the near entirety of the publisher’s investment into getting a book into audiobook format comes from the recording and editing of the audiobook. Once the audiobook is ready to go, there aren’t many additional costs. 

I bought your book to read. I’ll happily pay you a few more dollars *at the time of purchase* to be able to listen to it as well. 

I don’t like thinking that I know more that publishing companies that are *literally* the experts. Please, tell me why I’m silly to think this would be a win-win for everyone.

**EDIT:** It appears as if there are varying structures related to audiobook profit sharing. Under the royalty structure—where some combination of publisher/author/narrator are all paid a % of each sale—I believe it not to be advantageous to offer the audiobook at a heavy discount. However, there are certain publisher’s that don’t utilize this structure, and I still believe it would be in their best interest to offer a discount.

**EDIT 2:** *“How are you going to stop people from getting the audio/physical book for the cheaper price and onselling it?”* 

u/qu83rt makes this point which puts a gaping hole in my view. Any possible rebuttals to it would be appreciated.

**EDIT 3:** See u/Aksius14’s [comment](https://www.reddit.com/r/changemyview/comments/j66yre/cmv_when_i_buy_a_physical_copy_of_a_book_i_should/g7x2sl2/?utm_source=share&amp;utm_medium=ios_app&amp;utm_name=iossmf&amp;context=3) as a possible solution to u/qu83rt’s point above.

**EDIT 4:** I’m getting a lot of comments suggesting that this idea is somehow a ploy to “rip off” audiobook narrators, authors, etc. or that I don’t value the work that narrators do. That’s not the intention. As I said in the original post, I’m contemplating if this would be a pricing structure that is a “win-win” for both the consumer and those involved in the publishing of the physical book and the audiobook.

**EDIT 5:** I could have been clearer in the original post. I’m not suggesting that it be *required* to give the audiobook at a discount. Again, it’s rather questioning if the pricing structure could benefit both consumer and publisher.",0.3,Logical,0.3,0.2,0.8,1.9411764705882353,8.82605263157895,61.86514619883043,3
"CMV: A lack of empathy predisposes people to being racist/sexist, so we should try to encourage empathy in childhood school curriculum
I was reading one of the abortion threads on CMV and I ended up feeling really upset about how many people seem mostly concerned about themselves, and far less so about the people whom they interact with. 

To me, this is a lack or failure of empathy. By being unwilling to consider or examine what it must be like to experience things in someone else's shoes, people draw conclusions like ""black people don't experience racism"", ""poor people are lazy"", or ""modern life is easier for women than it is for men"".

While many people don't consciously view themselves racist/sexist, I believe that the lack of empathy promotes a prejudiced culture/society and racist/sexist behavior. In a sense, I believe that many of the present-day social justice issues are fundamentally caused by failures of empathy.

To be fair, failures of empathy can occur in all directions (i.e. progressives failing to empathize with conservatives; such as a bunch of liberal kids harassing/teasing a religious person for more conservative views grounded in their religion; or socially crucifying someone for expressing socially taboo views).

So the CMV is essentially this: since I believe the empathy is so important, we should place greater emphasis on empathy in early childhood education. We can't trust parents to ""teach"" empathy, so we can expose children to teachers and books that promote empathy as a critical objective of curriculum. We should identify environmental risks that decrease empathy (i.e. child abuse, ACEs), attempt to get parents on board with empathetic child development, and we should discourage cultural elements like masculine expectations that boys should be unemotional and tough.

While there are some people who are biologically unable to have empathy (i.e. sociopaths), there is literature that suggests that empathy can be taught/cultivated.",0.4,Passionate,0.3,0.6,0.8,2.466666666666667,14.193076923076923,36.05192307692312,2
"CMV: Rubik's Cube world record times should include the time it took to inspect the cube before solving
From what I understand, the WR for fastest Rubiks Cube doesn't include the time the contestants get to inspect the cube before solving it. To me, this seems like overhyping the world records. You get crazy low times which looks impressive (and it honestly is!), even though the inspection beforehand seems way more important. It's like taking a math test with random equations but you get 3 minutes to inspect them before writing down answers. That results in really low finishing times, even though the actual equation solving took place during the 3 minutes of inspecting.

To bring it back to the cubes, every bit of time contestants get to inspect the cube and work out solutions in their head should count towards the overall time, as to me it seems like an integral part of solving it. And that's why inspection time should be included in WRs.

EDIT: thanks to everyone for your input! This post was made just for fun after I thought about this issue for like a minute last night while going to bed. Your answers showed me why my proposal is unnecessary in a speedcubing context. I also clearly know nothing about this topic but it seems very interesting and intricate",0.5,Other,0.1,0.2,0.7,1.1666666666666667,8.810535714285717,65.14279761904764,0
"CMV: There is nothing wrong with assuming someone’s gender and people that get upset about it are just trying to be victims.
I posted two statements in one and will explain both individually.
*there is nothing wrong with assuming someone’s gender* the vast majority of people (especially in Western culture) are not in the LGBTQ+ spectrum, and even within those that are, people that are gender non-conforming are a small minority. These people makeup such a small percentage of the population that they are rare. Given this assuming someone that presents as male/female  is assuming something that is going to be the case in 90%+ of instances, so assuming that someone falls into the largest category is not wrong, but is safe. For most of modern history (correct me if I am wrong on that) and majorly observable instances of society, we have only known two genders (though evidence suggest some societies recognize a third, i.e. Thailand ladyboys and in South America some cultures historically recognized transgender people). It is therefore most likely that we only understand two and expect two, and most likely that they are what they were assigned as birth. So it seems that if someone presents male or female it is fair to assume that they are male or female. Given that these are likely to be the vast majority of experiences (I am assuming here someone that is MTF being called male rather than someone that looks like a MTF but wants to be called male) it seems fair that someone would assume gender based on what is observable.

*people that get upset are being over sensitive * I know that it is not many that truly get upset about this. On reddit it looks like a huge swath of the population thanks to things like r/TumblrInAction but I know they are the minority. Thanks to this and other times it seems that these people are wanting to yell at anyone, and are playing victim when they aren’t understanding the other.

I will gladly explain more as needed and look forward to replies.",-0.3,Passionate,0.2,0.5,0.7,2.1052631578947367,12.065477562783041,52.70516570605187,0
"CMV: There is no charitable read of Trump's Gitmo order; the only logical conclusion to draw is that it signals the beginning of a concentration camp system
Seriously. I have browsed all the pro-trump boards to come up with what they think is happening and even there the reaction is either celebrating the indefinite imprisonment and/or death of thousands of people, or a few more skeptical comments wondering why so many people cannot be deported, how long they will be detained, and how exactly this will work logistically without leading to untold deaths through starvation and squalor. Not a single argument that this isn't a proposal to build a sprawling Konzentrationslager

So, conservatives and trumpists: what is your charitable read of this

Some extended thoughts:

* They picked a preposterous number on purpose. 30,000 is ridiculous given the current size and capacity of the Guantanamo bay facility. The LA county jail, the largest jail in the country, has seven facilities and a budget of 700 million and only houses up to 20,000. There are only two logical explanations for such a ridiculously high number being cited for the future detainee population of Gitmo. One is that the intention is to justify and normalize future camps on US soil. They will start sending people there and then say, ah, it's too small it turns out; well we gotta put these people somewhere, so let's open some camps near major US cities. The second explanation is that this is simply a signal that the administration doesn't care for the well-being of people that it will detain, a message to far-right supporters that they can expect extermination camps in the future. 

* There is no charitable read of the choice of location. If you support detaining illegal immigrants instead of deporting them, and you wanted that to look good somehow, the very last place you would pick to build the detainment center is the infamous foreign-soil black site torture prison. By every metric - publicity, logistics, cost, foreign relations - this is the worst choice, *unless* you want the camp to be far from the public eye and far from support networks of the detainees. Or because your base likes the idea of a torture prison and supports sending people they don't like there. 

* ""It's for the worst of the worst."" This is simply a lie. Again, this ties into the high number: actually convicting that many people of heinous crimes would be logistically infeasible. The signalling here is that they will just start taking random non-offender illegal immigrants and accusing them of murder or theft or whatever, and then shipping them to their torture camp.

* ""Oh come on it won't be that bad."" Allow me to tell you about [Terezin](https://en.wikipedia.org/wiki/Theresienstadt_Ghetto_and_the_Red_Cross) in the modern Czech Republic. The Jewish ghetto and concentration camp there was used by the Nazis as a propaganda ""model"" camp, presented to the Red Cross and Jewish communities as a peaceful ""retirement community."" In reality it was a transit camp; inmates were sent to Auschwitz. If the Gitmo camp is established, one outcome I wouldn't bet against is that this is Trump's Terezin. Only a few hundred will be sent there, and it will be presented as a nice facility with good accommodations as reporters and Ben Shapiro are shown around. Then the line will be: ""You hysterical liberals! You thought this was a death camp,"" even as other camps with far worse conditions are established elsewhere, probably in more logistically feasible locations. All the attention will be taken up by the bait-and-switch, and then the admin still has the option of transferring detainees to the deadlier camps.

Edit: I have awarded one delta for the argument that maybe this is just all nonsense and bluster and they won't actually send very many, if anybody, to Gitmo. It's not the *most* charitable read and it certainly doesn't cast trump supporters in a very good light, but it's something. Thank you to the multiple people who reported me to the suicide watch! A very cool and rational way to make the argument that what your president supports definitely isn't a crime against humanity. I'm going to go touch grass or whatever, thanks everyone. ",-0.6,Passionate,0.3,0.8,0.8,1.2777777777777777,11.770373417136522,50.778550235696486,6
"CMV: Sex ed should be mandatory.
*good comprehensive sex ed should be mandatory

Some schools in the middle of America don’t do sex ed, or if they do, they make it super watered down. Ignorant, hyper-religious parents protest sex ed because they don’t like the idea of the children growing up or using birth control.

The fact of the matter is your kid is eventually going to find porn, no matter how hard you try. Seeing porn without knowing anything about sex is an absolute train wreck for your relationships. Girls will see themselves as objects. Boys will start to view girls as objects. Both will get unhealthy kinks and fetishes. Relationships will depend on sex. Children will be losing their virginity wayyyy too early, and they won’t have condoms because their sex ed class isn’t providing them, and they’re too scared of their toxic religious parents to buy/get them.

By boycotting sex ed, you’re risking that your child will have an unhealthy sex life. I haven’t seen someone provide an argument that isn’t “Jesus Jesus Jesus Bible Bible Bible premarital premarital premarital”


Edit: Abstinence-only sex ed isn’t something I support. I’ve experienced sex ed that included a teacher who only showed us anatomy and how puberty works, they didn’t mention sex at all, they just hinted at it saying “don’t do anything bad”. If you’ve seen the episode of family guy in which a religious leader does the sex ed for Meg’s school, though it is exaggerated, I’ve HEARD that a few sex ed classes do run similar to that, and I know that many parents want sex ed to run like that.


Edit:
1. Not all parents teach their kids about the birds and the bees

2. Of course abstinence is 100% guaranteed to keep you from STI's, and it should be taught, but birth control should also be taught.


Edit: I know a lot of parents. I know a lot of kids at the age in which they should know about birth control and sti’s. I don’t like the government, and of course I would want the guideline for the lessons to be approved by the public, but I think the government would do better creating a sex ed program than some parents.

Of course no one is going to agree on one program. I think that nearly all parents who disagree with what it’s teaching will tell their children what they are learning is wrong, and at the age where they would be learning sex ed, they would’ve developed a relationship with their parents. If something that’s taught in sex ed isn’t right, and parents point it out to their children, children with good relationships with their parents will listen to them. Children with toxic parents likely will trust educators over their parents. I sure would’ve trusted my sex ed teacher over my parents",-0.4,Passionate,0.3,0.7,0.7,1.1304347826086956,9.062855648535567,65.56016910739191,1
"CMV: The American healthcare system is designed to be as difficult and frustrating as possible to navigate in order to extract the most possible money out of people while giving them the least possible service.
Hospitals and doctors can't/won't tell you what something costs before you get it. Pricing for numerous things from prescriptions to medical procedures and screenings are vague and and often impossible to know. Bills change once you request itemized copies. Insurance companies make it as difficult as possible to utilize benefits so they can save money. Interacting with insurance companies, from paying bills to trying to find doctors in network, is a huge headache.

Transparency is by design or (somehow) by necessity not the norm. If it was any other business, you as the customer would have the right to know what you were getting for your money, and hospitals/insurance companies would be expected to provide the service promised. If it was any other business, business owners would have to go out of their way to earn your trust and business, but in healthcare *you're* the one who's inconvenienced, despite also being the one footing the bill. We pay hundreds a month for insurance companies to make it as difficult as they can for us to actually get the product promised (healthcare).

People who work in these professions, why is it like this? Is there any good reason healthcare has to be this difficult? I would like to believe that some companies actually want to help people get healthcare, but it just feels like every step of the way it is made as difficult as possible in order to extract money. Maybe this is because of my bad (i.e. cheap by necessity) health insurance, maybe it's because any time I even think about healthcare I get an immediate stress headache, I don't know.

Edit: will read through and reply after work today, and I plan to award some deltas then.

Shameless plug since this is getting popular: I'm working towards a career in film and video game scoring. Feel free to check out my music on Insta (@vince.schiller) and reach out if you need scoring or want to collab.",0.1,Passionate,0.2,0.6,0.8,1.8666666666666667,9.80485428447151,58.79522401043934,1
"CMV: The push for political correctness is what indirectly caused the rise of people like Trump and his ilk around the world.
It's  a pattern that you can see throughout history all the time. The society  is always somewhat split on certain topics, but it's only when one side  tries to push a little too hard that the other one is provoked into a  strong counter-reaction. You can see that in every other discussion -  the more self-righteous you are, the less likely you're to convince the  other person to agree with you (or to at least not violently disagree  with you). That applies double for the internet.

The  political establishments of pre-Trump era thought that they could  simply enshrine their progressive views in law and all would be well.  ""You can't say this or that anymore, it could insult someone,"" you would  often hear. ""How can you say *that*  in 21st century?"" would be a common line, too. You'd have people  lecturing others on how the world should change, what everyone should  and shouldn't do. And meanwhile some people got the impression that rug  was being pulled from under their feet. The world as they knew it  started disappearing.

Now, before  someone brings it up, I'm pretty much what the Americans would call a  ""liberal"". But I don't believe in revolutions and sudden changes -  that's political romanticism. The more sudden a change, the smaller a  chance that it's going to stick. The true change is a slow progress and  is made through meaningful dialogue. You may feel righteous when you  insult conservative Christians as backwards and deluded, because there  is science to support your views. You can get outraged over another  person's view on sexuality and call them whatnot, if you disagree with  them. You can call pro-gun people nutjobs and beat them over the head  with statistics. But keep in mind that if you try to convince someone  too hard, they are more likely to go in the opposite direction.

So,  the next time you feel like you're completely in the right, wherever on  the political spectrum you are, let's remember that the other side  thinks so, too. It's okay to disagree. We are human beings and we are  not completely rational. If we want the other person to at least listen, we need to be kind first.

EDIT: My view has been partially changed. I've come to agree that political correctness was not the sole reason for Trump getting elected. But I am still unconvinced that mockery, lecturing, humiliation and insults are a way to go in political discussion and that I still insist that the only thing this accomplishes is driving the other side further away.

The post has kinda exploded, so it's not within my power to answer everyone's replies, so I apologize about that. There have been some great points in the discussion, so thank you very much for taking part!",0.4,Logical,0.5,0.5,0.8,1.368421052631579,8.354504044274158,65.01388888888893,1
"CMV: Just like sex education, religion should be introduced to children only after they have reached a certain age and level of maturity.
Let me be clear. I know this cannot be imposed in any form by a government or a law. I am proposing this simply as a guideline for current and future parents. 

My arguments are as follows:

* Children in their early formative years are incapable of rational, informed thought. Their entire universe is structured around what their parents tell them. If you tell them that the Earth is the shape of an upside down ice-cream cone and the sun is at the tip of it, they will believe you. Not just believe you, this will become their truth. 


* As an adult, your religious beliefs directly influence the life you lead . It will influence the decisions you make in terms of your life partner you choose, the company you keep, the vote you cast and the path you take in life. It should not affect these things in an ideal world, but we do not live in such an ideal world. 


* Considering the vast impact that your religious beliefs have, it seems very unfair to have one particular strict, unflinching dogma drilled into you during your formative years as a kid. Religion should be a choice just like your hobbies, your friends and your career.

* You may argue that many of us were raised this way, and we eventually ""grew out of it"" or changed our views once we reached maturity and broadened our horizons, but that is not a valid argument in my book. For every story of a person who has changed or given up religion, there is another story of someone who's upbringing was extremely strict or orthodox and it continues to define them as an adult, with our without their knowing consent. 

* This particular point may be directed to a very small sub-section of the parent population but I'm going to make it anyways. Some parents use religion as a crutch to assist them in raising their children. By this I mean that, God is the perfect, scary, all-powerful, metaphorical carrot & stick for your kids. Teach your kids not to steal, because it is the wrong thing to do. Not because God is watching. Teach your kids to help the poor because it is the right thing to do, not because it will help them get into Heaven. I don't want to tell parents how to raise their kids but I am drawing from my own personal upbringing.

The gist of my argument is this: Religion is a beautiful thing **if** understood and practiced as it is meant to be. If not, it can turn ugly and cause misery to oneself and others. Therefore, it should be introduced to children carefully and only once they are mature enough to grasp its meaning and purpose.",0.2,Logical,0.3,0.5,0.8,2.466666666666667,8.688416666666665,66.96825000000003,0
"CMV: it's a good thing that birth rates are declining
Declining birth rates have been in the news lately, and most of the reporting I've read has centered around the resulting demographic shift causing economic difficulties. While I'm sure there will be economic difficulties to overcome, I think it's necessary to do so, and now is a better time than later.

An economy that requires a continuously increasing population is not sustainable indefinitely. Eventually, we'll have enough people that we need more of some resource we don't have a good way to get more of and be forced into the sorts of decisions that form the basis of [dystopian sci-fi](https://en.wikipedia.org/wiki/Category:Overpopulation_fiction). That people are voluntarily having fewer children solves the problem before it becomes a crisis.

Fewer people means that each person can have a larger share of limited resources. Each person's labor becomes more valuable due to reduced competition, which is well-timed as automation reduces the demand for low-skill, low-pay labor. Of course owners of businesses that currently profit from inexpensive labor might not be thrilled about it, but as long as the world still has people living in extreme poverty, I suspect there are ways to fill any remaining demand for cheap labor.

# Deltas:

* Sperm counts have been dropping continually in western men for decades, so reduced births aren't necessarily voluntary. While there are some solid suspects, we don't know why for certain, and that's scary.
* Too much of a good thing is possible, and Japan may have it with an exceptionally low birth rate *and* a low immigration rate leading to no viable way to support its elderly.
* There is an education bottleneck for nursing in the US, resulting in a shortage that will only get worse as the population ages unless solved.",0.1,Logical,0.4,0.3,0.9,1.7272727272727273,13.869090909090911,43.39420647149464,4
"CMV: The story of Job proves that the judeo-christian god is not good
In the story of Job, the devil offers God a bet -- that God's most faithful follower, Job, would not curse him no matter what he did to him. God accepts this bet and gives the devil his explicit blessing to murder innocent children, servants, and livestock (among other things) to test Job's faith. When Job questions God's motive for ruining his life, and ending the lives of many close to him, he is merely scolded. Had God been honest and forthright, he would have told Job that his children were murdered simply to test his faith, and that this test was necessary only to win a bet with the devil. Furthermore, at the end of the story God tells Job's friends that were it not for Job's unflinching devotion to his tormentor he would have ""destroyed"" them.

I posit that:

1. ""Testing"" peoples' devotion to oneself is, itself, an abusive and manipulative behavior
2. Threatening to ""destroy"" people for questioning one's motives (for committing heinous acts, no less) is abusive and manipulative
3. Murdering innocent people is immoral. Especially when done to achieve trivial ends.

Put simply, a manipulative, abusive, and murderous god is not a good god.

Potential counter-arguments:

* All that God did (or that the devil did on his behalf) was perfectly justified in this instance because the strengthening of Job and Job's friends' faiths is a greater good than would have been possible without murder, etc.

God's stated goal in this instance was not to strengthen anyone's faith, but to win a bet with the devil. All that transpired in the story was to serve that goal. Furthermore, God used manipulative and abusive tactics to achieve this result, and greater devotion to an immoral god surely cannot be a greater good than *not* murdering innocent people

* The devil was going to torment Job, anyway, and God merely did not intervene (invoking the ""problem of evil"")

The text does not support this assertion. Job 1:6-1:12 and 2:1-2:7 are fairly clear that the devil proposes a bet and God accepts:

>“'Does Job worship the Lord for no reason? 10 Have You not made a hedge around him, around his household, and around all that he has on every side? You have blessed the work of his hands, and his cattle have increased in the land. † 11 **But stretch out Your hand and touch all he has, and see if he will bless You to Your face**.' 12 Then the Lord said to the devil, 'Behold, whatever he has I give into your hand; but do not touch him.'""

and

>""Then the **Lord said to the devil**, 'Have you considered my servant Job, since there is none like him on the earth: an innocent, true, blameless, and God-fearing man, and one who abstains from every evil thing? Moreover he still holds fast to his integrity, though **you told me to destroy his possessions without cause**.'”

Furthermore, this would absolve God only of the ""tests"", not of his behavior later in the story.

* God dictates morality

Why should anyone be interested in a morality that permits such heinous behavior? If God is real and evil, I think it would be preferable to deny him fealty.

* God gave Job everything back in the end!

Perhaps, though it still remains that Job's original children, servants, and livestock remain dead and murdered. They were denied justice, and ""testing"" faith remains abusive and manipulative, anyway.",0.0,Logical,0.5,0.7,0.9,1.7857142857142858,9.795194192599855,61.921147084048044,7
"CMV: Police officers should face harsher punishment for committing crimes than the general public.
We see it all the time, cops abusing their power, committing all sorts of crimes (DUI, assault, sex crimes, extortion, etc. ...) and the judicial system consistently lets them off the hook. I don't want to pretend that we don't see people fighting against this behaviour, because we obviously do. But at the same time, it is still wildly obvious that this stuff happens far too often and continually puts the safety of the public at risk. 

A huge problem that comes directly from this issue is that officers who do attempt to stop this type of behaviour, whether it be willing to arrest other officers or just refusing to participate, face massive backlash in the workplace from the rest of the force. They're actively incentivized to not stop this behaviour. 

I believe that if cops knew that the punishments they would receive for committing these crimes were harsher than those given out to the public, they would be less willing to commit these crimes and fellow officers would be more willing to fight back against it, as they may see that ignoring it is the same as participating and their livelihood is on the line too.

At the same time, I understand there may be other ways to achieve this, I just have no idea what it could be. So until then, this is my belief. Change my view.",0.1,Logical,0.1,0.5,0.7,0.8888888888888888,10.264137673026564,60.820134680134714,1
"CMV: I don’t think people under 18 should be able to change their gender.
My opinion is based on the fact that when I was 10, if you would’ve given me the choice, I would’ve 100% wanted to be a boy. HOWEVER, 25 year old female here, I’m beyond glad that didn’t happen. It was a phase and nothing but a phase. 

In my opinion, after 18 you’ve atleast had enough time to confirm your choice. 

In addition, I do not believe that any little boy should be given the option to “change” (not go through a complete physical change but demand to be considered a female), thus allowing them in female locker rooms since they would be playing on female sports teams. 

CMV",0.0,Passionate,0.6,0.5,0.5,3.0,8.171612903225807,73.28575268817207,0
"CMV: Reddit has become extremely infected by US politics and Propaganda
Most subs have turned into a “Trump bad, Bernie good” circlejerk, even when completely unrelated to US politics.

One prime example is r/worldnews . EVERYTHING on the front page is anti-Trump or US-related when it is for WORLD news. Don’t get me started on the Net Neutrality hysteria of 2017. I’ve actually almost got PTSD from that.

This website is way too US-centric and most of Americans think they are the only country that uses Reddit. So much gatekeeping.


I feel Reddit would be in a much better place if people would just calm down with the politics. There are subs for that. Not to mention people should be more inclusive of other countries and not talk like America is the only country that uses Reddit.

EDIT

Ok I didn’t expect this to blow up!

So I myself am a Bernie fan and hate Trump HOWEVER I live in Australia and kinda want a breath of fresh air when I go on Reddit and not be brainwashed by all the US stuff on here.

For example, I only just found out what an Arby’s is this year and I’m 25yo XD the people here assume everyone on Reddit knows about American things that are otherwise non-existstant in other countries.

But yeah that’s what I mean.",-0.1,Humorous,0.5,0.6,0.5,1.3333333333333333,7.984523809523807,66.44250000000002,0
"CMV: It should be legal for homeless people to sleep in their cars or in public places as long as they aren't bothering anyone.
It's illegal in most places in my state at least for people to sleep in their cars or in public parks etc. A homeless person I know very well told me many stories about basically being shuffled around by cops for parking his car in a neighborhood and sleeping in it. No interaction with any of the people there or anything, just sleeping in the car. Some homeless people are disruptive or doing illegal shit which of course should get them moved, but really what's the plan if they have no money, just tell them to buy a house? I think 'being unsightly' isn't enough of a reason to kick someone out of a public place, and a minimum of human dignity should at least allow them to sleep in someplace safer than the woods. Being poor shouldn't be illegal, and sure maybe getting thrown in jail gives 'vagrants' a place to sleep but that should be their decision and not the state's.

Edit: A couple of people have mentioned congregations or mini-cities arising which I think is a fair point especially due to health concerns, at least for restricting sleeping in certain heavily populated areas. Not sure who to give a delta to, new to the sub, do I just give them to everybody who made the point?

Edit 2: Also, I'm getting a vibe that incorrect sedantry is the perceived problem, not people who live nomadic lifestyles. I'd like to clarify that I'm including nomadic people, really just anyone who gets fined for sleeping, especially those who park their car at 10pm in some quiet neighborhood and intend to leave at 6am. I'm also wondering more about the moral aspects of the problem.  

Edit 3: Do somewhat agree with the comments about sleeping in a park implies they won't have a place to throw trash, shit, etc., and causes an implied health hazard. I'm not entirely convinced the implied hazard is a justification for sleeping to be illegal, but I'm willing to listen. I'd also like to point out I'm talking about **sleeping**, not setting up businesses/tents and blocking the sidewalk during the day. Also I'm on board with the congregationalism problem, as those are specific circumstances the local government needs to specifically address.  

Also, for the people telling me to invite a ton of homeless people to sleep on my driveway, rude. There have probably been homeless people who have parked legally on your street and slept overnight that you didn't even notice. If homeless people turned your street parking into a car apartment that would be a problem but there are already laws in most places to prevent permanent parking. I don't want homeless people to live in your house, or for your neighborhood park to become a tent city.    

I live in a somewhat poor neighborhood and the people living in homes around cause much more trouble than the occasional homeless I see sleep on the street. I get that you don't like homeless people existing. A large portion of the chronic homeless population do have drug/hygiene problems, I don't want 'those' people near me either, but that's a different problem. I just think it shouldn't be illegal to park your car somewhere and sleep overnight, or sleep under a bench if you're too poor to afford a car. Please keep responses limited to the legality of sleeping in public spaces without inebriation or public disturbance.",-0.2,Sarcastic,0.5,0.7,0.7,1.3333333333333333,10.846596638655466,58.0578716871364,0
"CMV: There should be a hard cap for how much politicians are allowed to spend on campaigning.
Some clarifications:

\- That amount would vary by office, especially on whether that office is local or federal.

\- Fundraised money does not carry over to reelection campaigns. It cannot be donated either, because donations can be abused for PR clout. It must be fully refunded to donators.

\- There is no limit on how much contributors can spend, only on what politicians can spend. As a consequence, there is a de facto limitation on what a contributor can spend because anything in excess of the spending limit is worthless. In other words, although it would be legal to spend extra, it wouldn't do anything because it's just going to be refunded.

&#x200B;

Why such a specific regulation? I believe it would achieve a few benefits:

\- The playing ground for campaigning is equalized. Political connections and personal wealth are completely nullified, leaving only the merits of the politician and the ingenuity of their campaign staff given a limited budget.

\- Politicians are no longer able to cheese an election simply by throwing money at their campaign. This would severely hamper the mere exposure effect. They will be forced to listen to the will of the people, including those who may not fully agree with their policies.

\- Lobbying through campaign donations would be largely obsoleted. There would no longer be an incentive for politicians to submit to corrupt, evil corporations because they know their opponent wouldn't be able to do it either.

\- Possibly the most subjective point: Elections would be much more interesting! It's no longer a quest to figure out which side is able to throw more cash on the wall, the game becomes purely strategy-based.

&#x200B;

Why would what I'm suggesting be a bad idea?",0.1,Logical,0.1,0.3,0.9,1.1304347826086956,9.727301531420526,53.351737370181326,4
"CMV: Adopting a ""winners never quit, and quitters never win"" approach to life is a great way to get yourself abused, pushed around, and taken advantage of in both relationships and jobs.
As an American, I've had ""winners never quit, and quitters never win"" drilled into my head since birth. Your new boss is a sexist asshole? Suck it up and figure out how to manage it, the world's a tough place.  Your new girlfriend is  manipulative and disrespectful? Relationships aren't a fairy tale; stay the course and put in the work. It'll be worth it in the end.

*Will* it be worth it? Sacrificing your self-respect and desire to be treated well until you're such a sad, beaten-down shell of a person that all assertiveness has long since left your personality, is that worth it?",0.0,Passionate,0.2,0.8,0.6,1.7142857142857142,7.569509803921569,67.70751633986931,0
"CMV: Unchecked capitalism in healthcare and education is the most damaging problem in the US.
Doctors, nurses, teachers, counselors, principals, technicians, janitors and researchers make these systems work. Medical billing companies, text book corporations, charter schools, advertising, and private insurance make money off of these systems, and have to gouge the most vulnerable to sustain their 1000s of redundant employees and CEO lifestyles. The well has been poisoned and life expectancy is in decline and our education system is no longer envied throughout the world. 

I want justification for public schools funding private charter schools, for the tremendous bloat in the healthcare industry, for the regular minor revisions to sell new text books each year, for the billions spent on advertisements...

We have the most state of the art medical and educational tools available, however people are forgoing health treatments and our system of public education that can leave the best and brightest in the dust because they don’t want to begin adulthood under a mountain of debt. I believe fixing these two areas should be the main focus of our government.",-0.1,Passionate,0.2,0.8,0.6,5.0,14.324725274725278,38.670274725274766,0
"CMV: Japans government needs to be held accountable for their actions against China during World War 2 and deserves to be remembered in the same negative light as the Nazi regime.
**EDIT UPDATE: Your whataboutisms aren't required or needed, don't try and shift the current narrative to something else, all atrocities are bad, we are talking about a particular one and it's outcome here.**

**Unit 713 has already been addressed in this topic, the reason I did not include it originally was because I wanted to focus a particular topic and I did not want to encourage a shit throwing contest because of how involved America is and how volatile Reddit has been as of late. It is definitely one of the worst atrocities of the modern age and with documents being unsealed and all those involved being named and shamed over the next few months we will see how that particular narrative goes.**

# I will not be replying to new posts that have already been discussed so if you have point you want to discuss please add it to a current discussion but i will happily continue to take all new insights and opinions and give credit where it is due.

# Thank you for everyone for some eye opening discussions and especially to those who gave their experience as direct or indirect victims of this war crime and to the natives of the countries in question providing first hand accounts of what is happening both currently and when they were young regarding the issue that we never get to see. I appreciate you all.

&#x200B;

Before I continue I just want to clarify I love Japanese culture and in no way think the overall Japanese population is at all at fault, the same way I believe any population should never suffer for the sins of their fathers. I am Australian, so I am not pro US/Japan/China.

That being said I want to focus on most predominantly for the raping of Nanking.

They consistently deny it happening, blame Korea, blame Chinese looters, blame Chinese ladies of the night.

Rapes of thousands of females every night, including children.

Babies being skewered onto the ends of their bayonets.

Over 200,000 murders

Competitions to see who could behead the most Chinese and those competitors being treated like hero’s in Japanese published news papers

I’ll leave a link here because a lot of the things the Japanese did were sickening and not everyone wants to read about it all. ([https://allthatsinteresting.com/rape-of-nanking-massacre](https://allthatsinteresting.com/rape-of-nanking-massacre))

We label the Nazi regime and cohorts as the big bad for WW2 in our world politics/video games/movies and fiction but japan has largely escaped negative representation and even worse, persecution for what they did and the current government is built upon that denial and lack of ramifications.

Japanese nationals, the lack of punishment for the high ranking perpetrators and revisionist history have made it clear that a slap in the wrist was fine and they even go as far to claim that it never happen akin to saying the holocaust never happened, even at the Japanese ww2 memorial there stands a plaque which claims Nanking never happened.

To this day they have never publicly apologised for it and are currently reaping the benefits as the current political aspect of Japan is still the same descendants from WW2, with even one of their ex prime ministers being a class a war criminal.

Germany have changed and has completely separated itself from the early 20th century Germany while also acknowledging that they had a fucked history via apologising and righting any wrongs that could possibly right, Japan hasn’t and are still the same Japanese government since before WW2.

For some reason we tend to victimise Japan due to the nukes or we mislabel Japanese aggression in WW2 in a more favoured light instead of land grabs and disgusting acts of war.

So yeah first time poster here but I have a strong belief that Japan needs to be held accountable and stand side by side in history with the German army of WW2.",0.1,Passionate,0.5,0.9,0.7,1.2,15.75596085672083,42.39069165435748,0
"Cmv: all religions are just old/big cults
I thought about it recently, both sides are literally brainwashed by their leaders and sacred text.
I was born in a religious house and ever since I remember myself there was always a push to be religious and not ask questions (some are welcome but the questions I asked was always left unanswered, ignored or just completely telling me that I can't ask it) 
When I understood that I stopped asking questions and figured out I don't have to be my parents dream cause I'm my own person.
Lately I've seen some videos about cults and I can't see a big difference between religion and cult, both are following blindly whatever the higher being they believe in, and will die/kill for it.

Not trying to be offensive or anything but it does really feel like it.



EDIT: thanks for all the answers, I got my conclusion.


My conclusion is that first of all my question wasn't phrased right, I shouldn't have said all religions, I was only talking about Judaism, Islam and Christianity.
Second of all, I got to the conclusion that only certain parts of religions are like cults and share plenty of similar traits (in extremists parts of religions)

Thanks everyone for your help and time dedicated for me today",0.6,Logical,0.4,0.5,0.4,0.9285714285714286,13.96120026092629,50.69095890410961,1
"CMV: Pressing tab after typing in a username should ALWAYS bring you to the ""password"" prompt
Hey all,

I think this is a pretty simple CMV. I think that when you press tab after you type in your username (or email) should ALWAYS allow you to immediately start typing in your password. I think that any other prompt (new account, forgot password) can be put AFTER the password prompt with no impact to usability and, in fact, BETTER usability.

I honestly cannot think of a single reason that having a single press of the tab button bringing you to ""Forgot Password"" or something similar improves usability and user experience.",0.2,Logical,0.1,0.2,0.6,1.4,12.899885321100921,51.11202981651377,0
"CMV: While body positivity is good and should be promoted, the health at every size movement is a public health risk.
People should be happy with their bodies. That's a fact; you need that to start changing. You need to love yourself before you become more healthy. You should love yourself to work your weight off and be determined to get rid of your weight. However, saying that an obese woman who weighs 400 pounds and has had multiple strokes is healthy is completely incorrect. Obesity causes many health consequences and has caused many deadly problems. \[1\] This movement will most likely cause many problems in national health if kept up. Obesity is obviously unhealthy, and the Health at Any Size movement, in my opinion, is a crisis.

\[1\] [https://www.cdc.gov/obesity/adult/causes.html](https://www.cdc.gov/obesity/adult/causes.html)

EDIT: I've changed my mind. No need to convince me, but I've seen some toxic people here. Convince THEM instead.",0.0,Logical,0.3,0.6,0.8,2.0,6.596124161073828,69.88711689038034,1
"CMV: The US media frequently uses propaganda to turn lower and middle class groups of people against themselves
The powers that be are terrified of what a unified lower and middle class focused on bettering their communities are capable of. They fracture communities by making the groups of people within them believe that they are fundamentally different and have reason to hate each other with identity politics and Omni-channel propaganda. You can’t look something up on google without getting targeted clickbait designed to make you angry shoved in your face. They know that a common purpose is what communities need to see past each other’s differences that and once we do, they won’t be able to play us anymore.

Edit: grammar",-0.2,Passionate,0.1,0.7,0.5,4.333333333333333,15.419070247933885,38.394059917355406,0
"CMV: we should raise the minimum age to engage in sex work to 21.
While I am perfectly fine with 18 being the age of consent in general, I think the minimum age to engage in the sex work economy (e.g., stripping, porn, etc.) should be 21. I know many people will say, ""well, like it or not, you're an adult at 18."" But we've determined as a society, in the US at least, that some adults (i.e., those under 21) cannot consume alcohol or cannabis (and even tobacco now in many places); thus, we already have exceptions when it comes to liberties one enjoys at age 18. This isn't without precedent. And just so it's explicit, I think this should apply to all genders.

I am making this argument for three main reasons. First, on a societal level, I think having 18 and 19 year olds in the sex work industry promotes ephebophilia in our culture (think about the popularity of the search term ""teen"" across many porn platforms...). Raising the age to 21 would at least reduce this widespread fantasy of someone ""fresh out of high school.""

The second reason is that I think raising the minimum age of workers could help mitigate some of the coercion and predatory practices that can unfortunately co-occur in the industry (e.g., what was shown in Hot Girls Wanted). I think as people get older, especially after working a job or two, they tend to get a better sense of their self-worth, both as an individual and as a worker. Again, I know this would not eliminate bad actors in the industry, but I do think raising the average age of workers would act as a buffer to some of the more unsavory practices that can accompany sex work.

Finally, and somewhat related to the point above, I honestly think many people are not mature enough to make a potentially life-altering career decision at such a young age as 18. Based on personal experience being acquainted with people who have done some form of sex work (mostly stripping) and interviews with some pornstars/escorts I have seen, it strikes me that some people are cut out for it and some people are simply not. And, sadly, I think it can lead to a lot of regret and pain if you get too deep into it before knowing you're not the type of person who can engage in the act of trading some sort of sexual service for money. Not to mention the fallout from doing (and later regretting) something like porn where there is a potentially permanent electronic record of your work. The short but developmentally critical transition period from adolescence to young adulthood (i.e., 18-21) should be about exploring your sexuality on your own personal terms before deciding you want to monetize and make a career of it for a while.

I see that people may think this comes off as too paternalistic or sex-negative. Maybe it is, but again, we already do this in varying degrees in other domains in our society, so I'm not sure why this should be any different. I suppose you could change my view by presenting me some data to suggest that this would be impossible/ineffective or by enlightening me about some aspect or nuance of sex work that I'm ignoring or misunderstanding (insight from people who have worked in the industry would be especially welcome).

Change my view.

Edit 1: I see some some comments/replies essentially arguing we should move the bar of adulthood up to 21 for just about everything. While I do think there are some arguments to be made for this on case-by-case issues, such as military service (though that's a CMV for another time), I do not agree with this as a general rule. First of all, moving our ""age of adulthood"" to 21 all around would put us at a stark difference with the rest of the world, especially in regards to the labor market, which I think could have some disastrous consequences (e.g., decreased workers' rights, increased labor shortage, etc.). Second, and perhaps even more important, the 26th Amendment was passed, not that long ago, explicitly to grant suffrage to 18 year olds. I am strongly opposed to any proposal that would rob suffrage, intentionally or not, to any group of people.",0.2,Logical,0.5,0.5,0.8,1.0833333333333333,10.978685598201938,56.59280018153528,1
"CMV: People who wish to carry guns in public should have to attend a mandatory training session to learn/practice how to handle real-life situations (active shooter, being held up, etc).
In the US, people are just going to have guns. No matter what kind of bills get passed, it's just a culture that is very attached to guns. People who would use them for ill purposes will usually be able to find a way to get them. And people who wish to protect themselves from those people will arm themselves no matter what they're told.

But a gun in the hands of an ill-informed, poorly educated, jittery, person who has never in their life been in a high-pressure, life-threatening situation where they had to act fast and decisively can make a bad situation more chaotic and dangerous. So I'm putting forth the idea that anyone who wants to get a concealed carry license (or even anyone who wants to own a gun) should have to attend a training course to learn how to do just that (as well as gun safety). And if they don't pass it, they aren't able to get that gun/concealed carry license. Just like a driving test.

&#x200B;

**Edit: Woah thanks for all the very informative comments! I think we've pretty much covered the basic major reasons why this would not be effective and even make the problem worse in reality, even if it seems like a good idea on paper.**

Additionally I'd like to add that it turns out most states DO require a bit of training to get a CW permit but I happen to live in a state which does not.

**1)** It would de facto violate/hinder the 2nd amendment right. Beyond the argument some people have that ANY hurdles to owning a gun is actually a violation of this, requiring people to pay  for the class, get to the class, buy the material to practice/take the class, would all create barriers to obtaining an CW permit that would effectively be socioeconomically driven. IE, you could only get one if you had the means to take the test.

Also, if the legislation wasn't done right, some states could make taking and passing the test so prohibitive that it would essentially enact a gun ban. At least to all except a certain class of people, which would be even worse than no on having guns in my opinion.

**2)** Having training doesn't mean that a person with a gun would improve ANY situation. In fact, having only SOME training might make a person without real-world experience think they were capable of handling a situation which in reality they were not. And if they hadn't had that little-bit-of-training-confidence-boost, they probably would have just had the sense to stay out of it, even if they were carrying a gun.

A very good example of this is all the police out there who have drawn their weapon out of sheer fear and killed an innocent person. Honestly, when someone made that point it alone was enough to make me realize that this training wouldn't change ANY statistics.

&#x200B;

&#x200B;

There were a lot of other good points and I learned a lot, but I think those are basically the two major reasons that pretty much made this argument a moot point. At this point it seems like there's a lot of restating of these same points.

But I thank you again for all your opinions and information you gave. I really do not believe that the US should or can be a gun-free place. I actually started thinking more about responsible gun ownership after my boyfriend got into them and made me start training some with them. I realized through this discussion that I am actually carrying around some bias towards the stereotypical Bible Belt gun fanatic, but that in actuality the majority of gun owners are responsible people who know their limits.

So if you thought I was just trying to get on a preachy liberal soapbox then I hate to disappoint you. Know that your smart-allecky comments did not add much to the conversation.

Thanks and keep having a great discussion!

&#x200B;",0.3,Logical,0.5,0.5,0.8,0.8181818181818182,10.531650853889946,59.6021062618596,3
"CMV: Forbidding a word because it is offensive, makes it more offensive
First of all, I should clarify that I never use words that clearly offend minorities **BUT**
I was thinking about something about my Social Psychology teacher told us about, ""March of the Whores"", where women intentionally used that word on them. Teacher said that thing makes the word more weak. Like ""If I, a sexual active woman/stripper/sexual worker, call myself like this, when other people does this, that's not gonna hurt me""

So, if we let people say whatever they want and do not give it importance, we can sleep well at night knowing that we're more than a simple word.",0.1,Logical,0.4,0.4,0.5,1.25,16.225663716814157,45.82103244837761,0
"CMV: Cancel Culture is counterproductive to meaningful change
Cancel Culture is counterproductive to having open discussions, whereby people feel safe enough to learn, change opinions and grow. The immediate action taken towards people for clumsiness, misinformation and mistakes should not be so penalising, and it actively prevents people from changing, it is a sub-genre of fear culture which is inherently silencing.

It also results in people having outwardly performative 'correct' opinions, when their reality may be very different- because they don't feel comfortable enough to genuinely debate tsuch topics without fear of being hung, drawn and quartered. 

(This isn't a discussion on the extremities, such as weinstein etc, but the everyday people who make genuine errors).

CMV!",0.1,Logical,0.1,0.6,0.6,2.0,17.602115384615384,20.96163461538464,1
"Barack Obama shares five articles in a Facebook post, including one covering r/ChangeMyView's launch of ChangeAView.com
nan",0.0,Neutral,0.0,0.0,0.0,10.666666666666666,11.169411764705881,45.26235294117649,0
"CMV: All elected officials should have to swear on the Constitution, not a religious book.
When it comes to publicly elected officials, they all seem to swear on the Bible, Quran, etc. The way I see it, is that these people are making a promise to themselves to uphold core beliefs within their faith such as hard work, perseverance, honesty, and a servants heart among other things. While it will not entirely solve the problem, I think that swearing on the Constitution is a way that we can hold these people more accountable. Every single day politicians and other elected officials lie, steal, and cheat the people of this nation. Of course there are a few good eggs, however I firmly believe a majority of these individuals are bought and paid for.  A lot go in with a clear mind, however when an organization like the NRA (no political bias here at all) comes in and says “hey if you vote yes for this and no on this, we will make a big donation to your reelection campaign” it corrupts the system. The same thing could go for a liberal organization. Their votes can change dramatically when someone is putting money in their back pocket behind closed doors. I think it is totally phony that these people swear on their selected book knowing that they are not going to uphold those standards. I really respected Kyrsten Sinema of AZ when she swore on the Constitution because that’s what these people are elected for, to uphold the law of the land. It shouldn’t be such a taboo thought to do this. Religion and politics are meant to be separate so why would swearing on these holy books be the first thing these people do? You can hold religious standards for yourself without swearing on a book. Practicing those values is something you should do everyday if you follow a specific religion, you shouldn’t have to swear on them to remind yourself to do so. Representation of everyone under the Constitution is important and when officials are upholding Christian, Muslim, Buddhist, etc beliefs to the extent of everyone, that’s wrong because we all believe differently besides the big things that most people agree on like not murdering, stealing, and so on. Swearing on the Constitution ensures that everyone is included not just those who follow or agree with a specific belief system.  I also understand that people are still going to have differences, however if religion was kept out of politics those differences would be strictly political and not involving religious views. I know religion does shape how people think, but I try to look at it like law. You have to keep your personal feelings/beliefs out of the way and uphold the law because the law doesn’t care how you feel, it’s about doing the right thing so that justice can be served.",-0.1,Passionate,0.3,0.6,0.7,1.375,11.606925311203323,54.771425311203345,1
"CMV: Copyright in the US and around the world should be 20 years, and not 75+ years
The intended purpose of copyright is to give an incentive to create content. But if you can't turn a profit in the first 2 decades then tough, your content wasn't very good. But the larger purpose of having a lengthy copyright is not to incentivize content, but amass a huge library that in aggregate can still be profited from long after the original artists have likely moved on to other projects.

The obvious downside is that there would be that financing of content would be disrupted; there wouldn't be the willingness to sink costs upfront if there wasn't a chance for a lifetime of income from the copyright. But I believe that this discourages content since content creating companies become overly dependent on their catalog of content rather than create new material. I understand that making Friends and Seinfeld, along with the Beatles and Notorious B.I.G.'s  entire discography public domain would be the upside, but what major downside would there be if the copyright would be limited to 20 years. I'm not attached to the set years of copyright, so that's going to be pedantic if you try to argue with me about it being 20 years but 30 years instead. I want see why if any reason that we should continue to have Steam Boat Willie not in the public domain, and congress extending the copyright length every couple of decades since we are going to be due for another extension soon.
 
**Edit:** A right to have a monopoly to copy granted by the government, is not an indefinite right and has a time limit, but what's the limit is, is what this CMV is about. Shortening the copyright is **NOT** eliminating the right to copy monopoly.",-0.1,Logical,0.1,0.2,0.8,2.1,13.252488822652762,49.43411326378538,0
"CMV: The American flag plays the same role as the image of Chairman Mao in China or Ho Chi Minh in Vietnam - it is a symbol of the state which is designed to develop strong nationalism to retain control
I come from England where you rarely see the Union Jack or the English flag anywhere outside of government buildings, during the World Cup, or a few unusual people who have flagpoles. Actually having a flag on display is someone's home has negative connotations - associated with ethno-nationalism and by extension some far-right views. Not saying I agree with this, but it seems to be the prevailing view.

In China the visage of Chariman Mao is everywhere and the same for Ho Chi Minh in Vietnam. They have huge images of them in all government buildings and there is an image of them above the board in every classroom. They are described as the ""Father of the Nation"" and Ho Chi Minh is referred to as ""Uncle Ho"". My own belief for this is as a form of control - they both represent their own political parties and cultivate the feeling of trust towards the party in order to retain control. This is done in schools in order to develop that belief from a young age. I believe the US flag plays the same role within America.

I have extensively travelled America and I have always found it rather jarring seeing the number of houses which have flag poles and flying Old Glory. I also find it unusual that American school children have an American flag in their classroom or school which they pledge allegiance to. To me, it feels like attempting to brainwash children from a young age to be hyper-nationalistic and associate the American flag with themselves personally. This is the government cultivating nationalism to retain control. An attack on the US flag is an attack on American citizens. This is apparent in situations such as when Colin Kaepernick took a knee against institutional racism in the US and cannot get a job because so many people are incensed that he disrespected the flag and therefore them personally.",0.1,Logical,0.5,0.7,0.8,2.0714285714285716,12.135697478991599,50.44606722689076,1
"CMV: The standard ketchup packet is the most infuriating and user unfriendly design in common use
Reasons

\-Unrecyclable

\-Difficult to open and distribute product without getting any on hands, clothing, table, steering wheel or other innocent bystander

\-No easy place to put it after use without creating a further mess; have to wrap it up in a paper napkin or other protective wrap

\-Alternative design, consisting of rigid plastic, bottle shaped shallow vessel with peel top, promising neat and open access for dipping, never released into the wild AFAIK.

\-Never provided unless asked for, and even then, the ""yes it's in the bag"" turns out to be false on too many occasions

\-Bulk dispensers have been removed for duration of the COVID era

\-AND FURTHER:  without rolling it up, impossible to empty out completely.

An all-around miserable and unfriendly user experience.  Change my view!

EDIT:  some good strategies here I look forward to trying.  Some ideas border on blasphemy.  May whatever Deity you prescribe to forgive you.",0.4,Humorous,0.1,0.5,0.7,2.1818181818181817,13.428058169375536,41.2822754491018,1
"CMV: Howl's Moving Castle should have won the Oscar over Wallace and Gromit: Curse of the Were-Rabbit
As the title says, I believe Howl's Moving Castle was more deserving of the Best Animated Picture award than Wallace and Gromit. The characters were more interesting and dynamic, the plot was more creative (although I will concede the W&G had better pacing), and the music and visuals are a tier above what W&G have to offer. 

On top of that, W&G is presented as a comedy but the jokes and characters are not that funny, especially in comparison with other successful animated comedies. 

Change my view!",0.2,Logical,0.1,0.2,0.5,1.6,12.590384615384615,51.104615384615414,1
"CMV: It should be illegal for a company to post they are hiring for a job without saying how much they are paying.
This should be the basic requirement for a Employer Employee relationship, The Employer says how much they are willing to pay for their position and the applicant's decide if they are willing to that job for the compensation.

None of this bullshit of either not saying the pay or requiring copious amounts of searching to find how much they are willing to pay.

Employees have to take time off of work or off their weekend go though a whole load of bullshit that is in applications like full work history giving references and other time consuming crap like getting a whole host of documents together, go though orientations and interviews and deserve to know that they are signing up for.

Making someone go though all that just to say ""We're paying a few bucks over the minimum oh and it's nonnegotiable, should be criminal.",-0.5,Passionate,0.1,0.7,0.6,8.0,14.888694610778444,47.807053892215606,0
"CMV: It is hurting your child to not be open with them about things like religion, drugs, and sex.
I feel that without bring open to your child, you’re causing them problems in the long run. The more mystery is surrounding a topic, the more interest a kid has in it. Obviously don’t start talking to your kids about sex and drugs at 8 years old, but at an appropriate age. 

Many people want to believe their kids will never have sex or never drink or try drugs, which may be true in some cases, but if it does happen, I think they need to be aware that teenagers try things. 

For example: sex. If you’re not open with you’re kid about sex and offer to buy them condoms or allow them to be on birth control or whatever else, you’re going to hurt them in the long run by making them believe it is a “bad” thing. 

",0.1,Logical,0.1,0.5,0.6,3.5,8.44830018083183,74.69462025316457,0
"CMV: Netflix is becoming less of a way to ""cut the cable"", and more like just another premium cable service like HBO.
Here are my views:

1) By focusing on original content, Netflix is becoming less of an alternative to a cable subscription, and more of just another (albeit amazing and unparalleled) HBO type service.

2) Due to this and the glut of other subscription streaming services, the dream of drastically lower costs for the average consumer by ""cutting the cable"" while retaining most of the benefits of a traditional television are slipping away to the realities of a fragmented subscription market.

___

When Netflix came out and started gaining steam, the was a lot of talk about how it would possibly replace traditional, expensive cable bills.  But as the market has developed, it seems to me that Netflix has changed.  If I look at how I've used Netflix over the past couple years, it is almost entirely driven by their original programming.  And indeed, this is what Netflix wants, and I do love their original shows.  But it isn't replacing cable for me.  I don't really watch their movie/TV show selection much anymore because I've already seen most of what I'm interested in.  Narcos and Stranger Things and Unbreakable Kimmy Schmidt are great, but they are just fleshing out the lineup of shows I like in conjunction with all the other shows that I can only get with my $100 a month cable subscription.  I also like to watch the Walking Dead and Game of Thrones and the news.  If I want to watch the new Star Trek, now I have to shell out even more money for another subscription service.  If I want to watch sports I need either an expensive subscription ($40+ just for sports) or my normal cable subscription.  Now Disney is starting their own subscription service as well.  If I want Hulu's offerings, that is another subscription.  My point is that yes, if Netflix had been allowed to grow without competition it would be great to have one company dominate streaming and have all the content in one place for one cost.  But obviously other companies want to get in on it too.

I expect the main counterargument to this is that you don't NEED every scrap of content out there, so you can cut the cable and just get by with less entertainment.  Fair enough.  But that isn't really fulfilling *my* dream of cable cutting.  I didn't envision that these services would morph into a low budget option for people who can live with less content than they used to get.  In fact, I suspect that in this age of streaming options, most people will spend roughly the same amount for TV entertainment as before.  Because most people I know are still going to keep their cable subscription, and supplement it with a couple streaming options of their choice.  Realistically, I don't think we are in for an age of drastically lower prices.  It is a great option for a low budget or a college kid who can now get a LOT of value for $10 a month, but I bet the average person doesn't save any money in this new age of streaming.

EDIT:  So after reading all of your really well thought out comments, I still think I retain my view.  However, I do have a greater understanding of what cable cutting is for most people.  I appreciate more that Netflix's trajectory is just fine for a lot of people.  And that if you don't care about certain specific aspects of live TV (news, sports, etc), then it really is possible to pay less and get rid of your cable bill.  But I still believe that we aren't really in a new paradigm of cable cutting like some predicted. Until subscription services are the default instead of cable, most people I know (for what it's worth...) are going to keep both.  And due to realities of the business that many of you pointed out, it isn't Netflix's goal to fill every niche.  So hopefully we can all agree that the view I expressed isn't really wrong, but it misses the point.

_____

> *This is a footnote from the CMV moderators. We'd like to remind you of a couple of things. Firstly, please* ***[read through our rules](http://www.reddit.com/r/changemyview/wiki/rules)***. *If you see a comment that has broken one, it is more effective to report it than downvote it. Speaking of which,* ***[downvotes don't change views](http://www.reddit.com/r/changemyview/wiki/guidelines#wiki_upvoting.2Fdownvoting)****! Any questions or concerns? Feel free to* ***[message us](http://www.reddit.com/message/compose?to=/r/changemyview)***. *Happy CMVing!*",0.6,Logical,0.4,0.2,0.8,1.1320754716981132,9.400815063282387,63.332468185904986,9
"CMV: Stylists not knowing how to work with African American hair isn't racist
Hey everyone, I just watched [John Oliver's latest LWT on the topic of African American hair](https://youtu.be/Uf1c0tEGfrU). I want to preface this by saying that I tend to agree with most of the talking points on LWT, and I'm very far left on the political spectrum. That's why I was pretty surprised when I found myself at odds with this [particular point](https://youtu.be/Uf1c0tEGfrU?t=709) (timestamp).

>""...but finding a qualified stylist can be even harder. The cosmetology industry mostly revolves around and trains for caring for straight, non-textured hair. So, there is no guarantee that a stylist in your area can work with black hair. Just watch one Tik-Tok'er...""

The way that this point is framed, in the context of the video, is that it's racist not to have stylists which can properly cut and style black hair types. But doesn't this just *make sense* from the point of view of a stylist or salon? Chances are, if you live in *most* places across the US, your customer base is not going to be a large or even sizeable chunk of black people with textured hair. So why would you waste money hiring someone who has gone through extra training to cut and style black hair when those skills won't be needed very often?

Someone might say, ""well, this problem goes back to the root of their training; why *aren't* most stylists taught to handle black hair?"" To that, I have the same answer. It's not a common for stylists to have to deal with it on the floor-- that time spent training for a specific hair type might be better used practicing techniques that they will commonly use in the work force, rather than specializing.

Furthermore, this talking point continues on using a clip from Tik-Tok of a girl calling 23 different salons before finding a salon which can work with 4c hair. The way it's framed in the context of the video, it's supposed to make you go, ""oh my gosh, I can't believe she had to call so many places just to find one that can work with her hair type! That's so unfair :( ""

But, really, it's not unfair by the stylists. I personally have colored hair-- It's currently blue, but I've been dying it crazy colors ever since middle school. But the trouble is, if you want something wild and specific like I do, you have to find a professional to do it for you (unless you're REALLY good at bleaching your own hair... I am not). All of your generic salons like Holiday Hair and Supercuts don't have people trained to do that. I had to hunt down a place which specialized in crazy dyes. Nobody would look at my situation and go, ""oh my gosh, I can't believe she had to call so many places just to find one that can work with her hair type! That's so unfair :( ""

We can recognize that I need a someone with a specialized, specific skillset to work with my hair... It's not unfair to me that such stylists aren't in every salon.

So, in conclusion, what exactly am I missing here? Like I said before, I tend to agree with LWT so I'm sure I'm just missing something super obvious. And I also agree with the rest of the video; locking up black hair products is fucked up and so are office dress codes. It's just this one point that's not landing with me.

***Edit (My view has been changed):***

I think I found the missing component. I was under the impression that the reason stylists aren't taught to work with black hair stemmed from something pragmatic, like the fact that those requests don't come in as often and they might be harder to handle. However, it seems like this isn't the case-- it's just the remnants of outdated and overtly racist cosmetology of the days of old. In essence, it's the old racism nobody ever bothered to fix properly and now actively requires correction.

I see a lot of people here using the comparison to accommodating for people with disabilities, and I'm honestly not sure that line of reasoning will make any ground with me. I think that, ultimately, we should be accommodating for disabilities... but if we're gonna do that, make it *all disabilities*. No half measures. That, or we go the complete opposite direction and impose no requirements. Morally, I think we should do the former. But as for what we can impose legally, ehhhh.... I also take issue with the fact that we're comparing having a certain hair type to a disability. I'm working on articulating exactly what about that I take issue with and why, but for now, I'll leave it at ""this line of thinking won't change my views.""

Mini Edit:

A lot of people here are making some really good points, and I really wish I could go through and delta all of them which articulate the point mentioned in the above edit, but this post has almost 1000 comments and I am just one person. Thanks for all of the help to those of you who are positive and patient... because goddamn, *not all of you are*.  ",0.3,Logical,0.6,0.4,0.8,1.180327868852459,8.665735202653678,68.43430716803154,4
"cmv: Animal cruelty negligence and especially torture deserve way harsher punishment.
I've seen videos of animals either being neglected, abused, and sometimes even tortured. It's awful. I can't believe that the punishment is slim to nothing. There was a video of a man torturing animals and all he got was 2 months of jail time.

I still can't believe that you can get more jail time from stealing than doing absolutely horrible things to animals. Animals may not have the exact same emotions as humans but that does not make it okay in any way shape or form.

If there is something that I don't know or if my view is wrong please tell me. (This is my first time posing on this subreddit)

Edit: I don't have any issues with people eating meat. But If they make an animal go through pain which is completely unesecary. I think that's awful. I also try to treat meat as a luxury and I get my meat from organic and trusted farms. Not from a factory.

Edit 2: Sorry but I won't be able to reply to the majority of people ane. Also if you don't mind, when you reply could you please make it more about animal abuse than veganism? That was my main point of this but thank you for replying anyway!

&#x200B;",0.3,Passionate,0.2,0.9,0.4,1.8,7.193650224215244,69.9668579970105,0
"CMV: The majority of government economic disaster relief funds should go directly to the consumer, not to corporations.
Whenever there is a major *economic* disaster (as opposed to the natural kinds), financial fear can spread quickly and cause consumers to scale back spending. Cash flow dries up and the economy grinds to a halt. Governments can jumpstart the economy by appropriating funds and injecting liquidity, which acts like financial grease.

Most of relief funding should go directly to individuals and families, not corporations (exceptions follow below). Here's why:  It is far more efficient to rescue an economy by helping the consumer than it is by giving the same amount to corporations. The consumer will spend the money where they need it most, which will incentivize companies to supply those needs and do so efficiently.

Example: Imagine that there are two farms:  One farm raises chickens and produces eggs, and another that only makes artisanal cheese from the rare milk of wild Siberian grass-fed goats. If you give 10 families each $20, they will likely reward the chicken farm with most of that $200, buying their chickens and eggs. But if instead you give each farm $100, the chicken farm producing the product in highest demand at this time will not get the funds they could use to expand their operations, hire additional workers, and better serve the community.

Exceptions: There may be a need to target specific industries, but it should be evaluated for health and safety reasons, not for mere convenience. Hospitals are one example where one can make a reasonable argument that their financial viability serves the public good.

Give the relief funds to the consumer and allow them to direct it to the products and services that are the most  valuable for them. The money gets spent and will still go to businesses  and corporations, but this way maintains market efficiencies while still  achieving in the desired outcomes.",0.0,Logical,0.1,0.2,0.9,1.411764705882353,12.430647530040059,46.77932242990656,3
"CMV: If you celebrate sex workers and support their right to work in their chosen profession, it's ridiculous to shame people for hiring those same sex workers
I've seen this come up a lot lately for some reason. It seems many people who are extremely pro sex-worker's rights are vehemently anti customer-of-sex-worker. My confusion is, how do you expect them to make any money without people on the other end of the transaction? I have seen the argument made that it's the customers objectifying the workers which makes it different, but they are *literally selling their bodies as an object* so I don't see that as a valid argument.

Personally I support the rights of sex workers as well as people who employ the services of sex workers. I just don't think those two things can logically be separable.

Edit:

Some clarifying points - I'm talking about it being hypocritical to *celebrate* sex work while shaming those willing to employ them, not merely agreeing that they should have a right to do such work while holding personal convictions against it. This is not the same as supporting free speech for those who say things you disagree with.

Second, I'm talking about shaming for the mere act of employing a sex worker. Those who commit assault (sexual or otherwise), rob people, cheat on their significant other, participate in an activity they publicly condemn, etc. in the process are of course deserving of criticism, shame, and legal repercussions as the case may be, just as they would be if they committed those acts in any other situation.

Yes exploitation and shitty people exist. That's not what I'm talking about here.

No I won't call out individual people on my twitter feed for holding the views that sparked this post, I started seeing it a lot and got the impression it was a widely held view, maybe it's not.

I also made a poor choice of words in saying ""they are literally selling their bodies as an object."" Those who called me out for that were right to do so. What I meant was that selling the service of sex is inherently objectifying, not that they are giving up their rights as a human.

I believe I explained the delta I awarded, but if it wasn't clear - it was not for changing my overall views on the topic, but changing my view that someone couldn't reasonably have the opinion I dislike. It breaks down to societal opinions held about people based on their valuation of sex as a commodity, which applies whether it's in relation to sex work or not. It's a societal opinion I don't agree with, but it makes sense of the views I've seen from people. You should read it.

Please also read the comments I already responded to, it's not at all the same as drug dealer/drug user, cop/criminal, etc. See the gambling and littering examples I responded to.

Lastly, those claiming I have no firsthand exposure to the industry are simply wrong. I've been on both sides of it.",0.3,Logical,0.5,0.2,0.8,1.1379310344827587,10.251098039215687,57.901941176470615,0
"CMV: Calling things ""Cultural Appropriation"" is a backwards step and encourages segregation.
More and more these days if someone does something that is stereotypically or historically from a culture they don't belong to, they get called out for cultural appropriation. This is normally done by people that are trying to protect the rights of minorities. However I believe accepting and mixing cultures is the best way to integrate people and stop racism.


If someone can convince me that stopping people from ""Culturally Appropriating"" would be a good thing in the fight against racism and bringing people together I would consider my view changed.

I don't count people playing on stereotypes for comedy or making fun of people's cultures by copying them as part of this argument. I mean people sincerely using and enjoying parts of other people's culture.",0.2,Logical,0.1,0.3,0.7,0.8571428571428571,12.021759834368531,43.98586956521743,1
"CMV: It is not unethical of me to pirate a game I have already paid for on another platform.
Paying full price for a game on one platform should give me this ability to play on another. I am not buying a physical product, I am buying a rights to play a game that I’ve paid for. I should be able to source the game without paying for it again to play on another platform. Paying twice for me to play the same game on 2 platforms is not fair.

I can play the game twice on PlayStation for $79.99, but if I want to play once on PS and once on PC I am obliged to pay $159.98.

Windows games seem to allow cross platform licenses which I consider ethical. This should be, from a morality standpoint, the fair way.

Having to pay double to cross platform is unethical and as I result I should not feel bad for pirating said game.

\-------- EDIT: VIEW CHANGED --------

Thanks to all for the discussion. Consider my view changed. This was down to the fact that I hadn't considered hosting rights on other platforms, or the fact that I may not necessarily want to pay full price for a 2nd copy but it is unethical to consider that no compensation be made for the privilege, and the fact that at the end of the day it is the right of the developer to volunteer this possibility.",0.4,Logical,0.1,0.4,0.8,1.875,7.87037037037037,71.92897435897436,3
"CMV: Tying politicians salaries to the median income of their constituents would help incentivize them to work for their economic benefit
In the private sector, pay structures that include performance bonuses or commissions are popular for jobs where the employer wants to incentivize effective and productive job performance. Even if it was not 1:1, having the pay of government leaders be derived from the median income of the population that they work for would directly drive their interests in raising that metric as significantly as possible. Want a raise? Pursue one for your constituents.

Glad to hear criticisms of this idea as it’s only a starting point, but I feel that it’s possible to find a structural basis that would decrease the pandering to special interests and benefit the population in a completely reasonable manner.

I will award a delta to anyone who can either offer a notable refinement of this idea or who can explain legitimately why it wouldn’t make politicians more interested in living wages than they currently are in our present system.

Edit: I’ve awarded deltas for points about long-term vs short-term focus and also for cost of living etc. I hear you all on the fact that many politicians don’t rely on their salary for their financial well-being, and I am already aware and agree with that observation. That said, I am not saying this idea would be a full solution to tie their self-interest to the benefit of their constituents but my CMV says that it would “help”. It’s hard to agree that across the board for all politicians that none of them care whatsoever about the money they make in their salaries. It might not be the primary source of income for many of them, but between all national and state government leaders not all of them are independently wealthy so I still believe that the impact would be greater than 0.

Edit 2: really didn’t expect this much attention on this topic. Overall, I’m just thinking of how to possibly take the self-interest that is obviously a primary motivator to most of our politicians and ensure that their focus on that drives benefit for their constituents. It’s obviously a very complex problem, and this is only a very oversimplified possible approach to mitigating it. I would be the first one to say that as an idea it’s got plenty of shortcomings. I am looking forward to reading more of these responses after work and opening my mind up to some different takes from this conversation. I’m not here to defend the idea the way most CMVs are presented. I am the first to acknowledge that it’s flawed. I moreso posted this because I figured Redditors would be the best source of creativity and intelligence needed to perhaps find viable ways to improve it. I will gladly be back later to award more deltas in return for the thought-provoking discourse.

Edit 3: There’s some really great points being brought up and I have so much more conversation to comb through but I have been trying to award more deltas. I am going to begin listing potential amendments to the idea based on some of the criticisms out in the field of discussion. In no particular order:

-Rather than all politicians being measured on median income of their constituents, it makes more sense for this to be of the geographic area that they are responsible for governing. For example, a governor would be measured by their state yet a U.S senator would be measured by that of the whole US.

-perhaps median income isn’t the best economic measurement of an area. Perhaps a formula that factors multiple other metrics in would be more appropriate. Any suggestions on this topic welcomed",0.5,Logical,0.2,0.1,0.9,1.6388888888888888,12.297437142857145,46.65299000000002,5
"CMV: If your employer requires you to take specific classes or certifications outside normal working hours in order to start/continue working for them, you should be compensated for your time and efforts.
I work in construction in NYC, and in the last year, I've had to complete the following certifications:

-OSHA 30 Training (30 hours)

-Scaffold and Fall Protection (8 hours)

-Drug and Alcohol Awareness (2 hours)

-NY Sexual Harassment class (2 hours)

-Silica Hazard Training (1 hour)

-Coronavirus Prevention and Protection (1 hour)


That's over 40 hours of classes that I was forced to take, on *my* time, in *my* house, without any compensation whatsoever. If I don't complete all of these certifications, I am not allowed to work and I not only use employment, I lose my health insurance, and my union will not back me up because ""You didn't take the classes we asked you to take"". So I'm compelled to do unpaid work after working hours in order to stay employed. I don't think that's right at all.

I believe that if your employer or union is requiring you to take a class or get a certificate after normal working hours, you should be paid for that. It's your time doing a work related task; you're not taking the classes for fun or out of personal interest. You're doing it because you're being forced to.",0.0,Passionate,0.8,0.7,0.7,2.0,13.557156113537118,48.84874727074239,0
"CMV: Trump will retain the vast majority of his supporters (>80%) no matter what he says or does.
Given how his base has remained largely intact despite the jaw-dropping things he says and does, I don't think Donald Trump will lose more than 20% of his current supporters for any reason. A few things to make my view clearer:

* I define ""supporter"" as anyone who would self-identify that way and/or is currently planning to vote for Trump. So someone who doesn't like him as a politician or leader but is planning on voting Republican at the federal level would count. Such a person might fall under the 20% who would possibly change their mind
* I realise 80% is an arbitrary number, but I thought it best to put a figure beside ""vast majority"". I think that 20% can account for swing voters and those who aren't really committed to being his ""base""

In order to change my view, you have to convince me that there is something Trump could feasibly say or do that would cause him to lost more than that amount of support. Note that this doesn't have to be something that will happen or even is likely to happen, just that it is *feasible.* According to Five Thirty Eight, [Trump's current approval rating is 44.1%](https://projects.fivethirtyeight.com/trump-approval-ratings/). So looked at that way, if my math is correct, that number would have to drop to 35% for that to happen. If you have a better way of defining the loss of 1/5 of his supporters, I am open to it.

&#x200B;

EDIT: Thank you everyone for your responses. Between work and having a newborn at home I do not have time respond to most people, and for that I apologize. I would like to clear up a few things that have come up in the comments:

1. I am not American. The Democrats are not my ""camp"" and I did not particularly like Clinton and I certainly do not like Biden. If he were running in my country he would likely be a conservative but that's sort of besides the point. There have been a lot of assumptions made about me and a lot of people have sought to reflexively defend Trump without really addressing the point of this post in an effort to change my view. If anything, this reinforces my point.
2. Related to the first point, some people have said that the devotion shown to Trump is equally mirrored on the Democrat side. As an outsider looking in on America, I do not believe this is true, nor do I believe it is true in my country, nor even of the Republicans to this degree a few years ago.  I would not be making this post if, say, Mitt Romney was president right now. I do not believe there was this level of fervent and undying devotion to Clinton, Bush Jr. and Obama. They had their diehards, don't get me wrong - every president does - but the cult of personality around Trump is in my opinion unprecedented. This is of course exacerbated and modelled by Trump himself, who will not tolerate any disagreement or even open questioning of his words or actions in the media or in his own administration. Again, at a level I have never seen (outside of dictatorships). There is a false equivalency about how Dems and Republicans fall in line behind their leaders that this post goes over nicely: [https://www.reddit.com/r/AdviceAnimals/comments/agsklj/ive\_made\_a\_huge\_mistake/ee93mwy?utm\_source=share&utm\_medium=web2x](https://www.reddit.com/r/AdviceAnimals/comments/agsklj/ive_made_a_huge_mistake/ee93mwy?utm_source=share&utm_medium=web2x). It is objectively untrue that Democrats rally around their leaders and change their opinions on topics to suit that purpose the same way Republicans do.
3. A lot of people have made the argument that a very large amount of his supporters only support him because they believe they had no alternative as people deeply opposed to Democratic policies. While that might describe a few people, I just don't buy that it makes up a big enough voting bloc to meet the threshold of this post. They had the choice of many other GOP candidates who would have basically towed the line on Republican issues. But they chose Trump. Please understand that one of the main reasons that I have this belief is because I don't believe Trump is a conservative at all. This post sums up nicely why it's so bizarre why conservatives support him: [https://www.reddit.com/r/worldnews/comments/d50158/trump\_calls\_reports\_that\_hed\_meet\_with\_iran\_fake/f0ivux4?utm\_source=share&utm\_medium=web2x](https://www.reddit.com/r/worldnews/comments/d50158/trump_calls_reports_that_hed_meet_with_iran_fake/f0ivux4?utm_source=share&utm_medium=web2x). He's not an anything. He is a vacuum, a populist and demagogue.
4. Some people have convinced me somewhat. The number one thing I think would get it done is if he actually took people's guns without due process. I don't think just saying he would do it would get it done, because he's already said it and while it hurt his support, it didn't cause a big enough drop. I think he would have to actually take the guns. Abortion also came up, but I think he would have to support pro-choice very vocally for that to happen.",0.2,Logical,0.3,0.2,0.9,1.0416666666666667,9.719935815147625,63.80992939666241,4
"CMV: Businesses struggling to hire minimum wage help is actually capitalism working as intended.
A true capitalist economy creates wage growth through very, very low unemployment. When businesses struggle to hire or retain employees because there are better options elsewhere, then their only options are to make the job more attractive through wages or incentives, or go out of business. 

In our case the cause is different, but the effect is the same.

The current environment where places are unable to hire help at minimum wage is actually going to benefit the lower class. Businesses around the country are now facing a choice: pay more than my competitor down the road and take his employees, or shut the doors. This is exactly what the left has been after all along, only this time, it's being driven naturally.

Edit to add clarification...
I wasn't very clear with my post above, so I'm adding to it for clarification. My original post remains untouched.

The point of my post is that very low unemployment will naturally increase wages. This is a result of having less labor in a market than demand for labor. Our current situation is far from natural; it was created by government overreach in shutting down our economy and increasing unemployment benefits. With that said, the end result is the same; there is less labor in the market than demand for labor.

Even with a different cause, the effect (labor shortage) remains the same, and is showing to be a driving factor is a rising wage. Those companies that can remain profitable by increasing their wage have done so. Those that can't are struggling.

While the cause of the labor shortage is not natural, the effect of a labor shortage remains unchanged.",0.0,Logical,0.1,0.1,0.9,1.3333333333333333,9.891461187214613,53.0393074581431,10
"CMV: Our current presidential debate formats are pointless and need to be overhauled
Straight and to the point, as I’m sure anyone who has watched both debates would know why this is being posted. 

1) Microphones should be cut off after the candidates time runs out. If you have 2 minutes, you have 2 minutes. Once your time runs out, the microphone cuts off and it moves to the next person/moderator 

2) While another candidate is speaking, the opponents microphone should be muted, so there will be no interruptions

3) Refusal to answer a question leads to a warning, and if the candidate continues, the microphone is cut off and the remaining time is taken away. 

4) Non answers are called out by the moderators. No more allowing a candidate to speak for 2 minutes about something unrelated and not giving an answer. Moderators should pause a candidates time and microphone, ask that they answer the question at hand, and then allow them to continue. 

5) Misinformation should be fact checked in real time. If a candidate says something false, the moderator should be able to go back and inform the viewers that said statement is incorrect, and provide them with the facts.

6) There should be a round that allows candidates to challenge each other. They can both ask each candidate a few questions, which are pre screened by the committee so there are no personal attacks on family and such. This would be the round where they can call out the others policies, voting habits, bad faith statements, etc. 

I think this would dramatically enhance our debates and make it so the American people actually gain value from these debates. Obviously these are weird times, but that doesn’t mean we need to just have hour and a half long pointless arguments. The first Presidential debate was one of the worst things I have ever seen. 

We need moderators who are not afraid to cut off candidates, and call them out. No more “thank you for this question, but let me talk about something else for two minutes”. These are serious issues people want to know about. We don’t want to hear you give us the same 4 answers for an hour and a half. 

Candidates should be forced to give answers relate to the questions. Otherwise what is the point of these debates?

EDIT: This blew up way more than I thought it would. I did my best to answer as many responses as I could. I appreciate the good conversations. At the end of the day all that really matters is everyone doing your research beyond these debates, get to know the topics that matter to you, and make sure to vote!",0.3,Logical,0.1,0.4,0.8,1.7647058823529411,8.494813186813186,66.57518681318685,2
"CMV: Americans have been brainwashed into thinking working hard, long hours is admirable
My opinion relates largely to the corporate sector, as opposed to blue collar jobs. In my experience in white collar America, I have come across many, MANY average corporate drones (HR Specialists, Bookkeepers, Administrators, Marketing Professionals, etc) who will brag about:

1) Being the first person into the office each morning
2) Being the last one to leave the office at night
3) Working through breaks and lunch hours
4) Using little to none of their vacation each year
5) Missing family dinners, kids practice, etc
6) My personal favorite: Whenever a natural disaster happens, such as flooding, hurricanes, tornados, etc, they will brag about how they braved the conditions and made it to the office. Yup, they defied police recommendations to stay at home, risked their vehicle being damaged and risked potential injury or death to make it to their cubicle for 8hrs.

I read an article on LI today about the top reasons why people are late for work (Overslept, traffic, etc) and one gentleman, a Sales Development Rep from Philadephia, posted the following in the comment section:

""There are no excuses for being late. Worked over two years at my last job and never a second late. Been in my current role for close to six months and never late. To me, on time to work is 30 minutes early. Check the weather the night before, plot a course, and leave an hour earlier if necessary. During the snowstorm in 2015-16 I left for work at 3 in the morning and slept in my car in the parking lot to make sure I didn't miss any time.""

Does anyone else think that this mindset of completely unnecessary sacrifice and willing corporate enslavement is just stupid? Here's the thing. I do have what I consider to be a good work ethic. I put in anywhere from 50-60 hours per week and I've been successful in my career and I'm paid well because of it. 

That being said, work has NEVER willingly come at the expense of important events such as kids birthdays, after school classes, family dinners, etc. I would never in a million years feel obligated to risk driving through flooded highways and submerged roads just to get to the office to file my TPS reports. I'd never come in the weekends just to ""look good"".

Whenever a guy like me challenges this type of behavior of these types of coworkers, I'll typically be met with hostile responses or a dismayed feeling that I'm not a team player, not ambitious, etc. When I point out the generous amounts of vacation time, maternity and paternity leave, company holidays, mandated lunch hours, shorter work days, etc, that our European counterparts enjoy - while still being greatly productive and profitable - they make ignorant comments about those countries being lazy.

Like I said, I make a great living and I'm happy where I am. But when I'm leaving the office at 5pm on a Friday night to get home to my wife and kids and start my weekend off right, and I see guys waving me off like ""I'll be here till 10 or 11, I got a lot of stuff to catch up"", I don't admire their work ethic, I question their time management and their priorities.

Go home to your family, people. If you hit a car and die on your way to work on Monday morning, the HR department will be typing up your job description to post online on Tuesday. Nobody from the office will stand up during your funeral service and talk about how great your spreadsheets were and if you hit quota last quarter. You're disposable, replaceable, and there's more to life than making the Board of Directors even more rich while you give them even more of the prime years of your life essentially for free.

""Arbeit macht frei"", my fellow Americans? Or am I just a bone idle schlub from Office Space? Change my view.







_____

> *This is a footnote from the CMV moderators. We'd like to remind you of a couple of things. Firstly, please* ***[read through our rules](http://www.reddit.com/r/changemyview/wiki/rules)***. *If you see a comment that has broken one, it is more effective to report it than downvote it. Speaking of which,* ***[downvotes don't change views](http://www.reddit.com/r/changemyview/wiki/guidelines#wiki_upvoting.2Fdownvoting)****! Any questions or concerns? Feel free to* ***[message us](http://www.reddit.com/message/compose?to=/r/changemyview)***. *Happy CMVing!*",-0.2,Passionate,0.7,0.9,0.6,1.6923076923076923,10.951739130434785,57.50956521739133,4
"CMV: Parents who refuse to take their screaming child out of an event/restaurant/whatever, secretly want others to suffer the way they have to.
I posted this in another sub but that may have been a biased audience so I want to put this out to CMV for a broader sample.

It just seems as though the parent lacks empathy for others and general courtesy. I would be willing to bet if you said anything to them or looked at them, you would get a very angered look/comment in return. If the child has been screaming for quite some time and shows no sign of stopping, why would you want to make others miserable unless you have the standpoint of Misery Loves Company? I don't think anyone is that oblivious to think that noise is not bothersome to others and I would be willing to bet these same people are annoyed at loud parties, early morning lawn mowers, ground shaking car stereos and other loud noises such as that that infringe on their piece and quiet.",-0.3,Passionate,0.1,0.8,0.3,4.0,12.237571428571432,59.27426190476193,1
"CMV: Politicians are more concerned with their image/getting re-elected than actually making policy change that would help people. And it’s our fault
**I’m referring to solely American Politicians, although this may apply to other countries**

Americans are obsessed with the rags to riches stories. Don’t get me wrong they can be powerful, but having a “tough past” doesn’t make them a good politician/advocate for you. Sure they can sympathize with the poor/oppressed, but if they can’t do anything with that experience/knowledge they are just as bad as the people with no such life experience.

We love a good political clap back. We love watching our side beat up the other side. We love to retweet/repost Twitter burns, opinion pieces, and sound bites that make the other side look dumb. And nothing gets fixed. People like Ted Cruz and AOC rule the news cycle but neither have DONE anything notable. And it’s always the same line “I brought forth aggressive legislation but I was over powered by the bad guys who want to do the same to you!!!”

If they can’t reach across party lines and compromise they aren’t worth re-electing. They don’t care about you, they care about who you think they are and getting their job back. Stop cheering for someone being “fierce” and vote for someone who will do something. Otherwise the divide will get bigger and the pendulum will swing further in both directions and it won’t be the politicians footing the bill. It will be us.

EDIT:

Clarifications:

My argument is not intended to explain one side is worse or better, but rather stating it is not helpful to hold politicians to a singular set of goals without respecting that the other side is coming from an equally valuable position and should be heard. Even if ultimately rejected


Deltas awarded for:

Explaining how politics is a complicated game and an easy decision cannot always be made even with perfect civility and compromise/understanding.

My clarification (above) is shortsighted because arguments are not equally valuable on both sides of the aisle. Additionally it was added with this edit so it was not clear to commenters until I engaged further.

Getting everyone to agree on the benefits of every little piece of legislation is utopian and unrealistic.


Conclusion:

At the end of the day the world is not black and white and there will not always be an answer that people agree on for everything. The world is messy. Think the best of other person and commit to changing their mind not bullying them into your way of thinking. Dehumanizing each other is ruining our country. 

Thank you for all of the responses. If I didn’t directly reply please know I was inundated with notifications and was unable to keep up. I have saved a few and will try to get to them.

I believe my mind has been sufficiently changed from my original position.",0.5,Logical,0.1,0.7,0.6,2.0416666666666665,9.559121105232219,57.443425925925936,2
"CMV: Immigrants who have been naturalized and have received U.S. citizenship, should be able to become president.
I will preface by saying that this is by no means a very critical issue in America, but I do think it might be important in America's future. 

 If an American born person, with no political experience or qualifications, can become president. Why can't an immigrant who has citizenship and a good political experience not become president? America is great, the main part because of its diversity. But, where is the logic behind not letting an American become president just because of their birth in a different nation? 

The whole point of democracy as I understand it is to give the people the voice on who will lead them. And it seems that Americans don't care too much for the place of birth. For example, Ted Cruz was runner up for the Republican nomination even though was born in Canada. Same for John McCain as he was born in Panama.

My point is that it would do no harm for this country to let non naturally born people become president and it would let a good amount of new, smart people have the chance to lead the United States.",0.1,Logical,0.1,0.2,0.8,2.8333333333333335,9.4923786407767,57.58267799352754,3
"CMV: Covid-19 has been used repeatedly as an excuse for extremely poor service and outright laziness by numerous companies contributing to a decline in service quality and a rise of inflation in effort to drive profits up and overhead down, all disguised as being health conscious.
Something I’ve noticed for a while has been the terrible excuse of covid to explain manufacturers, distributors, and store fronts blatant laziness. For example normal store fronts would have you purchase a product, take if home, find out it’s defective and rather than offering an exchange, they would ask you to deal remotely with the manufacturer resulting in 3 hour+ hold times and numerous months for replacement which still had to be shipped to store fronts. This is just a common example I’ve seen. 

Covid is coming to a close and companies are still practicing this level of laziness. I think the new normal is going to be garbage customer service and sky high prices. We have nobody to blame but ourselves and we should have driven the offending businesses out of business for such practices. 

If you yourself have any examples of this please speak up because I’m struggling to recall every example I’ve seen since March 2020.

EDIT: most of what I’m speaking on has more to do with management and corporate planners. I understand small businesses are doing their best, it’s those that have capitalized under covid that should be scrutinized",-0.2,Passionate,0.2,0.8,0.4,2.111111111111111,11.96166666666667,52.05000000000001,0
"CMV: If 18 year olds aren't trusted to buy alchohol they shouldn't be trusted to vote.
I was born after the drinking age was raised to 21 and I always thought that was fairly reasonable as if 18 year olds could purchase liqour then kids in high school had access. Personally while the concept of access does not apply to voting I'm not sure if I am okay with allowing high school seniors the right to vote. Seeing as the brain is widely considered to be developing until the age of 25, in addition to the age to purchase alcohol, tobacco, and cannabis all being 21 in Massachusetts. So the question becomes when are citizens considered adults? Is it at 18 or 21? If its 18 why dont they have all their rights? If its 21 why are they allowed to vote before they're an adult. Mind you this whole thing made more sense in 1971 when they lowered the voting age to 18 because at 18 you had almost all of your rights. Now it seems like at 18 people become junior adults.",0.0,Logical,0.1,0.2,0.9,1.0,7.490347826086957,74.13291304347828,0
"CMV: Voting for Donald Trump in the 2024 election means you're either ill informed or actively opposed to democracy.
If you're voting for Trump in the 2024 election, it suggests that you either have a lack of understanding about what has happened over the last decade and have been subject to misinformation, or are actively against democracy. 

There is a minority of Trump-voters who would like to see another system in place than the current system of democratic values, because they think their values and ideals are more important than democracy. Those who would rather live in a tyranny or other aristocratic system, as long as their needs and values are met. 

The vast part of the republican voters does not want to get rid of democracy - nor is it in their best interest - and are just un- or misinformed about current events. Even if your opinions are generally in line with most of the things Trump stands for, and you're actively opposed to everything Harris stands for, it should not matter since one side does not adhere to democratic values and the other does. I understand that a lot of information that people in the US get is heavily colored in favour of one candidate or the other

All of this has been made especially clear since January 6th; if you support a candidate that attempted to commit a coup d'était, you want to subvert democracy, or you don't have the correct information to make an informed choice.

I'm open to discussion and reconsidering my views if presented with new insights, as ""they're all misinformed or authoritarian"" feels overly simplistic. My perspective comes from observing recent events, but I'm curious to see whether my view is shaped by the news I receive or if there’s a more nuanced explanation.

Disclaimer: I'm not from the U.S. and don't align with either the Democratic or Republican parties.",0.1,Logical,0.2,0.7,0.6,1.875,14.023130034522442,45.690109321058685,0
"CMV: Child beauty pageants should banned as they promote a toxic environment and normalize pedophilia
So as my post goes I think beauty pageants should be banned everywhere and I still don't know why they go on. I remember a while back watching that TLC show about child beauty pageants and seeing kids who literally had zero clue what was going on with pancake makeup on prancing around on a stage to appease 20+ men and women which I think is gross and terrible. Here's a list of reasons why I think pageants are terrible for anyone 17 and under.

1) Kids have zero concept of looks or beauty and are forced by parents who are projecting their desires on their kids to be good looking.

2) the amount of cut throat and terrible behaviour from parents to other parents or even parents to kids is extremely weird. (As someone who's had friends play hockey I could understand the competition part but at least in sports theirs some team building)

3) 30+ aged men and women judging children on how good they look and ask them to twirl around is just gross. I mean anywhere else if you would ask a kid to do what some of these judges say you would immediately be arrested.

4) Beauty pageant kids grow up with a toxic mindset that beauty is the only thing that should matter in life and if they don't get enough Instagram followers, Facebook likes or tweets they get upset and have this mindset their worth less.

In all I think child beauty pageants are destructive to a young child's mind a bear no actual positives even pageants 18+ still create a toxic environment but at least then men and women (not judging) know the difference of right and wrong, losing and winning, and aren't as competitive and cut-throat.",-0.1,Passionate,0.1,0.9,0.5,1.4705882352941178,14.4394623655914,52.888082437276,3
"CMV: Nuclear Power is the only means of producing energy that is reasonable to pursue in developed countries, until we have 100% clean fusion power.
I live in Sweden, a country where fossil fuels stand for less than a percent of the total electricity production. In order for the world to turn green, every country must follow this example and minimise their usage of fossil fuels. Sweden is currently phasing out all of its Nuclear Reactors and investing in what the government believes are safer options, Solar, Hydroelectric and Wind energy.

The problem that we have faced just this winter and many winters before is that it is rarely sunny, there isn't always wind and sometimes there isn't even enough water to go around. This creates an unstable effect in the energy grid and to compensate for that, the government are making multi million investments in infrastructure to make the grid more tolerant to these changes. Not only would it be cheaper to continue operating existing nuclear power plants but it would also provide more reliable electricity and more of it when it is required. Because thats the thing with nuclear energy, as long as you have fuel you can get A LOT of electricity out of it. When the grid demands more electricity, simply pull out the control rods and produce more. When the grid requires less electricity, put in the control rods and slow the reaction.  


Nuclear energy as it exists right now and with the second and third generation reactors that are most commonly in usage around the world are the most reliable, the most powerful and the most cost effective alternative to fossil fuels.",0.0,Logical,0.4,0.1,0.9,1.2272727272727273,13.536867233485939,43.02346958796599,5
"CMV: This is a racial, cultural, socioeconomic, and police brutality issue. Not just a single one of them.
Recently, I have been seeing many posts suggesting that it's only one of these issues. There can be multiple issues (and multiple solutions) to this problem. 


I want to start by explaining why I think it's a racial issue, followed by socioeconomic status, then culture, and lastly police brutality.


**RACIAL**

I think that this is an issue that goes back to the beginning of America. For centuries, Black people have been oppressed. Slavery was immensely damaging to the Black family. This is **not** comparable to how the Chinese were treated and how the [Irish were *indentured servants*](https://www.nytimes.com/2017/03/17/us/irish-slaves-myth.html) . Also, the Confederate Constitution *specifically* singles out African Negroes as slaves, not Irish people. Also, neither country was ravaged as heavily as African countries by European people.  In any case, after literal *lifetimes* of slavery, Black folks were hit very harshly with Jim Crow Laws which didn't end until the 1950s. [The origins of gangs with African Americans actually started because they had to defend themselves from racists while also trying to make a dollar.](https://web.stanford.edu/class/e297c/poverty_prejudice/gangcolor/madness.htm). 

""A final factor encouraging gang formation was the Chicago race riot of 1919, in which gangs of white youth terrorized the black community, and in response black youth formed groups for self-protection.[60]""

Another quote 

""Racial anti-black violence on the part of white youths directly contributed to black youths forming self-protection societies that transformed into black gangs by the late 1960s.[61]""

[The Wikipedia page](https://en.m.wikipedia.org/wiki/Gangs_in_the_United_States)

Then there's *redlining*, which still hurts some minorities [today.](https://www.washingtonpost.com/news/wonk/wp/2018/03/28/redlining-was-banned-50-years-ago-its-still-hurting-minorities-today/). [The War on Drugs was specifically targeted to harm Black people.](https://qz.com/645990/nixon-advisor-we-created-the-war-on-drugs-to-criminalize-black-people-and-the-anti-war-left/).  So many racist laws and practices were put into effect and still affect so many black families *today.* Black folks were oppressed for so long and then pretty much expected to ""catch up"" and build on a foundation that (racist) society effectively shattered and did not take adequate measures to repair.

- Also, according to Yale's *Empirical Analysis of Racial Differences in Police*, while the police shoot and murder Black and White folks at roughly the same rate controlled for different factors, they also found that Black and Hispanic folks are 50% more likely to be subject to some force when being arrested. The study suggests that when controlled for contextual and behavioral factors, the number is reduced but still doesn't explain racial disparities. [This has the same Abstract section.](https://www.nber.org/papers/w22399) Furthermore, Yale concluded that while being compliant (and no arrest has been made), black people are 21.3% more likely to be subject to force. 

- [This article points out some disparities in drug use.](https://www.ncbi.nlm.nih.gov/pmc/articles/PMC5614457/) ""...Blacks in our study were more likely to be incarcerated on charges explicitly labeled as drug-related, Blacks would also be more likely to suffer the collateral consequences specifically associated with drug charges, such as exclusion from certain forms of financial aid, housing benefits, and job screening scrutiny."" 

""The response to the current opioid epidemic, a public health crisis with a “white face,” has been contrasted to the crack epidemic that hit Black communities hard in the 90s and was met with war tactics in affected communities rather than compassion for offenders.""

[While Black and White people use and sell drugs at the same rate, Black people are punished more for it.](https://www.vox.com/2015/3/17/8227569/war-on-drugs-racism) [source 2](https://www.vox.com/identities/2018/4/20/17262276/marijuana-arrests-420-day-african-americans-arrests-disparity) Ironically, in the study linked above, it showed that in that particular city, Black people were more interested in marijuana as opposed to White people who were more interested in heroin. [Black drug offenders also get sentenced more harshly.](https://www.vox.com/2014/7/1/5850830/war-on-drugs-racist-minorities) 

- Black people are more likely to have their cars searched (and less likely to be explained a reason why). A Rhode Island study also showed they were likely to be stopped *and* somehow less likely to receive a citation. To me, this suggests that they were effectively stopped for no reason. A study in New York City showed that blacks were more likely than whites or nonblack minorities to be in jail while they await trial, even after controlling for the seriousness of charges and prior record. Black people are also 13% more likely to receive a plea deal that included longer jail time, again controlling for factors such as prior record. Researchers found that North Carolina prosecutors were excluding black people from juries in capital cases at twice the rate of other jurors, even when controlling for legitimate justifications for striking jurors, such as employment status or reservations about the death penalty. Black convicts have their probation revoked more often than whites and other minorities, according to a study of probation outcomes in Iowa, New York, Oregon, and Texas. These racial disparities held even when the study controlled for other characteristics of the probationers, such as their age, crime severity, and criminal history. [source](https://slate.com/news-and-politics/2015/08/racial-disparities-in-the-criminal-justice-system-eight-charts-illustrating-how-its-stacked-against-blacks.html)

- [Even disparities in speeding tickets.](https://www.miaminewtimes.com/news/florida-speeding-tickets-cost-more-if-youre-black-hispanic-9542615)

Stop and frisk is also widely considered to be a racist policy.

Redlining directly attributed to blacks being unable to move from poorer areas to nicer neighborhoods and gain wealth through owning property in nicer neighborhoods. It also prevented their children and future generations from accessing better schools.



Also implicit racial bias plays a big role in black kids underperforming

[source](https://www.sciencedirect.com/science/article/abs/pii/S002210311530010X)

[source](https://www.gse.harvard.edu/news/19/11/harvard-edcast-unconscious-bias-schools)

 



**SOCIOECONOMIC STATUS**

Various studies have shown Black people are directly harmed because of their socioeconomic status, even in Health care. Redlining and poor schools did not help with this. While a lot of people enjoying citing that Black people commit substantially more crimes than White people, they forget to acknowledge the context surrounding black people. Besides just the racial element, we see that crime is heavily linked to poverty, and the rate of poverty among Black people is [quite high.](http://federalsafetynet.com/us-poverty-statistics.html) While it is true that poor White people still commit less crimes, they also seem to live in less densely populated areas as well. For example, Centreville, Illinois, has a population of about 5000 (according to the Census), and [a population density of 1,170 and 95% of the people who live there are black.](https://worldpopulationreview.com/us-cities/centreville-il-population/) [The crime rates are 72% higher than the national average.](https://www.areavibes.com/centreville-il/crime/) Similar results were found for Selma, Alabama. It may also be attributed to a culture. 

[Another study](http://law.ku.edu/sites/law.drupal.ku.edu/files/docs/law_review/v57/7.0-Peterson_Final.pdf) finds that the ""gross rates of violence are two and a half to five times greater in the three types of non-white neighborhoods than in white areas (5), but these differences drop to a maximum of one and three quarters after critical community conditions are taken into account (Table 2).""  These ccommunity conditions seem to be differences in access to external resources (such as home loans) and socioeconomic disadvantages.


[Socioeconomic status has been proven to be one of the best predictorS for success. Study showing it’s just as important as Cognitive ability and personality traits.](https://journals.sagepub.com/doi/abs/10.1111/j.1745-6916.2007.00047.x)



**CULTURE**

Cultures are directly influenced by their environment. They don't just appear out of thin air. And they certainly aren't genetic. There are no inherent genetic differences, such as being more prone to violence, either. This notion has been denounced by anthropologists and biologists alike. And no, [humans are not like dog breeds](https://evolution-outreach.biomedcentral.com/articles/10.1186/s12052-019-0109-y) and that is a historically racist analogy. The number of loci analyzed is the most critical variable: with 100 polymorphisms, accurate classification is possible, but ω remains sizable, even when using populations as distinct as sub-Saharan Africans and Europeans. Phenotypes controlled by a dozen or fewer loci can therefore be expected to show substantial overlap between human populations. This provides empirical justification for caution when using population labels in biomedical settings, with broad implications for personalized medicine, pharmacogenetics, and the meaning of race. [source](https://www.ncbi.nlm.nih.gov/pmc/articles/PMC1893020/) From the same report, ""...in a reanalysis of data from 377 microsatellite loci typed in 1056 individuals, Europeans proved to be more similar to Asians than to other Europeans 38% of the time."" Another quote, "" It is also compatible with our finding that, even when the most distinct populations are considered and hundreds of loci are used, individuals are frequently more similar to members of other populations than to members of their own population. Thus, caution should be used when using geographic or genetic ancestry to make inferences about individual phenotypes.""


And no, Black folks don't just disregard education because they aren't genetically capable.[Here is an article I find interesting:](http://www.theroot.com/articles/politics/2013/01/acting_white_theory_black_academic_achievement_based_on_other_factors.html) The various studies cited in the article found is that black students value education as much or even slightly more than their white counterparts. In any case, I believe that this culture is a direct result of racism. A society that was once *extremely* racist held black people down and it effectively molded the culture that others now deem ghetto. For example, the gangs I mentioned above. [And also, more unfair practices even into the 90s.](https://www.salon.com/2013/08/10/busting_the_crack_propaganda_myths_partner/). Lots of people don't realize that only until half a century or so ago, blacks were effectively *not allowed to buy houses* in many cities. Redlining is not an ancient practice. Realtors and city lawmakers got together in the early to mid 20th century and literally drew lines where black people and other non-whites were allowed to live. Outside the line, and nobody would sell you a house, banks wouldn't give you a mortgage, regardless of your ability to pay. Typically the minority districts didn't have much real estate for sale as it was mostly rental property. So you have multiple generations of people barred from building up any kind of equity or wealth. Parents unable to help save their children from financial ruin. People having to rely on welfare to survive. Welfare is tricky because it's a system designed to keep you reliant on it.
I'd argue the current ""hood"" culture is a direct result of racist policies like redlining as well as misguided, well-intentioned social engineering (creation of housing projects, welfare system) in the 1960s.

Since the end of slavery, black people have been--and continue to be either in law or in practice--subject to [housing discrimination](https://en.wikipedia.org/wiki/Housing_discrimination), [mortgage discrimination](https://en.wikipedia.org/wiki/Mortgage_discrimination), [job discrimination](https://en.wikipedia.org/wiki/Employment_discrimination#Ethnicity_3), [exclusion from political representation](https://en.wikipedia.org/wiki/Voter_suppression#United_States), [police brutality](https://en.wikipedia.org/wiki/Police_brutality_in_the_United_States), the [school-to-prison pipeline](https://en.wikipedia.org/wiki/School-to-prison_pipeline), the [prison-industrial complex](https://en.wikipedia.org/wiki/Prison%E2%80%93industrial_complex), and so on and so forth. Prejudice and disenfranchisement in turn contribute to [worse health outcomes](http://journals.plos.org/plosone/article?id=10.1371/journal.pone.0138511), the [cycle of poverty](https://en.wikipedia.org/wiki/Cycle_of_poverty), and [limited social mobility](https://link.springer.com/article/10.1007/s10964-008-9354-z).

The idea of a ""black culture"" as the single cause of systemic poverty of black Americans is fairly incoherent. It assumes that there *is* some uniform black culture with stable features, and asserts that the characteristics of that culture account for some unique variance--over and above other factors--in the present socioeconomic conditions of black people. (This portion was an answer from a redditor a while back) **Note that I am only referring to the negative aspects of ""the culture"" that people like to refer to.** RnB, Rock and Roll, Soul, Disco, House, and Jazz originated with Black people/culture, for example. Also, one of the biggest disadvantages that is specific to black Americans is the removal of their culture and heritage. African immigrants are more likely to have a college degree than the average American

[source](https://www.pewresearch.org/fact-tank/2018/01/24/key-facts-about-black-immigrants-in-the-u-s/)

**EDIT**: As a user mentioned earlier, I failed to acknowledge Black fathers. Not purposely, though. I was just caught up with other issues. 

According to [this](https://www.fatherhood.gov/library-resource/myth-missing-black-father), ""statistics show that close to 70 percent of all births to black mothers are nonmarital, giving rise to the stereotype that black fathers are largely absent. However, while black fathers are less likely than white and Hispanic fathers to marry their child's mother, many black fathers continue to parent through cohabitation and visitation, providing caretaking, financial, and in-kind support."" 




**POLICE BRUTALITY (and by extension inappropriate actions)**

I have addressed a lot of this above so I have less to say about it. It is undeniable that police brutality can occur to anyone, and it has. I think a problem equally as large is how easy they get off, though. The same Yale study I mentioned above actually suggests that it is quite rare for police officers to be held accountable. Even Jimmy Atchison's, Philandro Castile's, Tamir Rice's, Breonna Taylor's (though her situation is recent), and Eric Garner's murderers have been fired *at worst.* [I mean, even this man.](https://www.instagram.com/tv/CAQhrFdJISa/?igshid=8b8ptplpoz05) Also, even at the protests there are several instances of unprovoked/unwarranted violence from the police. For instance: [example 1](https://www.instagram.com/p/CAwWIHZHdEi/?igshid=7lpw9itl8w7w)

 [example 2](https://www.instagram.com/p/CA17Q8cnbyx/?igshid=1wxjinaf2vfd)

 [example 3(not police violence but a questionable act](https://www.instagram.com/p/CA2F0eMHOYe/?igshid=5tno0e3inlnn) 

[example 4](https://www.instagram.com/p/CA2FWMHnXgL/?igshid=ofd08k43r0xd)

 [example 5](https://www.instagram.com/p/CA2FWMHnXgL/?igshid=ofd08k43r0xd)

 [example 6](https://www.instagram.com/p/CA2K1u5nddk/?igshid=z5qe0c0obrqm)

 [example 7. While the man was **wrong** to strike the officer like this, he was *clearly* recording a badge number and the officer took and threw his property first](https://www.instagram.com/p/CAzCBsQjOhj/?igshid=kwoft1igrbp)

 [example 8](https://www.instagram.com/p/CA3OIdTJ7Km/?igshid=9qn5rtpb31za)

 [example 9](https://www.instagram.com/p/CA3BhGnHzmq/?igshid=1l54vd5cznw0k)

 [example 10](https://www.instagram.com/p/CA35UvCll9r/?igshid=8gx3foi1c5et)

 [example 11, not violence but inappropriate call](https://www.instagram.com/p/CA4bEmnhCQp/?igshid=kf9v6ce2sj58)

 [example 12](https://www.instagram.com/p/CA5yr1nHiv7/?igshid=t6t5a68389wm)

 [example 13](https://www.instagram.com/p/CA6Ps4rnwen/?igshid=zwgg7efo1ygq) 

[example 14, he's alive but underwent emergency surgery](https://www.instagram.com/p/CA6TCIGnuWm/?igshid=sgpcf47dw9rx) 

[example 15](https://www.instagram.com/tv/CA6_7BingIt/?igshid=6bujp4euqe50) 

[example 16](https://www.instagram.com/p/CA6-mXcncql/?igshid=1xtk06pdyon36) 

[example 17](https://www.instagram.com/p/CA9PNyhn60_/?igshid=14yfekcevu724)

 [example 18](https://www.instagram.com/p/CA-P9oVnkD-/?igshid=160vszaebl9ct)

I have more on my phone.


**EDIT I am a Black teenager/college student. And I do support BLM. I have donated about $100, have signed petitions, emailed, and made phone calls. The only reason I haven't physically protested is because of COVID-19 and my dad is at-risk for it. I am well aware that race is a considerable factor and I did not intend to downplay it.**",0.3,Logical,0.8,0.8,1.0,1.6785714285714286,12.122171324644864,43.43170840220796,18
"CMV: Male sexuality is poorly understood and stereotypes and this has harmful consequences.
Male sexuality is often: 
- Mocked : cumming fast , small dick, men are expected to be silent during sex
- Denigrated: perverts, sex addicts, rapists , players 
- Trivialized - you come and you’re good - what do you expect a back massage ? 

At risk of generalizing, the sexual psychological experience of many male sexuality is neither animalistic nor game-like nor silly. It’s a strong part of who men are and it can be complex or painful or transcendent just like the sexuality of women. 

For example, take the perverted/ addiction aspect of male sexuality. Men are very visually and physically guided as a couple studies have shown (e.g. Chung et al 2013, book by Paul Martin). Men can be very susceptible to porn addiction. This isn’t necessarily fun and isn’t always a choice - it can be a powerful unconscious impulse. Men may feel stigmatized in getting help or talking about this. Our society either ignores the unconscious, objectifying aspects of male sexuality, or completely extremifies it - comparing all men to Weinstein or Charlie Sheen. 

Another example is sexual pleasure. Men with circumcisions may feel much less sexual pleasure than females and have far weaker orgasms - yet this completely unacknowledged by media outlets ( I would argue contemporary psychologists as well but that’s debatable). The thought of trying to help men have better orgasms feels crazy in our current societal climate - yet helping women ? Absolutely! 

Lastly men may value the intimacy and shared pleasure of sex just as much as women. All the media tropes of men sleeping around, hating cuddling, etc may keep our partners from adequately valuing and supporting those needs. 

To summarize, male sexuality can be objectifying and unconscious but it is either completely disregarded or treated to extremes (perverts , Charlie Sheen...). Male sexual pleasure is sometimes trivialized or outright considered taboo (see circumcisions)  and should be treated as important and talked about in the same light as sex positivity movements for women. 

You could change my mind by explaining why I’m being overly reductive about male sexuality , or show me strong examples of male sex positivity , or explain why our society should be prioritizing discussions of female sexuality over men’s. 

I realize that I have a slant (slants) here that people may take issue with. I may come off as blaming women. I’m making no arguments about who’s fault it is - in fact it’s probably men’s fault because we need to be the ones brave enough to talk about it. I may come off as completely unrepresentative of male homosexual or transexual experiences. Please enlighten me in both cases- I wish to learn more and help correct my gaps and ignorances.

THE DELTAS: I’m taking a break for a little while. Some takeaways from my discussions below. I should host these discussions from a place of “yes,and” instead of pitting male vs female sexuality against each other . Also, in many places, cultures, and contexts in our world the treatment of female sexuality is so backward and repressive that it makes perfect sense to prioritize female-centered movements. Lastly, for understanding my own male heterosexuality I should look into communities here on reddit like r/menslib and talk openly to people I trust! 
Thank you all! 

PS: I waded into a ongoing heated debate over circumcision which often shows up on reddit and perhaps wont be resolved until there is more scientific research or broader societal consideration.",0.6,Logical,0.7,0.5,0.7,1.5434782608695652,12.150297810054607,40.872823847323104,2
"CMV: All hidden costs (including tax) should be included in consumer prices
US has weird habit of not including sales taxes in products they sell in stores. This is confusing and makes almost impossible to estimate your expenditure. I know that they do this mainly for two reasons. One is that taxes varies between regions and other is that they don't have to tell you how much the product actually costs and can advertise a lower price.

When I go buy anything I want to know how much it will cost me.

I don't have issue with taxes only but other hidden costs as well. I get upset when I have to pay mandatory handing fees, cloakroom tickets, package fees etc. Just last week I bought two concert tickets and had to pay a delivery fee for an e-ticket. I had to pay them for each ticket I printed myself. This is nonsensical.

Now I understand if the hidden cost is something that is dependent on the whole purchase like for example postage cost. This is ""fixed cost"" that gets lower more you buy and cannot be directly added to the products cost. But if you have to pay the cost independently from your other purchases that price should be added to the items cost.

Last argument I can think for this kind of system is corporate customers. They will pay taxes  separately and pay the lower price of the items. But that is why the title said that consumer prices should be clear.

And please don't make a bandwagon argument ""This is system we have. Deal with it."" That is not a productive comment. I know that changes has to made to laws but better consumer protection is always worth it.

To change my view show me a benefit for a consumer of showing a lower price that they actually mandatory has to pay.

[Edit] Many of you are pointing out that it is hard to make nation wide advertisement that includes the local tax. First of all most adds can be localized with ease. Those that cannot should include the highest possible price and something like ""this or lower"". And nothing like this doesn't mean that the actual store couldn't include the actual price in their stickers. That cost is non existent for the store.

[Edit] u/Tuxed0-mask pointed out interesting fact. T-shirt at German H&M and in France H&M will cost the same amount to end consumer. They have same sticker price, can use same advertisement material etc. All this despite the German having different tax code (VAT) than France. So this shouldn't be a issue.",0.0,Logical,0.4,0.5,0.8,2.625,6.9198659596406,70.6159500662837,6
"CMV: The pledge of Allegiance is scary and stupid
I've lived in the US for 8 years now but the pledge has never really become normal for me. I know it by heart and stand to say it every day, but there's always a thought in the back of my head. I always think that the pledge is half brain washing and half just tradition.

I see no reason for having kids say those words unless you're trying to just get them to become a swarm of little Patriots who see nothing wrong with their country. This is a toxic and harmful way to think because they won't be able to fix problems cuz they won't see any.

Tradition is a big part of many American families, but what's the point of hanging on to such a little thing? Most people I know don't care for the pledge, they never even gave a second thought to it. So I don't see the point of keeping on saying it every day. Maybe if you do it on special occasions it would be more meaningful, but then it gets back to the problem I have with it mentioned earlier.

All in all I think it's scary as its brainwashing to a degree, and it's also stupid.",-0.3,Passionate,0.3,0.8,0.3,1.3333333333333333,8.140112149532712,74.81773831775702,2
"CMV: Some form of birth control should be available to all Americans at no charge.
A form of birth control that is safe and effective should be made available to every American who wants it, free of charge. 

This would include the pill, iud's, condoms, diagrams, etc. and hopefully at some point a chemical contraceptive for men.

A low cost standard would be decided upon but if that particular product doesnt work for a person the next cheapest effective option would be provided.

Students in public schools would be educated on the products and public schools could possibly distribute the product. 

I believe that this would pay for itself by reducing the number children dependent on the state, by allowing more people to focus on developing themselves instead of taking care of unwanted children, and by reducing the amount of revenue lost to child tax credits. 

Furthermore it would reduce human suffering by reducing the number of unwanted, neglected children and the number of resentful parents.  It would also reduce the number of abortions which I think we can all agree is a good thing.

Update: It turns out that there are a lot more options for free and affordable birth control in the US than I was aware of. 

But why was I not aware of them? I think that is a problem.

Maybe the focus needs to be more on education and awareness of all the programs that do exist.",0.4,Logical,0.4,0.6,0.8,4.166666666666667,9.760082644628099,58.243690400508626,7
"CMV: Obtaining a College Degree today is an investment with no guarantee of return
I'm a 22yr old college student who serves full-time in a restaurant to afford my education. College education used to be an investment where you'd see a return in the form of a job/career. I think qualifications for private sector careers are drastically changing. 

I read a tweet this morning regarding how Addison Rae had been hired and fired for becoming a UFC correspondent. I can't imagine the hundreds if not thousands of other applicants who studied years to get into a position like that. To go even further, the Tik-Tok influencer shared a bitter statement on twitter saying that she studied hard for three months to get that position. 

Three months??? Are you kidding me?!

That's not even a full semester of college. Plus, this 20-year old girl already has a generated net worth of 2 million. It proves to show that landing the career you want is a who-you-know game, rather than what-you-know. I'm happy to see another young kid becoming successful, but seeing news like this makes me feel like obtaining certain careers are impossible. If qualifications for careers aren't based on a defined set of knowledge, than what is my degree really going towards?

Edit 1: 
I just wanted to say thank you all for the input. This was my first reddit post that generated a large reddit-community conversation and who would've thought it was made while sitting on the toilet waking up this morning. 

After reviewing a lot of comments, I found an abundance of insightful information on why college is still relevant today. While I still feel that college holds less value than it once did, it still gives us important knowledge and networking options. When I pay too much attention to social media outlets, it tends to blur the line on how I perceive the definition of success. With that being said, I think success is truly up to ourselves regardless of a college degree or social media clout.",0.5,Passionate,0.6,0.7,0.5,1.5625,9.893137254901962,57.776895424836624,1
"CMV: The majority of the population is not intelligent enough to make the best decisions in a democracy.
Let me just make one thing clear, there is no better alternative to democracy at the moment but my point stands in my mind. I believe this because of the need in government to be able make highly intellectual decisions for a whole country that will impact a vase majority of people. Generally speaking, people who are trusted with greater decision making powers are of a higher intelligence to others and are trusted with good reason. When putting all this in the hands of the general public it all falls to whether you can convince a large majority of people who potentially lack the understanding or will fail to see the point of view on which you preach. I would prefer to trust the people best suited to make the best decisions for the country instead of the public making the wrong decisions for the county. It's corruption that would stand in the way of this. But... change my view and help me trust the political systems of today to do best for It's country and a world as a whole.",0.1,Logical,0.2,0.3,0.6,2.2857142857142856,11.54441582914573,56.5999403266332,2
"CMV: Class and wealth distribution are more important then issues of race and would be more effective to focus on in order to get positive change. Corporate america will always focus us on race rather then class.
Obviously racism exists and it is a problem, I am not arguing about that.  I just think it is the lesser of two evils.  I think we are sort of missing the point with these protests.  I think Democrats will back them 100% because they know they get easy votes from it.  Obviously as you read on, I voted for Bernie and I don't know for sure what would have happened if he got elected, it is hard to trust any politician, especially national ones because all you see is them on TV.  But I am curious if I am missing something here.  I like to say 'Corporate Democrats' basically the democratic party will use identity politics and social issues as sort of their crutch to get elected.  But when push comes to shove they will not do much for working class, lower income people.  They will be mostly bought and paid for by large corporations and special interests and won't rock the boat too much.  Now I think they are the lesser of two evils when it comes to Democrat vs Republican, sure and they do at least pass some policies, probably just the bare minimum to keep their base happy and to get enough votes.

I will admit I don't have a ton of specialist knowledge in politics but I do listen and consume what I would like to think is a vast array of content that contains perspectives from right to left, up and down.  And have for years.  I do my best to avoid echo chambers and to really try and listen to all opinions regardless of source.  I understand some people think of Obama as a hero, and someone with true class.  I will admit he speaks well and by all public facing evidence is a gentleman.  But is he much better than a corporate shill?  What besides Obamacare(which he %100 had to do or else why would anyone vote for a democrat again?) has he done for the poor and disenfranchised?

Are we really being bamboozled by corporations into buying into lesser narratives like a race war in order to avoid talking about the larger and more impactful issues of class discrimination and massive wealth distribution inequality.  I think corporations and corporate democrats will always talk about race because it is a social issue and so long as they make their solidarity posts and maybe hire a minority leader they will quell the mob and the mob won't talk about how they refuse to allow unions or provide decent healthcare or a decent wage, regardless of race.  Race keeps the lower class divided and it keeps corporations out of the public eye.   I think liberal media(CNN CBS, etc) aka corporate media will continually push the race war narrative because it is in their best interest.

Change my view.",0.1,Logical,0.5,0.5,0.7,1.1538461538461537,9.93150215264188,60.26452524461841,2
"CMV: Actors should be allowed to play any role they want, without restrictions on race and ethnicity.
This has been bugging me since Alison Brie was forced to apologize for voicing Diane Nguyen, a Vietnamese Amercian character from BoJack Horseman.

Simply put, I find the entire situation ridiculous. It is the nature of actors' job to play someone they are not! ""Cancelling"" performers for accepting a role when character's race, sexual orientation, ethnicity, religion, or other feature doesn't match that of the actor is just as absurd as, say, charging Claire Foy with lèse-majesté because she, a commoner, played Queen Elizabeth II. 

Can you explain the reasons for outrage and change my view?",0.0,Sarcastic,0.2,0.5,0.7,2.3333333333333335,11.282433628318582,47.71739675516227,0
"CMV: Research surrounding vaccines should never be in a situation where it can be 'stolen' and should be readily accessible to scientists around the world.
While the title is self-explanatory, I woke up this morning to the news that the [United States was accusing China of attempting to steal their COVID vaccine data](https://www.washingtonpost.com/national-security/us-china-covid-19-vaccine-research/2020/07/21/8b6ca0c0-cb58-11ea-91f1-28aca4d833a0_story.html).

Now, I recognize that there are situations where states may not want their information taken by other state actors (see, [defense information from the US and China](https://www.cfr.org/blog/chinese-hackers-are-stealing-us-defense-secrets-here-how-stop-them)). However, *especially* amidst a global pandemic where  over 15 million people have been diagnosed and over 600,000 people have died from the virus ([Google: COVID Statistics](https://www.google.com/search?q=total+world+covid+deaths&rlz=1C1CHBF_enUS845US845&oq=total+world+cov&aqs=chrome.1.0l3j69i57j0l4.3062j0j4&sourceid=chrome&ie=UTF-8)), it is unethical, in my mind, to withhold research information that could bring the world to a successful vaccine.

I believe there is a sort of historical precedence both for and against this, but the best comparison I am able to make is how Jonas Salk, the creator of the polio vaccine, refused to patent his discovery due to the morality of such a choice with a quote akin to ""would you patent the sun?"" [Here is a source that sums it up](https://www.techdirt.com/articles/20200326/10100644177/67-years-ago-today-jonas-salk-announced-polio-vaccine-did-not-patent-it.shtml), though if you can find a better one please let me know. While this isn't vaccine research, the point stands that if there is access to life-altering technology, it should be shared not sold or kept a secret.

I get we live in a capitalist society, but morally I cannot fathom this lack of sharing knowledge. Even if initial costs are high, wouldn't costs overall *decrease* as more people have access to it?

Edit2: I would like to clarify that my concerns, while stemming from news that came out today, are more holistic in not sharing medical research that can have significant impacts on global communities. Cancer research, malaria vaccines, HIV ARVs are all great examples.

Edit3: A generous amount of deltas and explanations will be coming out shortly, there is a lot of good information in here and I strongly recommend you take a read through it!

Edit4: A lot of people are getting hung up on the morality of healthcare *costs* - which I am sure in some facet we can agree on that. This conversation is focused on the sharing of knowledge to create vaccines and treatments, **not** their subsequent costs.

Edit: Thanks everyone who continues to share their thoughts. The scholar in me is going through, making notes, and of course always researching. I'll continue my replies as promptly as possible.",0.7,Logical,0.7,0.6,0.8,1.5263157894736843,13.148,49.837819209039566,4
"CMV:I should not donate to BLM until I see what the f**k they do with the money.
I believe the statement, black lives matter, to be true. I also believe that they are not valued by all public institutions at present. I also agree that somewhat drastic changes are necessary to enact a more equal outcome.

So at face value, im all for BLM. The rub lies in an old adage "" the giver not knowing where their moneys going, is as simple as throwing away"".

I'm all for my donations supporting impoverished black communities, but I'm not ok with my donations supporting a political party from a country I don't live in. Really I'm not ok with the lack of transparency within the ""organizations"" at all. 

So reddit, what does BLM do with the money? Why should I support them?

Edit: this is now a major point of contention in the comments, if you want to argue about the political campaign funding please refer to or prove false this comment.

>In the event that a campaign or committee (a) fails for 60 days to cash a check from ActBlue which includes your contribution (after ActBlue makes repeated attempts to work with the campaign to ensure all checks are cashed), or (b) affirmatively refuses a contribution earmarked through ActBlue, your contribution will be re-designated as a contribution to ActBlue. Contributions to social welfare organizations which are similarly not cashed or affirmatively refused will be kept by ActBlue and used generally to support its social welfare activities. Contributions to charitable organizations which are not cashed or affirmatively refused will go to ActBlue Charities.

https://secure.actblue.com/content/fineprint

Edit: I'm a little overwhelmed by the replies but I think this was mostly a productive conversation. I also want to thank everyone for giving me enough karma to post in r/dankmemes",0.2,Passionate,0.6,0.5,0.7,1.3888888888888888,10.605525990099014,52.75601175742574,2
"CMV: Free awards and the large amount of cheap reaction awards has devalued the meaning of Reddit awards
With the new system of people able to claim free awards, and the large array of cheaper reaction awards, I now often see posts with dozens and hundreds of awards, which has desensitised me to the specialness of awards.

They used to be a rare or special thing to acknowledge something special or show gratitude, but now these awards are just thrown around every where and no longer have the same meaning to me as in the past.

And for those wondering about free awards: On Reddit mobile, the coin section up the top may say free, and upon clicking it there is a free box, which when opened gives you a free award to give out within 24 hours",0.1,Neutral,0.3,0.3,0.6,2.6666666666666665,18.852898550724635,41.82760869565219,1
"CMV: The 13 Reasons Why is nothing but glorification of suicide and martyrdom and should never have been made.
I get it, it’s just a TV show for entertainment purposes only. But the running concept of the show is “Girl gets bullied. Girl doesn’t get help. Girl kills herself and makes 13 different tapes that explain why each of these 13 people are responsible for her death. Each of the 13 people then has to take responsibility for the fact that they are the reason she’s dead.” It’s not a direct summation of the show and I’m sure I missed some of the fine details here but that’s the general premise of the show. 

It’s insane to me how much positive feedback this show got. It’s basically a glorification of not taking care of yourself, not asking for help when you need help, not really trying to find an answer to your problems and then killing yourself. It doesn’t stop there though. It then takes it to the next level by essentially promoting the message that “if you kill yourself and blame somebody else, you’ll change the way they are.” It’s a horribly offensive attention grab of a show that shamelessly promotes martyrdom as an answer to your problems. 

And the show itself is contributing to the problem. [this study](https://www.nimh.nih.gov/news/science-news/2019/release-of-13-reasons-why-associated-with-increase-in-youth-suicide-rates.shtml) shows that in the month after the release of the show, rates of suicide and suicide attempts jumped by 12 percent in boys and 21 percent in girls. I understand the concept of body is responsible for your suicide but you. Ultimately if you kill yourself it’s on you. But come on, when a show that’s aimed at high school age children advertises martyrdom the way that “13 Reasons Why” does, and then a huge jump in suicide attempts comes around the corner somebody needs to see that the show is bad and should be pulled.",-0.1,Passionate,0.5,0.8,0.7,1.0,8.27650037230082,68.8318652271035,2
"CMV: A person should not be able to be charged with a DUI or DWI unless you are actually driving.

When I was in college a roommate went out drinking one night, got in an arguement with someone in the bar, and decided to leave.  He realized that he had had too much to drink, so he called a ride.  It was mid August and super hot outside, so while he was waiting on his ride he sat in in his truck and ran the A/C.  A police officer saw him and took him in for a DWI and he was convicted.  It effected his employment and schooling for the next couple of years.

I never liked the guy much, but I always thought he got a raw deal. He was doing the right thing and got the same penalty as if he decided to drive home.  You should be able to sleep it off in your car without fear of consequence.

I have heard the argument that if the officer saw a drunk sitting in their car and just walked away from it, the person could start driving at any moment.  I argue that it would be just as easy to take the person home as it would be to take them to jail, and it doesnt ruin their life. The police could even take them to the jail to dry out for the night just to be sure, but there is no reason to suspend their license, fine, and imprison a person for simply sitting in their car with the keys in their possession, or even sitting in a running vehicle. 

To head off the first argument I see coming, this doesn't apply to a vehicle in a lane of traffic, obviously if you are passed out at a stop sign or something you deserve a DWI.

Update: After reading tons of comments my view has been changed marginally to believe that what he did should not be completely legal.  I believe that there should be some form of moderate traffic citation with a fine associated with it along with a ride home or a night in the drunk tank.  That way the police can prevent tragedies while not making the assumption that the person was definitely going to drive and ruining the person's life.

Dont expect any more replies from me, I have the day off with my family and I'm not spending any more time on my phone. Feel free to discuss amongst yourselves.",0.3,Logical,0.5,0.6,0.7,0.9545454545454546,9.47288676236045,68.50798511430092,0
"CMV: Social Media is a problem because it gives stupid people power
Disclaimer: I do not wish to offend anybody. Nor am I saying that I am particularly smart.

My theory:

the average person is pretty stupid. And a very large number of people is even more stupid than that and let's further say that 8/10 of those very dumb people think that they're actually not dumb but in fact they think themselves rather clever. This in turns make them extremely vocal about their views and opinions .... because heck why not, they are smart right? They have all the answers and want to share them with the world.

Now, before social media those people were a contained problem. They were the weird guy in the pub or the kid on the playground who wouldn't shut up about conspiracy theories. You could simply ignore them or tell them you weren't interested.

But since social media it has become as easy as never before in human history to inflict your opinion on the world. You just twitter away ... you blow your 2 cents into the aether. And guess what ... you're very quickly and easily going find someone that thinks alike.

And that is the problem. Stupid people are becoming a force to be reckoned with. Not because they are right about something... but because they are collectively stupid. And that gives them power.

Instead of the one weirdo you could just ignore you have hundreds or in some cases even thousands of people who are organizing themselves and are spreading their message ... the best example I can think of here are flat earthers.

If you've read until here ... cheers!

&#x200B;

Edit:  I have read through all the comments and answered a fair bit of them.

If I haven't responded to any of you it's probably because it would only serve to repeat myself. Please don't think me not replying has anything to do with me not appreciating your input. Almost all the comments have been very constructive and insightful. I have very much enjoyed this discussion with all of you, thanks a lot! :)",0.4,Humorous,0.3,0.5,0.6,0.7647058823529411,6.309754782254782,72.15227564102567,2
"cmv: (UK) People focus too much on the career aspect of higher education and not the more personal and transformative aspects of higher education.
It really shocked me just how many people I have met in college/university that appear to be flatly disinterested in, or unenthusiastic about the subject they are currently studying.

From what I have seen, people tend to choose a subject for study that just ""*bores them the least*"" and then they go from there. It's really very rare to meet a person who is genuinely passionate about their subject of choice...and when I do see it, I like to *really* encourage it, it's so nice to sit back for half an hour and listen to someone enthusiastically ramble on about something that interests them, and then you can ask them questions about it and watch their eyes light up a bit as they realise they have found another person that is interested, another person that *understands* their mindset.

I'm 28, and I am only just starting to dip my toe's into higher education (first-year design engineering) when I tell people this the response is almost always the same... ""*are you not worried that you have left it a bit late because it will harder for you to build a career afterward?*""...and my answer is always the same, I couldn't care less about a career, I'm not studying this subject for better job prospects, I am studying it because I genuinely love the subject, I could flip burgers for the rest of my life after this and I wouldn't really care, I don't want the money, I want the knowledge.

(this is why I specified that I'm from the UK as if you don't make a certain amount you don't have to pay back your student loans, and if enough time goes by, twenty years I think, then it's completely forgiven. I could understand why an American may not be able to have the same mindset as you have to pay back the student debt as it's not forgiven)

So this brings me to the real meat and bones of my view...I think the ""*commercialisation*"" of higher education has helped to minimize something that in my opinion is actually quite nobel, and that's genuine interest and passion, as it's now sidelined in favor of money, status, and career.

**Edit 1:**  I suppose something that could be skewing this for me is my age, I have had that transition from teenager to adulthood, I understand how hectic this period can be, I suppose my mindset might be one that comes with age, and with most of the people I am around they are much younger and tend to be ""*up in the air*"" as I'm sure we were are at that age. It's hard to think about the ""*nobility of education*"" while you are breaking out in spots and your hormones are all over the place. 

&#x200B;",0.6,Passionate,0.6,0.7,0.5,0.8048780487804879,15.923353783231082,47.897102406795696,3
"CMV: Cursing is like shouting - occasionally appropriate, but doing it all the time makes you sound stupid and annoying
I am the father of a son 1-year-old boy. He doesn't talk yet, but I feel I need to think about how to teach him things - among other things, an attitude towards harsh language.

I use harsh language occasionally myself and see nothing wrong with it, so it would be hypocritical to teach him that swearing is bad in general. 

I think that yelling is a good analogy: Sometimes yelling is completely reasonable, but if you yell a lot it's annoying and you come off as stupid. The same with cussing.

Is this analogy flawed? CMV.

**EDIT 1**: I should probably have specified where I live. I am in Denmark. Curse words are not super taboo here, but I'm sure there are other places where people are more foul-mouthed than we are. (Ireland has been mentioned a few times. I dunno; I have not been to Ireland.)

**EDIT 2**: Several people have linked studies saying that people who curse are smarter. That may be true. I did not mean to say that people who curse ARE stupid. I said that cursing all the time _makes you come off as stupid_ - not to everyone, of course, but to many people. So these findings don't C my V.",0.3,Logical,0.5,0.4,0.7,3.111111111111111,6.2570416666666695,75.24956250000001,1
"CMV: Reddit awards was a bad idea
Money being a way to distinguish posts/comments goes against the idea of the constitution.  A website of the people, by the people, and for the people.  Not anymore.  Now one guy with money can make a post stand out way more than a hundred upvotes would.  It takes power away from your average, well-to-do redditor.  

Also, I’m pretty sure there are hidden meanings in awards that lets trolls use them sarcastically and in bad faith.  

I don’t care if it makes Reddit more money, unless they were going bankrupt without them.

But I still have a lot of Reddit to explore, so maybe there are good uses for awards I haven’t seen?  Change my view.

Edit: Well now I see that nice message you get when you’re post is gilded.  That is pretty nice.  I guess I was successfully bribed.

Edit 2: I’m not giving out any more deltas for awards.  The first one was funny and changed my view.  The following ones will not change my view anymore than the first one.",0.4,Humorous,0.3,0.4,0.6,1.2307692307692308,5.61650793650794,77.69500000000001,1
"CMV: A huge number of problems in the United States would be solved if politicians were limited to a single term.
I hate politicians. Primarily at the federal level, but at the local level I'm still not a big fan. Our world needs order and someone needs to make the rules. I hate, however, that being a politician has become a class all of its own.

So much of the fervor and hate that exists in the country is fed and fueled by people pointing fingers at others and calling them evil. ""Republicans are racist, vote for me!"" ""Democrats are communists, vote for me!"" It all comes to the same point, getting as many people behind you so you stay in power instead of the other guy.

Some congressmen have held their office for longer than I've been alive. I'm a mom of two with a bachelor's degree. In that time, they've enriched themselves and their families/friends in the millions of dollars.

I've talked to people about this before, and they've always said that two or three term limits would be ok. I think one would be even better.

Once someone is elected, they spend so much money trying to convince people to vote for them, either by campaigning, or posturing in the political arena, saying they're doing so much, when in reality, nothing happens. No more re-election would erase all of that immediately. 

Yeah, government is complicated, it takes a little while to figure it out, giving an extra term or two helps them figure it out. I don't agree. There's been many a time where important laws get passed quickly. If you feel the pressure to get things done before you're replaced, you'll figure out a way to get things done faster. 

Having single term limits would stop the ""career politician"" from being a thing. You get one term at the local level, any position, and one term at the federal level, any position. After that, go back to being a dentist, or a truck driver, or a school teacher. Manipulation and lying wouldn't be something people get paid for anymore. Plus, people in office would be more in touch with the normal American.

Think of your least favorite politician.(Trump doesn't count, he is a lot of things, but he is not a politician) How much better would it have been if they'd been released back into normal life years ago? Or if they had a definite end to their awfulness in a few months? It'd be a bummer for the very few good ones there are, but with more turnover, more actual good people would have the chance to make a change. Good honest people who would be willing to take a break from their lives for a couple of years to make good changes in their communities.

I would really love to be taught some different aspects of this. I'm not an expert of government or politics, so I really want to be taught the flaws in my thought process.

I'm not saying it would be the ultimate best answer, but it would fix a lot.

Edit: Thanks so much for the people who responded with info instead of just saying ""people like you are why the world sucks."" I've given out a few ∆s. My view is changed.

A big problem in politics is the corruption. If the ""career field"" wasn't so insanely lucrative, it would resolve the problems more than putting a single term limits. The prospect of being reelected would be a bit more incentive to actually do good, but keeping lobbying out of the picture would help a lot.",0.5,Passionate,0.5,0.7,0.6,1.4285714285714286,7.276046128500827,70.6183255185232,6
"CMV: Medical professionals shouldn’t be allowed to work if they refuse the vaccine
I wanted to post here to see if there are other views I’m missing that make this a bad idea in any way...

My aunt is a nurse who’s seriously refusing the vaccine, and she helps COVID patients almost every day... on top of that, she wants to fly out of state to visit the rest of my family, who also are refusing vaccines, and they all contracted COVID. Then, she wants to go on a vacation to Hawaii right after she’s done visiting! It’s insane to me that a medical professional of any kind can be allowed to behave this way and put this many people at risk. Who knows who she’s gonna spread it to while on the plane or when she goes to Hawaii or when she comes back. People might hate me for this, but a law should be put in place that anyone who refuses vaccines can’t be in the medical field. It’s unsafe and it just doesn’t make any sense... any other views out there?",0.2,Passionate,0.3,0.8,0.4,0.9,8.544202898550726,70.21867149758457,0
"CMV: The Bachelor/Bachelorette are pathetic and I'm right to negatively judge those who participate in or watch either.
EDIT - [Me waking up.](https://media.giphy.com/media/qUn01S2U4I46s/giphy.gif)

As I understand it, the premise of these shows is that one profound narcissist is put on a pedestal as a prize while a crowd of pathetic saps (many of whom are also profound narcissists) competes for their affection.  So, from the start, it's implied that the one person is in some meaningful way more important or desirable than the crowd of pathetic saps and by extension enjoys some implied right to select the most desirable pathetic sap.  The crowd of saps assents to this, thereby tacitly accepting that they are properly placed among the beggars and not the choosers.  The Bachelor/ette's worth is established and accepted, while theirs is in question.

Great foundation to a relationship of co-equal partners!

The whole setup seems antithetical to basic human dignity, self-respect and respect for the dignity of others.  In any other context of modern life, a competition like this would attract no self-respecting person.  If a woman circa 2021 tried to arrange some competition between two prospective suitors to win her, we would have no problem saying that woman sucks and that both men should walk away...but it works for a game show, I guess.

Were I in a crowd of young men vying for the attention of one woman, I would...*leave*.  The kind of woman that would want me to go through that sort of bizarre ordeal to get with her is not the kind woman I want to be with, because that is a bizarre and humiliating ritual that only made some sense when the woman in question had huge...[tracts of land](https://www.youtube.com/watch?reload=9&v=GPX-mW4l1rU&ab_channel=JethalSilverwing).  Her participation proves she does not respect me or any of the other men, so I do not respect her and I do not respect them for participating.  Staying would be hell, she is insane, and I'm out.

Were I single and designated as the ""prize"" in a crowd of physically attractive women with low self-esteem vying for my affection, I would probably abuse that privilege greatly before going somewhere else to find women with more self respect.  (I'm not proud of that, I'm just aware of my flaws.) See...I have pretty healthy self-esteem and *I have no idea why those women would be there.* I would find their obsequiousness repulsive and I wouldn't be able to respect them because I could not imagine how they could justify staying in the situation I would never tolerate.  What they say with what they do is: ""this pack of losers is where I belong. Please lend me some dignity because without a man to define me, I'm nothing.""

No thanks, sport.

In short: everyone participating is providing evidence suggesting no sensible person should want to be in a relationship with them - and my assumption is that any self-respecting woman would feel the same if genders were reversed.

Watching either show is a bit like - not *exactly* like, a *bit* like - watching Bum Fights videos or a long playlists of videos that needs to be muted because you keep hearing ""WORLDSTAR"" in the foreground.  You're deriving pleasure from tragedy, humiliation and general ugliness.  Celebrating the worst the world has to offer and mankind in its most unworthy state.  And it's not like appreciating a work of fiction or a depiction of historical reality, you're cultivating mankind at its bestial worst.

Watching *The Bachelor* doesn't make you a monster per se...but I do see its viewers how I might see Romans getting a kick out of executions in the Colosseum.  You are not yet damned, but Jesus certainly expected better from you.

But perhaps I'm missing something.  Change my view.",-0.6,Sarcastic,0.4,0.9,0.5,1.8928571428571428,9.934959239130439,58.398525815217425,0
"CMV: Homelessness is not a crime
This CMV is not about the reasons why people become homeless. Even if people would become homeless solely due to their personal failure, they are still humans and they should not be treated like pigeons or another city pest. 

Instead I want to talk about laws that criminalize homelessness. Some jurisdictions have laws that literally say it is illegal to be homeless, but more often they take more subtle forms. I will add a link at the end if you are interested in specific examples, but for now I will let the writer Anatole France summarize the issue in a way only a Frenchman could:

>The law, in its majestic equality, forbids the rich as well as the poor to sleep under bridges.

So basically, those laws are often unfair against homeless people. But besides that, those laws are not consistent with what a law is supposed to be.

When a law is violated it means someone has intentionally wronged society itself. Note that that does not mean society is the only victim. For example, in a crime like murderer there is obviously the murdered and his or her surviving relatives. But society is also wronged, as society deems citizens killing each other undesirable. This is why a vigilante who kills people that would have gotten the death penalty is still a criminal.

So what does this say about homelesness? Homelessness can be seen as undesired by society, just like extra-judicial violence is. So should we have laws banning homelessness?

Perhaps, but if we say homelessness is a crime it does not mean homeless people are the criminals. Obviously there would not be homelessness without homeless people, but without murdered people there also would not be murders. Both groups are victims. 

But if homeless people are not the perpetrators, then who is? Its almost impossible to determine a definitely guilty party here, because the issue has a complex and difficult to entangle web of causes. In a sense, society itself is responsible.

I am not sure what a law violated by society itself would even mean. So in conclusion:

Homelessness is not a crime and instead of criminalizing homeless behaviour we as society should try to actually solve the issue itself.

CMV

Report detailing anti-homelessness laws in the US:
https://nlchp.org/housing-not-handcuffs-2019/

Edit: Later in this podcast they also talk about this issue, how criminalization combined with sunshine laws dehumanizes homeless people and turns them into the butt of the ""Florida man"" joke. Not directly related to main point, but it shows how even if the direct punishment might be not that harsh criminalization can still have very bad consequences:
https://citationsneeded.medium.com/episode-75-the-trouble-with-florida-man-33fa8457d1bb",0.2,Logical,0.2,0.5,0.8,1.0,10.259400451467268,53.069064559819424,1
"CMV: Cultural appropriation is a western concept

I’m tired of seeing people getting mad/hating on people for wearing clothing of other cultures or even wearing hairstyles of other cultures like braids. All these people who claim that this is cultural appropriation are wrong. Cultural appropriation is taking a part of ones culture and either claiming it as your own or disrespecting. Getting braids in your hair when you’re not black and wearing a kimono when you’re not Japanese is okay you’re just appreciating aspects of another culture. I’m from Uganda (a country in east Africa) and when I lived there sometimes white people would come on vacation, they would where kanzu’s which are traditional dresses in our culture. Nobody got offended, nobody was mad we were happy to see someone else enjoying and taking part in our culture. I also saw this video on YouTube where this Japanese man was interviewing random people in japan and showed them pictures of people of other races wearing a kimono and asking for there opinions. They all said they were happy that there culture was being shared, no one got mad. When you go to non western countries everyone’s happy that you want to participate in there culture. 

I believe that cultural appropriation is now a western concept because of the fact that the only people who seen to get mad and offended are westerners. They twisted the meaning of cultural appropriation to basically being if you want to participate in a culture its appropriation. I think it’s bs.

Edit: Just rephrasing my statement a bit to reduce confusion. I think the westerners created a new definition of cultural appropriation and so in a way it kind of makes that version of it atleast, a ‘western concept’. 

Edit: I understand that I am only Ugandan so I really shouldn’t be speaking on others cultures and I apologize for that.

Edit: My view has changed a bit thank to these very insightful comments I understand now how  a person can be offended by someone taking part in there culture when those same people would hate on it and were racist towards its people. I now don’t think that we should force people to share their cultures if they not want to. The only part of this ‘new’ definition on cultural appropriation that I disagree with is when someone gets mad and someone for wearing cultural clothing at a cultural event. Ex how Adele got hated on for wearing Jamaican traditional clothing at a Caribbean festival. I think of this as appreciating. However I understand why people wearing these thing outside of a cultural event can see this as offensive. And they have the right to feel offended.

This was a fun topic to debate, thank you everyone for making very insightful comments! I have a lot to learn to grow. :)",0.8,Passionate,0.6,0.4,0.5,2.260869565217391,10.687857142857144,53.76130952380956,1
"CMV: Privacy is a fundamental human right and we should stop using the products of corporations that violate it.
We should start questioning wether the business models of these huge data-gathering corporations are ethical and benefit society.

Do we want to live in a world where a few handful of billionaires control the information about our personal lives?

Some might say yes because they're nobodies, have nothing to hide, aren't doing anything wrong, etc. And they're wrong because;

&#x200B;

a) Just because you have nothing to hide doesn't mean that other people don't either.

b) Having something to hide isn't in accordance with doing something wrong. Many people, especially minorities, that live in oppressive countries need to hide their identities from these corporations and subsequently from their government to be able to live.

c) You're empowering these billion dollar companies to control and manipulate you in any way they like based on their knowledge of you. We know this is the case with personalised search results and feeds as well as [insurers overcharging patients based on the data collected by their medical tracking device.](https://www.propublica.org/article/you-snooze-you-lose-insurers-make-the-old-adage-literally-true)

d) Such a collection of companies no longer let us participate in democracy but rule over us in a corporatocracy.

&#x200B;

As some might consider, opting out of all technology is not a possibility in this day and age. Instead, we should start using ethical alternatives to these technologies if we want to live in a fair society.

&#x200B;

\*\*EDIT\*\*: Wow this got huge, thanks everyone! I expected to have a conversation with a few at the beginning but can't even see every comment at this point.

Firstly let me say that I posted here to actually have my mind changed because I wasn't fully convinced about the issue and wanted to hear from what others had to say.

Secondly, a lot of you raised some good points and flaws with my argument which I appreciate and while I haven't fully given up my opinion, you did reshape my thinking.

I guess in the end my argument would be, whether it's a violation of privacy or not, to stop actually consenting to companies and ultimately governments owning and controlling our data in the first place because of the multiple dangers this brings to our civil liberties, which privacy is an important one of them in my opinion.",0.4,Logical,0.3,0.6,0.8,1.368421052631579,12.332429667519182,47.610716112531975,5
"CMV: Resisting arrest should not be allowed as the solo criminal charge
In March of this year, police officers in Sacramento arrested a man they misidentified as having a warrant out for his arrest. The arrest turned physical with an officer kicking the suspect while he was being compliant. Even though he was later confirmed to not have a warrant, the police charged him with a single count of resisting arrest. 

Just earlier today, a disturbing video was made public that showed an officer from the Anderson Police using a recently banned ""chokehold restraint"" to arrest a man that was only eventually charged with resisting arrest. 

Using this as a sole charge is often the byproduct of a police mistake or even an unjustified arrest. I believe that the charge is meant to deflect from police misconduct and place the blame on the defendant. It does not serve the interest of justice to use ""resisting arrest"" as a sole charge, especially if the arrest was a case of mistaken identity.",0.0,Logical,0.2,0.7,0.7,1.2,12.553193277310925,48.31794117647061,0
"CMV: The delay of Merrick Garland's SCOTUS nomination for 293 days - while a Kavanaugh vote is being pushed for this week - is reason enough to vote against his nomination
I know this post will seem extremely partisan, but I honestly need a credible defense of the GOP's actions. 

Of all the things the two parties have done, it's the hypocrisy on the part of Mitch McConnell and the senate Republicans that has made me lose respect for the party. I would say the same thing if the roles were reversed, and it was the Democrats delaying one nomination, while shoving their own through the process.

I want to understand how McConnell and others Republicans can justify delaying Merrick Garland's nomination for almost a year, while urging the need for an immediate vote on Brett Kavanaugh. After all, Garland was a consensus choice, a moderate candidate with an impeccable record. Republicans such as Orrin Hatch (who later refused Garland a hearing) personally vouched for his character and record. It seems the only reason behind denying the nominee a hearing was to oppose Obama, while holding out for the opportunity to nominate a far-right candidate after the 2016 election.

I simply do not understand how McConnell and his colleagues can justify their actions. How can Lindsey Graham launch into an angry defense of Kavanaugh, when his party delayed a qualified nominee and left a SCOTUS seat open for months?

I feel like there must be something I'm missing here. After all, these are senators - career politicians and statesmen - they must have some credible defense against charges of hypocrisy. Still, it seems to me, on the basis of what I've seen, that the GOP is arguing in bad faith.

_____",-0.1,Passionate,0.5,0.6,0.8,1.3076923076923077,12.403702090592336,48.73240563298489,0
"CMV: Companys caught using child labour, even if it is a subsidiary or 3rd party, should face massive fines.
I think that if a company is caught using child labour in 3rd world countries, it should be faced with absolutely massive fines. Something along the lines of having to pay works 2-3 times the wages they would have been owed if working in the country the company is based in. As well as having to pay a fine of 100% of the sale value fo the product. Not just profit.

I do not think the idea that ""the company did not know about the child labour."" That is used when they hire a smaller company that has any merit as a defence either. Gross negligence is not an excuse for any other crime. And should not be here either. A worker that got hurt due to a ceiling beam would not be unable to sue since the company had no way of knowing water damage had acquired.

Edit 1: I should have been more clear on this. I am specifically referring to when a company send its work to be done by young children in 3rd world countries. Working for next to nothing.

Edit 2: I am willing to admit defeat on the topic of gross negligence. Why I still do believe that a company that can be proven to know they knew of child labour, I admit I was to casting too broad of a net. As I was only thinking of companies that would try to use smaller companies that they did not technically have affiliation with as a means of circumventing the law. And not of the dozens of reasons that a company may have reasonably done business with a company that was using child labour and they themselves be innocent.",0.3,Logical,0.2,0.6,0.7,1.1333333333333333,7.8808281733746135,70.41138544891642,1
"CMV: Canceling/subsidizing any amount of student loan debt shouldn't be considered until a legislation is put out to minimize the reasons debt is skyrocketing in the first place.
In light of the U.S. considering canceling student loan debt with President Biden pushing $10k and Democrats pushing $50k, the focus seems to be the value rather than how to stop the next generation from digging that hole. Background, joined military, got school payed for etc. I'm borderline okay with my taxes going out so others won't have to be as worried with that crippling debt due to their choices. I'd be much more okay with the previous statement if I knew I had to never do it again cause there's laws in place. 

Also before the college should be free comments come out, yes I know and understand, I just want to work on this step before we take huge ones.

Edit 1: thanks for expressing student loan debt doesn't need to happen at all. I respect your opinion, numerous chat requests, and views. I do believe that's another conversation to be had that's different from this one.

Edit 2: I've realized through my own incompetence, it came off as Let's not do A until we do B. I should have iterated it better to be lets not do A without doing B together so B become an afterthought/impossibility afterwards.

Edit 3: Thank you all for your posts. I haven't had much time to respond to everyone but rest assured I've read most of it. If I didn't reply to it, there's a great chance that I responded to the reasoning earlier in one of the replies. To those who had nothing constructive for this post besides that they worked their ass off and people can get fucked if they can't do the same, thanks for your input. We just had fundamentally different views, and once you can recognize that it doesn't have to cause unnecessary negativity or belittling then I'd be more than happy to have the convos with you. Until then, I hope you vote for the changes you want to see! 

Also will somebody tell me how to do triangle delta on mobile?",0.5,Neutral,0.6,0.4,0.7,0.8636363636363636,9.101009372746933,64.02891852919974,1
"CMV: most subs on Reddit are far left leaning and will shout anything down that doesn’t fit their agenda, same as their mods. This does not exclude debate subs.
Now since this is only my personal experience I am open to any input from another perspective.

I have made the experience that people will become very hostile should you explain any idea that is even a little bit right leaning even when it is 100% based on facts or rationality. It also feels like there are some subjects like gay people, transgenderism, pro-life vs. pro choice, mental health, etc. that you can’t discuss at all because people seem to get so triggered at their very sight. It even has gone to the lengths of perma bans and mods insulting me, because of simply voicing an opinion / for simply making a post.

Maybe I have a clouded view, because I‘ve just experienced the worst of the worst, so what are your takes on the matter?

Edit: for clarification, where I am from we don’t differentiate between liberal and left. I‘ve seen this a lot in here so now you know.",0.3,Neutral,0.3,0.7,0.4,1.0,8.342655122655124,65.85259740259743,0
"CMV: People that use the terms ""soy boy"" or ""cuck"" are highly insecure about their own masculinity.
Whenever I hear those terms I can't stop myself from imagining that person as a highly insecure person that tries to prove to themselves how masculine they are by making fun of people that remind themselves of their own self-perceived flaws.

Especially because the only people that are seemingly using those terms are incels, MGTOWs, red pillers and others who's whole world view is based on insecure delusions. And because I have never met a confident person in my life that would use such terms, but lots of complete losers that feel that it gives them some kind of power.

CMV: Guys that are using those terms unironically as a way to make fun of men that aren't hypermasculine are insecure about their own masculinity. ",-0.6,Passionate,0.1,0.8,0.3,2.0,12.936704225352116,52.896323943662,0
"CMV: If you are still talking about Hillary Clinton in 2019, then you don't actually care about the United States.
Hillary Clinton has had zero relevance in terms of any actual policy in this country since she lost her bid for President in 2016, and really not even since she ended her gig as Secretary of State in 2013. She hasn't done anything in that span other than write a book, tweet a few times, and spend time with her family, all of which are pretty normal things to do for any American citizen.

And yet, I STILL see people creating fresh slams against Hillary, new memes about her, more rhetoric about how good it is that she didn't win. This is YEARS after she stopped being important.

There is only one reason I can think of that explains why anyone still feels like Hillary Clinton is still relevant: that politics is a game where people win and lose, and the only thing that matters is that your side wins. This mentality IS NOT focused on the country as a whole, and I can't possibly imagine why fostering a deep division is really helping anything. It highlights that people view politics like they view sports, where all they really care about is winning, and what you do with that victory is not to use your gained power for good but rather to just gloat about the fact that you won.

Remember how Democrats kept on railing about Mitt Romney in 2015, two to three years after he lost? What, you don't? Well why not?! I mean, he ran for President, and lost, and I think the majority of Americans seem to be glad about that, so why is that any different from Hillary in 2019?? My response is that Democrats actually DO care about the direction of the country and want to win so that they CAN change the country for the better, and the fact that they left Mitt alone after he lost is proof of that. The fact that people still care about Hillary in 2019 is proof that these people don't actually care about the direction of the country, they only care that their side wins elections so they can feel better about themselves. Why else would Hillary still be relevant in 2019?

Edit: Lots of good dialogue here. Let me respond to some of the common points brought up.... First, the delta I awarded was on this point that she is ""not relevant"". I admit now that she IS relevant, but I still maintain that she is not any more relevant to current politics than any other retired Democratic politician. I don't take seriously this idea that she may run for office since she said so herself, and second-hand conjecture is not going to sway my opinion on that. 

More than anything else, it is that she is DISPROPORTIONATELY targeted by trolls in comparison to her relevance. It doesn't mean anything to me that people might discuss something she said recently. It's the fact that, in the general media sphere, I'll see more memes / complaints / discussions about Hillary than I will about really any other retired politician, and in some cases even more than someone who actually holds office right now. 

By the way, if people discuss things she said, that's fine. But when it becomes about her as a person, that's when I really scratch my head and wonder what the real goal is there. If she says something foolish, then one can easily disprove it. If you attack her instead, then what's that going to accomplish? 

And if she is actually guilty of anything, then why haven't any Republicans, with all their current wealth and power, managed to get any charges pressed against her? I haven't seen anyone address this point. I did see a super long hearing about Benghazi, a considerable and protracted effort, that tried to achieve this and failed. 

There ought to be more discussion about how I link obsession with Hillary to not caring about America. And I think the biggest point I want to make there is that Hillary Clinton IS. NOT. A. PRIORITY. for this country. And yet I see SO MUCH SHIT about her all the time, so much discussion, so many memes, so many insults, so many concerns about unfounded conspiracy theories and criminal charges that even the most powerful Republicans can't make. Look I don't even care if you're Republican, Democrat, green party supporter, libertarian, etc. I guarantee you that you probably have plenty of actual political priorities in this country, like our economy, immigration, health care, the climate, research and development, foreign relations, infrastructure. ALL of these things are so much more important and so vital to our country that I cannot help but think that anyone who actually thinks that Hillary is worth talking about in this political climate must clearly not care about ANY of those things, as I cannot otherwise explain how a person can rant and rave about a retired politician but then not have much to say about infrastructure in a country where some bridges just collapse out of the blue (I lived 2 blocks from the 35W bridge when it fell and drove on it daily). Or any other number of major problems, take your pick. I dare anyone to present an actual concern about Hillary Clinton that really is a bigger deal than anything I just mentioned. 

CMV.",-0.4,Passionate,0.4,0.6,0.7,0.927536231884058,11.200570801317237,56.36493850094291,5
"CMV: We should be embracing automation to replace monotonous jobs
For starters, automation still provides jobs to install, fix and maintain software and robotic systems, it’s not like they’re completely removing available jobs.

It’s pretty basic cyclical economics, having a combination of a greater supply of products from enhanced robotics and having higher income workers will increase economic consumption, raising the demand for more products and in turn increasing the availability of potential jobs.

It’s also much less unethical.  Manual labor can be both physically and mentally damaging.  Suicide rates are consistently higher in low skilled industrial production, construction, agriculture and mining jobs. They also have the most, sometimes lethal, injuries and in some extreme cases lead to child labor and borderline slavery.

And from a less relevant and important, far future sci-fi point of view (I’m looking at you stellaris players), if we really do get to the point where technology is so advanced that we can automate every job there is wouldn’t it make earth a global resource free utopia? (Assuming everything isn’t owned by a handful of quadrillionaires)

Let me know if I’m missing something here.  I’m open to the possibility that I’m wrong (which of course is what this subreddit is for)",0.4,Logical,0.2,0.5,0.8,1.8125,13.671618122977346,37.811515641855465,3
"CMV: There needs to be 8 ""Chuggas"" before a ""Choo Choo""
I got into a friendship-ruining debate the other day with my ex-best-friend.

I was hanging out in his house while he was babysitting his little brother, who was playing with one of those toy train sets. The little kid audibly mutters:

Kid: ""Chugga Chugga Chugga Chugga Choo Choo""

Me: ""You should add four more 'Chuggas"" before the ""Choo Choo""

Friend: ""No he doesn't four sounds good enough""

*And that was the story of how me and my best friend parted ways to live our own lives.*

No I'm not really sweating about the whole ordeal, not everyone can be right like me, but it's been bugging me ever since 5 years ago, and I was just reminded about it when I saw this [Xkcd comic](https://xkcd.com/851/) (by the way it's fucking 16 ""na's"" before ""Batman"" and not 8 Jesus christ I might have to argue about this next now).

I feel like maybe I've been brought up wrong and I'm conditioned to think differently to others. But what do you guys think?

&#x200B;

EDIT: This debate blew up far more than I thought it would (thanks for the golds) and now an argument that originally divided a friendship has now increasingly divided our already-divided country (what will we do?!)

That being said, I want to address some of the conclusions I've had for those of you who are interested.

Those who use:

**•** **1 or 3 'chuggas' before a 'choo-choo'** are clearly psychopaths that should have the privilege of counting taken away from them.

• **2 'chuggas'** This is also way too short and belongs to the first category but it sounds good to utter the phrase when you're doing your ultimate train punch move in an anime

**•** **Any odd number of 'chuggas'** belong in a post of r/foundsatan

**• 4** **'chuggas'** I kind of understand the rhythmic quality of it but I find it way too short to be satisfying

**• 6 'chuggas'** was a surprisingly popular one, many incorporated music theory to justify putting the 'choo-choo' in the last two beats of the second bar. It sounds just about right and I'm willing to concede that 6 is also an appropriate amount.

**• 8 'chuggas'** while 6 chuggas do find appealing I fell like the two bars filled up by the 4 chuggas each makes the ""choo-choo"" more satisfying as a kind of a reverse-pickup note. It gives it a more jazzy texture and rewards the listener for sticking to the end. For reference, try 16 chuggas and put the 'choo-choo' at the end. The four bars of build-up leading up to the conclusion makes the conclusion all the more satisfying.

**• Any integer over 8** ^(read more in #3 category)",0.8,Humorous,0.1,0.5,0.7,1.2666666666666666,12.074539113785558,59.36703842997814,3
"CMV: Human beings crave ritual, purpose and sense of connectedness to a greater whole. Until non-religious paths recognise and deliberately address these needs they will always struggle to compete with religion.
Science and practical experience both show us that humans want ritual, purpose and a sense of greater connectedness.  Religions give human beings a framework that addresses these psychological and emotional desires. This is not to say that any given religion is correct or not, but it fulfils something that humans innately seek

Plenty of individual non-religious people can and do live meaningful fulfilling lives, and plenty of religious people live meaningless unfulfilling lives.  But for non-religious people that requires an individual journey of discovery that takes far more effort and time than the pre-established framework that religion offers.  (Although it presumably leads people to individual paths that are better tailored to them personally).

Similarly that sense of greater connectedness - of being part of something larger than yourself - is a task for the individual to try to find on their own.  Again I'd say that plenty of irreligious people find this while plenty of religious people don't.  **But...**

For as long as religion takes people by the hand and guides them to **an** answer, correct or not, while irreligion doesn't even point people in a general **direction**, religion is going to have a massive advantage winning hearts en masse.  And where hearts go, minds follow.

At the moment about the only thing irreligion has in terms of helping people find ritual, meaning and connectedness is therapy.  Which is expensive, wildly inconsistent and one-on-one.

This is not to say that the irreligious are under any **obligation** to come up with something better. Being an atheist means nothing more or less than non-belief in gods, and irreligion means nothing more or less than not having a religion.

But I feel like, as human beings who care about both ourselves and about other human beings, it benefits us to have **some** sort of structure in place to help us all meet these inherent emotional and psychological desires without either:

* having to go with with a package deal of the best answers to these questions that a much earlier, less informed time could supply, or
* a long and arduous unsupported personal search for answers.

EDIT: As page0rz rightly points out in the comments, lots of individual organisations or specific philosophies do deliberately have goals and try to foster a communal culture in service of those goals.  I really was thinking in terms of something broader and more generally applicable.

EDIT2: Political philosophy does fulfil a similar role to religion in terms of making one feel purposeful and connected to a larger community.  It's also similar in that it tends to allow little flexibility around questioning its core ideology.

I should have said up front that I'd really like to see an alternative to religion that doesn't fall into the same traps of narrowness, inflexibility and us-vs-them-ism.  To my mind political ideologies fall into those traps.

EDIT3: A lot of people seem to have objected to my use of the word ""struggle"". Irreligion is definitely on the rise and doing well.  My point was that considerably more people would be irreligious if irreligion had a widely-available, well-established way to meet these inherent human drives like religion does.  I wasn't trying to indicate that irreligion was in trouble or anything.

&#x200B;

EDIT4: I've taken a partial step sideways on this. This thread has made it clear that there are a wide variety of irreligious ways to meet the human need for ritual, purpose and sense of connectedness to a greater whole.  But it's also strengthened my opinion that those options aren't mapped out anywhere near as well as religious ones.  I think that's an area where we can improve.",0.4,Logical,0.4,0.5,0.8,2.3333333333333335,12.287025276461296,44.55214928909953,7
"CMV: Fans changing the last word (brave) of the National Anthem to the name of your sports team should be just as big of a deal as players kneeling during the anthem.
There are a handful of professional sports teams that, during the National Anthem, their fans shout the name of the team over the word ""brave."" The Kansas City Chiefs is the first team that comes to mind for me. 

My point is: if you think it's okay to change a word in the anthem you should also think it's okay for players to kneel during the anthem. The first amendment could be cited as a reason to support both situations. 

Subsequently, if it infuriates you that players kneel during the anthem, it should also infuriate you that fans alter the words of the anthem. Respect for the country and respect for the people who have fought to defend the country could be cited as reasons to disagree with both situations.

Also, patriotically agreeing with kneeling but not agreeing with changing words of the anthem is another logical possibility. Your constitutional right to peaceful protest could be cited in this situation.",0.0,Logical,0.1,0.5,0.9,1.5714285714285714,10.245625,59.603541666666686,0
"CMV: Sarcasm doesn't make you intelligent or cool. Using it too often makes you seem like an asshole.
Sarcasm is a really cool thing we have in language but I've met people that base their whole personality around it.
I've read somewhere that sarcasm is a sign of intelligence. I don't know if I can agree with that. The ability to assess a situation and use sarcasm correctly may be an indicator of intelligence, but being sarcastic doesn't automatically make you smart. 
People who base their character around being sarcastic are, in my experience, often miserable and post things like ""Sarcasm forever!!!"" on the internet which is quite annoying.

Also why choose being sarcastic all the time instead of being earnest and understanding towards people? Sarcasm sets you up for being annoyed at others. People like that make their own lives harder.

While everything from the show Daria is funny to some extent, it's also draining watching that girl choose to be an asshole.",-0.2,Logical,0.2,0.6,0.5,1.0,8.879024390243902,55.74626016260163,0
"CMV: We are entering an unhealthy culture of needing to identify with a 'label' to be justified in our actions
I was recently reading a BBC opinion article that identified a list of new terms for various descriptors on the spectrum of asexuality. These included: asexual, ace, demisexual, aromantic, gray-sexual, heteroromantic, homoromantic and allosexual. This brought some deeper thoughts to the surface, which I'd like to externalise and clarify.

I've never been a fan of assigning labels to people. Although two people are homosexual, it doesn't mean they have identical preferences. So why would we label them as the primary action, and look at their individual preferences as the secondary action?

I've always aimed to be competent in dealing with grey areas, making case-specific judgements and finding out information relevant to the current situation. In my view, we shouldn't be over-simplifying reality by assigning labels, which infers a broad stereotype onto an individual who may only meet a few of the stereotypical behaviours. 

I understand the need for labels to exist - to make our complex world accessible and understandable. However, I believe this should be an external projection to observe how others around us function. It's useful to manage risks (e.g. judge the risk of being mugged by an old lady versus young man) and useful for statistical analysis where detailed sub-questioning isn't practical.

I've more and more often seen variants of the phrase *'I discovered that I identified as XXX and felt so much better'* in social media and publications (such as this BBC article). The article is highlighting this in a positive, heart-warming/bravery frame. 

This phrase makes me uneasy, as it feels like an extremely unhealthy way of perceiving the self. As if they weren't real people until they felt they could be simplified because they're not introspective enough to understand their own preferences. As if engaging with reality is less justified than engaging with stereotypical behaviour. As if the preferences weren't obvious until it had an arbitrary label assigned - and they then became suddenly clear. And they are relatively arbitrary - with no clear threshold between the categories we've used to sub-divide what is actually a spectrum. To me, life-changing relief after identifying with a label demonstrates an unhealthy coping mechanism for not dealing with deeper problems, not developing self-esteem, inability to navigate grey areas and not having insight into your own thoughts. Ultimately, inability to face reality.

As you can see, I haven't concisely pinned down exactly *why* I have a problem with this new culture of 'proclaiming your label with pride'. In some sense, I feel people are projecting their own inability to cope with reality onto others, and I dislike the trend towards participating in this pseudo-reality. Regardless, I would like to hear your arguments against this perspective.

---


**EDIT: Thanks to those who have 'auto-replied' on my behalf when someone hasn't seen the purpose of my argument. I won't edit the original post because it will take comments below out of context, but I will clarify...**

**My actual argument was that people shouldn't be encouraged to seek life-changing significance, pride or self-confidence from 'identifying' themselves. The *internal* labelling is my concern, as it encourages people to detach from their individual grey-areas within the spectrum of preferences to awkwardly fit themselves into the closest stereotype - rather than simply developing coping strategies for addressing reality directly, i.e. self-esteem, mental health, insight.**

**EDIT 2**: Sorry for being slow to catch up with comments. I'm working through 200+ direct replies, plus reading other comments. Please remember that my actual argument is *against the encouragement of people to find their superficial identity label as a method of coping with deeper, more complex feelings*",-0.3,Logical,0.3,0.5,0.7,2.4,13.19023603181077,34.61457101345843,1
"CMV: Philosophy education should be mandatory curriculum in high school.
Let's start by clarifying the minimum condition that I am arguing for. I believe there should be, *at the very least*, a one year class at the senior level (no less than junior level but senior would be ideal) that covers 101/intro-level text and ideas. 

**Why philosophy is important to everyone, not just philosophers**: virtually every aspect of our lives, no matter who or where you are, is intimately altered by the various structures of power and decision making surrounding us whether that be governments and laws, corporate policies, or the decisions ordinary individuals make on a daily basis. All of these decisions and behaviors are immediately underpinned by ethics or morality and the often intense disagreements in how we evaluate them. You can hardly name a political issue that doesn't invoke strong if not intense fundamental moral disagreements. The world has been in a state of strife regarding capitalist institutions for as long as they have existed. There remains a massive division in attitudes toward interpersonal relationships regarding things like sexuality and race which at their most extreme have led to regular acts of violence and terrorism. The connective tissue between all of this is that we have these wildly inconsistent and disoriented world-views that constantly clash because of their incompatibility but philosophy promises us the possibility of a solution. Philosophy suggests that there is an identifiable truth that could correct and align these entanglements, that we could work through a system of logical and critical thinking to find resolution and peace through a coherent and discoverable truth to these polarizing questions. In short, I argue that every one of us basically understands that ethics and morality are indispensable foundations to human living and that the skill set of being able to critically evaluate these things is likewise important. It follows then that we should be extremely interested in making sure all citizens have a basic, working understanding of philosophy so that they have the tools to navigate the moral decisions they make throughout their lives at the individual level, the international and political level, and everywhere between.

Finally, I want to briefly summarize the structure of philosophy and make it clear why it is needed in its entirety and not *just* the ethics component. If we start by defining philosophy as the discipline of trying to identify and make coherent the most fundamental truths of life and the universe, what should become evident is a certain structure or flow of logic from the starting point to the finish. The most fundamental set of questions that must be answered are those of ""what makes things true?"" and ""what is knowledge? how do we come to know something rather than merely believe it?"". This is the branch of *epistemology*. It follows that we cannot exactly determine ethical truths if we haven' t even defined what truth is in the first place. Next we deal with questions of *metaphysics* that all stem from the question ""what is real?"". It does us little good to attempt to reconcile moral disagreements if we don't agree about the nature of reality. Do we have free will? Does a god exist who makes demands of us? Do ""rights"" actually exist in some sense or did we just make them up? All of these are metaphysical questions that need to be answered before we can find answers about morality. After our predicates of knowledge and reality are established we can start asking questions of ""what is right and wrong?"", or *ethics*, and using this come to agreements over how to approach government, laws, and international relations. This is philosophy in a nutshell and we need all of it, not just ethics, to make coherent and consistent decisions.

To conclude, I believe fully that highschool juniors or seniors would be fully capable of and immeasurably benefited by philosophical education. It would create the conditions we need for our society to escape this environment of perpetual strife, confusion, polarization, and manipulation that is the beating heart of most or even all of our current problems as a species.

Edit: Just want to say before I forget: thanks to everyone for the engagement. I'm very pleasantly surprised by how much feedback and respectful debate I've seen. I'm pretty new to Reddit (my account is a year old but I've only actually been active for the last month or two) so I don't quite understand the awards or what they do or signify, but I always see people thanking others for them so they must be at least somewhat meaningful, so thank you for those too!",0.7,Logical,0.3,0.5,0.9,1.5918367346938775,13.318537956888473,41.45835832552328,2
"CMV: The USA is a dystopia
US citizens are indoctrinated from birth that the US is the best country in the world, the leader of the free world, the land of opportunity, the freest nation on earth, a place where anyone can achieve anything with hardwork, a morally righteous christian nation, an ideal democracy, etc. 


All of those are empirically lies. 


Dystopia - bad uptopia  or the opposite of a perfect society. 

This is the US.  We are indoctrinated to believe the US is a utopia, yet there is ample evidence we aren’t.  That seems to fit a bad or evil utopia. 


I don’t really want to discuss how we got here or if it was on purpose. I don’t want to entertain illuminati conspiracy bullshit. I honestly want someone to help me change my view. I’d love to discover this isn’t true, but atm I believe it is.


Edit: There is more than one type and definition of dystopia. Here is a good primer: 


https://expressiveegg.org/2017/01/03/four-kinds-dystopia/


semantic arguments are tedious and completely miss the larger point. 


I don’t personally believe the US is a utopia, only that we are taught that it is. 


Immigration is an extremely poor argument and I have addressed it already.",-0.4,Passionate,0.3,0.7,0.4,1.6363636363636365,8.375344827586208,60.84163793103451,1
"CMV: there should be real-time, third-party fact-checking broadcast on-screen for major statements made during nationally broadcast debates.
I'm using the US elections as my context but this doesn't just have to apply in the US. In the 2016 election cycle and again now in the 2020 debates, a lot of debate time is spent disagreeing over objective statements of fact. For example, in the October 7 VP debate, there were several times where VP Pence stated that VP Biden plans to raise taxes on all Americans and Sen. Harris stated that this is not true.

Change my view that the debates will better serve their purpose if the precious time that the candidates have does not have to devolve into ""that's not true""s and ""no they don't""s.

I understand that the debates will likely move on before fact checkers can assess individual statements, so here is my idea for one possible implementation: a quote held on-screen for no more than 30 seconds, verified as true, false, or inconclusive. There would also be a tracker by each candidate showing how many claims have been tested and how many have been factual. 

I understand that a lot of debate comes in the interpretations of fact; that is not what I mean by fact-checking. My focus is on binary statements like ""climate change is influenced by humans"" and ""President Trump pays millions of dollars in taxes.""",0.0,Logical,0.2,0.3,0.8,2.25,11.070390557939913,57.19322532188845,0
"CMV: there’s no such thing as a “religious exemption” from vaccines
There’s no such thing as a “religious exemption” from vaccines. 

Let me qualify: Idon’t have any intimate knowledge of other faiths, but I do know the Bible and Christian doctrine well, and the Bible doesn’t say shit about vaccinations.

The Bible does say plenty about loving your neighbor, and it says pretty explicitly that if you don’t make the sacrifices necessary to take care of your neighbor then your religion is vain and worthless. 

I’m not saying that Christians are *required* by their own faith to get vaccinated, but I am saying that there is absolutely no basis whatsoever for using faith as a pretext to be anti-vax.

**[EDIT: I’m speaking specifically about Christianity, since that’s the only religion I know well and the only one with any serious political clout in my country]**

**[EDIT 2: I worded my argument poorly. I’m not debating the legality of religious exemptions. I’m questioning the sincerity of those who use the Bible as grounds for opposing vaccines]**",-0.2,Passionate,0.7,0.5,0.7,2.375,13.242285714285718,44.64971428571431,0
"CMV: The LGBT+ community is managing to harm themselves greatly by using seemingly endless labels, creating a separate community, and being (often but not always) unforgiving in demanding representation
(View now changed to an extent - see edit)

Tl:dr - putting yourself in a separate bubble only results in others not liking you. If conservative views are now the minority can we please just merge with general society where no one needs to give a fuck who you’re with, as there is legal representation, and far more accepting views, and we can still carry on pushing for rights, just not from a far away place, but with the support of the general public too. 

Please note: Gay guy here before I’m called a homophobe or not understanding of many of the issues (though I will say this isn’t a request for absolution in my argument, just something to note). Also, on mobile so please forgive formatting 

I will first say this:
1. I am in complete support of the full and legally recognised equality of all minorities in this area, and I see that there is still a significant way to go to get to this point, especially on some trans issues.
2. I believe I understand the extent to which society has rallied against the community in the past and understand the need for a bubble of safety and support then. 
3. I in no way attempt to devalue or disrespect anyone who chooses a particular label. My attitude is that I don’t give a fuck (in the sense that I couldn’t give less of a fuck how you define yourself so long as you are happy doing so, and if you want me to call you x I’ll call you x. If you want me to give a fuck I can, but I can’t see it as necessary in general society and interaction). I give a fuck about the person because it’s the person that matters, not who they want to be with, or whether they feel like Piers Morgan’s ‘two spirited penguin’. 
4. In this, I am referring more to the west, where pride is so much more prominent, and not to countries where activism is undeniably necessary, and where I can feel nothing but compassion and great admiration for those standing up for a right to exist for themselves and those alike to them. I feel it’s probably easier to assume that I am talking about countries and societies that have many companies that dump the rainbow as soon as pride is over, as that seems quite a good benchmark to me. 

I simply feel that it’s getting to a point where the community risks turning people against them who wouldn’t have been against them before. In almost any situation, if you take a minority, put them in a bubble, and move them away from what the normal is, it’s likely that they’re going to have stones thrown at them. It’s human nature that means that if something new and foreign turns up, we are going to be unsure and scrutinising of what it is and what it’s implications are upon society. This is necessary for most change, and is an often uncomfortable (probably an understatement) but unavoidable part of new concepts or groups joining or being recognised by society. 

This is how the LGBT community seems to have formed. They needed to step back and be seen, so that society could see they existed in public and not in myth (or prison). As a result, we see the legalisation of homosexuality begin to occur in different countries and states, and the inevitable, if slow, progression of society. As a result of their heroics, they got very little else than hate and confusion. Whilst some accepted them the loudest voices were against them. It’s fair enough to go and find others facing the same issues. 

Now, it seems like in the US and the UK, and probably lots elsewhere but I don’t know enough of there to speak about it, that legal protection has come such a long way, that it might be time to contemplate whether the new minority is those who are against the community and whether as a result it can now merge with general society. The rule stands strong that intertwining different characteristics creates a far stronger bond between each other, and if we could come to society asking that whilst we might be x, y, or somewhere in between, that they just don’t care about it and love us for who we are as people, not for who we are described as. 

Labels seem to do nothing else but create early and often unhelpful prejudices. In the situation where someone is describing to their friend someone else at their work perhaps, if he says ‘oh he’s gay’, the general concept is going to be overly camp, talking a certain way etc, which is going to be deeply unhelpful. Need I not mention the gay best friend thing. I give the gay example as it’s the one I know most of, but I’d expect the same for many in the community. So can we please not use these labels. 

A few years ago, when at school, a non binary speaker came and outlined around 75 different genders. This was unfortunately had a comical effect on nearly all of the students, admittedly myself included, and many spent the rest of the day asking others to call themselves what they thought the most ridiculous genders were. It shouldn’t be so complicated, or so seemingly much to adjust to that teenagers find it funny or ridiculous, because whilst they may be tenuous, they can often be expressive of a general gut reaction of society, without a hidden veil. Whilst this was admittedly a more conservative leaning demographic, when I came out a few years later I felt nothing but support, had no issues at all, and I felt like no one saw the need to give a fuck. Pretty perfect realistically.

Finally, in terms of those who demand for representation in the media and entertainment, this just seems so exasperating. It’s a fairly obvious catch 22. Shows like Love Victor and love Simon have faced strong criticism saying they haven’t shown enough lgbt characters. This is so deeply annoying as the obvious goal is to have the sexuality hopefully insignificant, and for it to be a romcom, or coming of age etc. If lgbt characters are followed up with criticism asking for more of them, it’s a losing situation. It then dissuades any writers from using characters. And everyone loses. Which is just great. 

So I think that’s it. Please change my view.


Edit: This is a lot bigger than I thought it would be. I was lying in bed when I wrote this hence the lack of articulation in some areas. This has given me quite a bit to think about. I thank everyone for giving some time to change my view and it’s definitely offered up a reasonable and clear viewpoint that I’ve got to say is changing my view. Also I’ve just figured out how to give deltas so don’t feel I didn’t see them as I’ve read through as many as I can right now. 

I guess my overarching feeling was that it was a bit difficult and irritating to be pinned as the gay one in some situations, and whilst I still stand by major elements of my argument (a strong belief that labels are unnecessary and potentially harmful), I do concede that a united front is still necessary to aid the progression of all minorities in this area. 

I also apologise as i now realise I slightly disregarded the very real and extreme dangers that some face within the lgbt community.

However, as said before I stand by what I said about labels both in the post and comments that labels are ideally unnecessary and that if someone wants to be someone then they shouldn’t be pinned. Having said that, I now am beginning to see greater benefit in individuals choosing how they want to define themselves. However I do just ask they be kind and not expect us to know all of this, and that if others slip up they are forgiving (to an extent of course).

Anyway, I’ll give out a few more deltas, and thank you all for your engagement. 

Thanks. (View changed a bit and I’m all the better for it)

Edit 2: I realise I said normal - wrong word - general or average I mean

Also, I didn't say before but thanks for all the awards! Whatever your viewpoint thanks for engaging.",0.5,Logical,0.8,0.4,0.6,1.045045045045045,11.829437260972501,55.404067261579584,5
"CMV: Political Debate has been destroyed by Strawmanning and Echo Chambers
I am incredibly disillusioned with the state of political discourse online and irl. It seems to me there is very little space for meaningful debate across the left/right divide and it has only gotten worse. 

Problem 1: Straw-manning 

Two people cannot have a meaningful debate when they do not understand the other person's position. I'll choose a nice, non-controversial topic to demonstrate this: abortion. 

The pro-life opposes abortion because they think it is morally wrong to end a life and that fetuses constitute a life. They don't all agree about all the circumstances and they have a variety of arguments for this, but at the core that is their position. 

The pro-choice side has two distinct stances: 1. abortion is not wrong because a fetus is not a life/does not trump a woman's bodily autonomy or 2. Legalized abortion is a lesser evil when compared to the ramifications of making it illegal. 

Of course people don't actually argue about these positions. 

The pro-life side calls pro-choice ""baby killers"" accuse them of genocide and eugenics and become susceptible to outrageous claims like abortion being a for-profit industry and fetal tissue ending up in Pepsi cola. 

The pro-choice side claims that pro-lifers want to control women, want them never to have sex and prefer them dying from back alley abortions to having a safe and legal one. 

Both are strawmen, which are much easier to argue against than the actual positions. 

Problem 2: Social media amplifies extreme views

Nobody generated enormous traffic for measured and nuances views. These views are then found by the other side and used to paint the entire opposition with. This seems self explanatory

Problem 3: Echo chambers

Conservative and liberal/left thinkers barely interact except to fling insults, slogans and misinformation with each other. The only places for real discussion are ""safe spaces"" typified by subreddits. R/politics for liberals, r/conservative for cons. This is a great way for people to share content and views that confirm their own biases without challenge. People on these subs don't see their opponents explain their positions, they see them misrepresented by people they already agree with. So on the occasions they do interact with people outside the echo chambers, they are primed not to listen to a word they say. When you bring in discussions of biased media and fake news, it gets even worse. 

""You're a looney leftist who hates cops, I don't have to listen to you""

""You're a racist homophobe, I don't have to listen to you""

Conclusion:

I don't make this post because I'm a moderate or centrist or because both sides are equally bad. If I did think that, it'd be a lot easier not to care about this. But I'm concerned if we lose the ability to debate we lose the ability to progress as a society. I hope it's not too late but I increasingly feel that it is.",0.1,Logical,0.5,0.5,0.9,3.526315789473684,10.715000000000003,52.15096153846156,2
"CMV: Removing or changing Apu in The Simpsons isn't constructive to South Asian stereotypes
This post stems mainly from the developments around Hari Kondabolu and his view of Apu (in essence, for those unaware, he made a documentary called ""The Problem With Apu"", where he and a bunch of guests talk about their experiences of Apu and how it affected them). He talks about the fact that Apu should be made less of a stereotype and given more character development e.g. via getting ownership of the Kwik-E-Mart, as well as not having racist undertones e.g. Hank Azaria voicing him, being replaced by a South Asian actor instead. Also worth pointing out here and now (not that it should change anything) that I'm also of South Asian ethnicity, living in the UK.

&#x200B;

So my view is this: focusing on the ""Apu problem"" entirely misses the wider point on racism and stereotypes. Almost every character on The Simpsons is satirical, being an exaggerated version of a real-life archetype. But we aren't having the discussion about the ""Fat Tony/Luigi problem"" or the ""Groundskeeper Willie problem"", or the ""Bumblebee man problem"". The list goes on basically forever. So why is that? Maybe it's because those are coming next. But I'm thinking it's because (to use the Fat Tony/Luigi example) other archetypes have representation in a non-caricatured way in popular media (or at the least, in a more varied way - think ""The Sopranos""/""The Godfather"" for more gritty representations, through to ""Happy Days"" for benign comedy). South Asians, on the other hand, have very few. When Apu first appeared on screens, there was virtually no other representation; nowadays, there are more actors representing (e.g. Kal Penn/Aziz Ansari/Mindy Kaling). Even so, the characters tend to be either outright plays to the established tropes, or in comedy roles. It's also relatively unusual to see South Asian actors/actresses on screen in roles that don't showcase their ethnicity.

&#x200B;

So, in essence, my view is this: Apu is a caricature on a show full of caricatures. The reason we get racist slurs as a minority (the standard ""thank you, come again"" etc.) is because there is little to no representation outside of comedy, as with other ethnicities/populations. Removing Apu/editing him serves no purpose here, and misses the point of The Simpsons; the way to improve things is to make characters that aren't just ethnic props. CMV.

&#x200B;

Edit: Woah this got a lot more attention than I expected! Thanks so much to everyone for keeping it civil. I'm falling behind on replies, but will try and get to you all eventually.",0.3,Logical,0.8,0.3,0.8,1.1081081081081081,10.49574074074074,51.873333333333335,1
"CMV: The methods with which we educate students seriously need to change.
I'm not talking about relatively minor changes like classroom sizes or homework, but rather the entire fundamental system of education that is near universal in our modern day world.

I'm also not talking about changing what we teach. Many people will complain about the uselessness of knowledge you learn in school, but I think general use information (such as historical and scientific literacy) are important enough to a person's perspective of the world for it to be warranted to be taught.

What I'm talking about is the very basic way of teaching which essentially follows this base format:

1. Teacher explains to a class of children the material

2. Children are tested on their knowledge of this material in  a test, where they are graded based on how much they know (not necessarily understand),

3. Grades can then determine a child's possibilities in life (whether they pass, whether they qualify for further education, competitions, etc.)

I think there's major flaws in this system:

1. Every child is forced to go at the same pace. This can either slow down fast students or risk leaving slower students behind. Not everybody learns at the same pace, and a teacher's explanations will certainly not be fit for every student.

2. Tests prioritize memorising raw information over true understanding of the subject (which is presumably the goal of education on the first place)

3. Because tests are set at a specific time (rather than when a student is truly ready to take the exam), students which otherwise might've grasped the subject perfectly well, but would've just taken longer, would get a bad grade if they didn't study. 

There's plenty of other problems I have with how we educate children now (including a lack of parental involvement and not teaching children crucial skills like critical thinking, compromise, time-managment, money-managment)

But my main problem is with the core of the education system - so try to convince me it doesn't need to change!",0.2,Logical,0.2,0.2,0.9,1.4761904761904763,12.294449704142014,47.05183234714008,0
"CMV: Will Smith should have been ejected from the Oscars immediately and it’s disgraceful that he allowed to go up on stage to accept his Oscar and give a speech.
Will Smith should have been ejected from the Oscars immediately and it’s disgraceful that he allowed to go up on stage to accept his Oscar and give a speech.

He literally assaulted Chris Rock, in front of the world and nothing happened. I don’t think he should be charged or anything like that unless of course Chris Rock wanted to do so. 

I get why he was offended and think it was a knee jerk reaction- a weird one, given he was laughing until he saw his wife’s face - but how was he able to go up, accept an Oscar and give a speech after literally running onstage in front of the world and assaulting the shows host. It’s bizzare.",0.0,Passionate,0.1,0.6,0.5,0.8333333333333334,12.158000000000005,61.32900000000002,0
"CMV: The fact that minors pay taxes on earned wages and yet cannot vote is unjust and does not follow the spirit of America’s founding.
My view is that minors being taxed on earned wages and not given a vote at any level of government is inherently unjust, and does not follow the spirit of America’s founding, of which “no taxation without representation” was a major factor. 

I do not wish for my view to be misunderstood as that I support minors voting, of any age really. As a general rule I do not support minors having a vote of any age. However, I do not believe that you can tax a class of people that have not committed a felony at the same rates as any legal adult and not afford the right of voting to them.

While the post is not about a solution to this, it is for my mind to be changed about why the current dynamic is not inherently unjust, I would like to clarify what options I believe would be available, as it gives a better understanding of my mindset. 

I believe you could afford minors that pay taxes on earned wages or other income types the right to vote. I would not be overly enthusiastic about this option but I would suspect the judgement of working teens will on average be at least a bit better. 

I believe you could lower the tax rate for minors or abolish it completely. Personally I would advocate for the abolishment of taxing working teenagers if they will not be able to vote, but I don’t believe there’d ever be an untaxed group of working Americans ever. So a reduced tax rate for minors seems like a good middle ground. 

I am open and ready to have my mind changed, I look forward to the replies!",0.4,Logical,0.3,0.4,0.8,1.5384615384615385,11.713341423948222,56.94729368932042,1
"CMV: Humans are wholly unprepared for an actual first contact with an extraterrestrial species.
I am of the opinion that pop culture, media, and anthropomorphization has influenced humanity into thinking that aliens will be or have;

* Structurally similar, such as having limbs, a face, or even a brain. 

* Able to be communicated with, assuming they have a language or even communicate with sound at all. 

* Assumed to be either good or evil; they may not have a moral bearing or even understanding of ethics. 

* Technologically advanced, assuming that they reached space travel via the same path we followed. 

I feel that looking at aliens through this lens will potentially damage or shock us if or when we encounter actual extraterrestrial beings. 

Prescribing to my view also means that although I believe in the potential of extraterrestrial existence, any ""evidence"" presented so far is not true or rings hollow in the face of the universe. 

* UFO's assume that extraterrestrials need vehicles to travel through space. 

* ""Little green men"" and other stories such as abductions imply aliens with similar body setups, such as two eyes, a mouth, two arms, two legs. The chances of life elsewhere is slim; now they even look like us too? 

* Urban legends like Area 51 imply that we have taken completely alien technology and somehow incorporated into a human design. 

Overall I just think that should we ever face this event, it will be something that will be filled with shock, horror, and a failure to understand. To assume we could communicate is built on so many other assumptions that it feels like misguided optimism. 

I'm sure one might allude to cosmic horrors, etc. Things that are so incomprehensible that it destroys a humans' mind. I'd say the most likely thing is a mix of the aliens from ""Arrival"" and cosmic horrors, but even then we are still putting human connotations all over it. 

Of course, this is not humanity's fault. All we have to reference is our own world, which we evolved on and for. To assume a seperate ""thing"" followed the same evolutionary path or even to assume evolution is a universally shared phenomenon puts us in a scenario where one day, if we meet actual aliens, we won't understand it all.",0.1,Logical,0.1,0.4,0.7,1.2424242424242424,11.491657126902137,48.01409604914144,1
"CMV: Policemen need to be punishment more if they break the law.
~~I very bad at this  there will be flaws in my view. I want to know if this is a valid view and not just some crazy thought. If a mod is reading this. I think its to short but i dont know how to explain it better. And i want feedback on it.

So a Policemen is there to protect us and make sure the people follow the law. So for me i think it is much worse is a Policemen breaks the law than a normal citizen. When I see a post on the Internet of a Policemen breaking the law im dumbfounded. Even if it a mistake. That no excuse. But stil u see them speeding, on there phone when driving, tailgating, make bad traffic violations and many more thing. On or of duty. They should know better.

My thing is if the people who are there to make sure everybody follows it law doesn't follow it himself. We can al just break them with no consequences. 



Its a dumb view to have but i dont know. Change my view.~~

EDIT: going to find so videos/post to show as examples of what i mean.

EDIT: my knowledge of reddit not so good. I would not know how to like a posts i could use as examples.



There 100 ways you could've done that better.

I have no good luck finding good videos. And I'm not really looking to browse subreddits like badccopnodonit which i know ill find something but i don't really thrust that sub.


EDIT: wel somebody pointed out a big flaw with my view *It violated 14th amendment where everyone is equal to the same protection doesn’t matter what relgion occupation and race are* im not American but in my country we have a similar rights. 

EDIT: took down my examples because I'm not happy with them.  I'm sadly no detective who can find post they so months ago.-



__ Importand Edit: this post is getting bigger than expected. So my view was flawed from the start. Om not American but i knew that was gonna be a big part of it because of there problems around the Police. My post was not about that. I don't have a place to discuss thing so my views are generally out of touch with reality. My ADHD doesn't help with that. I posted my view here to see if it was in touch with reality and not the thought of a crazy person. It didn't help that i wrote it in 10 min. 

The problem with the view was mad clear when someone pointed out it violated the 14th amendment right. So please if u agree with it think about that for a second. 

Im trying to respond to al comments and discuss so thoughts further.

There is one thing left about my view with I'll try to explain. 

The core of this al was about the wait a thing has. Ill use a example i want your opinion guys opinion.

Your driving on the highway and you see somebody on the phone while driving. Would you find it worse if it was a normal person or a cop.* (apparently it legal to be on your phone and drive in some place's i though it was illegal in all moderne countries)
A. There bolt equal.
B. Normal person is worse
C. Cope is worse

For me it C. because he should know beter. And who is going to tell him he is wrong. It als gives a bad image to people that they kan do it. If he does it i also can do it. I would like to hear your opinions on this. 



1000 upvotes. This should not have reached that. Al i wanted was some opinions on my view. WTF did i do. Wel Good luck with reading. i will not be able to respond to everyone anymore. If i think u can give me a good insight on something i try to respond to u. 

2000 upvotes  I'm done for today. While my original view has been made worthless. it did caused some good discussions with so decent thought behind them. No magic solution has been found. I encourage u to see both side and see there strengths and weakness. A lot of great information has been shared. There is a chance I'll do a part 2 if possible.  With a similar but better view to start with.

Ben nice to each other.",0.5,Other,0.3,0.6,0.4,1.8709677419354838,4.252579284915765,84.8039211955989,6
"CMV: There is no way Legolas misses that orc with the torch at Helm's Deep
Throughout the entire series, we've seen Legolas having perfect precision with every single one of his shots.  Even in The Hobbit, Legolas is never anything but precision perfect.

At the battle of Helm's Deep, he's seen hitting orcs one after the other, even while sliding down a shield on the ramp!

Now it's time to take out the orc that is running through the mud, wide open, from an elevated position and Legolas actually having time to aim his shot more-so than the quick-fire shots he's made previously with pinpoint precision.

And he misses.

CMV that there is any good in-canon reason for Legolas to miss this shot.

Edit: Yes, I realize that Legolas didn't miss the orc. He missed the critical spot that would have dropped the orc. Hitting an orc in the shoulder isn't going to do jack shit.",0.1,Logical,0.3,0.2,0.7,1.1111111111111112,7.886666666666667,69.39166666666668,1
"CMV: The United States doesn't have a lobbying problem, it has a corrupt Congress problem
If congressmen/woman didn't take bribes and campaign donations, lobbying would do absolutely nothing. There seems to be a lot of dissonance around the idea. People always say ""we need to get lobbying out of the government, get big pharma out of the Capitol building"" when in reality it should be "" stop electing people who will sell their soul for a nickel. 

It's the same logic around foreign campaign influence, I don't care if every nation on earth tries to sway the USA presidential election. What matters is that we should be ABLE to stop any attempt from being effective.

EDIT: I apologise for not elaborating more, I wrote this on a whim and left things fairly vague. Thank you all for answering, I awarded a delta to an answer that simply met the wording of my post, rather than my full beliefs.

I agree with many of you, that the voter responsibility issue and the corrupt politician issues aren't mutually exclusive. The law needs to be amended, but the people capable of doing so will never do it",0.3,Logical,0.1,0.4,0.6,1.625,11.482141623488776,50.936246401842254,0
"CMV: The online left has failed young men
Before I say anything, I need to get one thing out of the way first. This is not me justifying incels, the redpill community, or anything like that. This is purely a critique based on my experience as someone who fell down the alt right pipeline as a teenager, and having shifted into leftist spaces over the last 5ish years. I’m also not saying it’s women’s responsibility to capitulate to men. This is targeting the online left as a community, not a specific demographic of individuals. 

I see a lot of talk about how concerning it is that so many young men fall into the communities of figures like Andrew Tate, Sneako, Adin Ross, Fresh and Fit, etc. While I agree that this is a major concern, my frustration over it is the fact that this EXACT SAME THING happened in 2016, when people were scratching their heads about why young men fall into the communities of Steven Crowder, Jordan Peterson, and Ben Shapiro.

The fact of the matter is that the broader online left does not make an effort to attract young men. They talk about things like deconstructing patriarchy and masculinity, misogyny, rape culture, etc, which are all important issues to talk about. The problem is that when someone highlights a negative behavior another person is engaging in/is part of, it makes the overwhelming majority of people uncomfortable. This is why it’s important to consider HOW you make these critiques.

What began pushing me down the alt right pipeline is when I was first exposed to these concepts, it was from a feminist high school teacher that made me feel like I was the problem as a 14 year old. I was told that I was inherently privileged compared to women because I was a man, yet I was a kid from a poor single parent household with a chronic illness/disability going to a school where people are generally very wealthy. I didn’t see how I was more privileged than the girl sitting next to me who had private tutors come to her parent’s giga mansion. 

Later that year I began finding communities of teenage boys like me who had similar feelings, and I was encouraged to watch right wing figures who acted welcoming and accepting of me. These same communities would signal boost deranged left wing individuals saying shit like “kill all men,” and make them out as if they are representative of the entire feminist movement. This is the crux of the issue. Right wing communities INTENTIONALLY reach out to young men and offer sympathy and affirmation to them. Is it for altruistic reasons? No, absolutely not, but they do it in the first place, so they inevitably capture a significant percentage of young men.

Going back to the left, their issue is there is virtually no soft landing for young men. There are very few communities that are broadly affirming of young men, but gently ease them to consider the societal issues involving men. There is no nuance included in discussions about topics like privilege. Extreme rhetoric is allowed to fester in smaller leftist communities, without any condemnation from larger, more moderate communities. Very rarely is it acknowledged in leftist communities that men see disproportionate rates court conviction, and more severe sentencing. Very rarely is it discussed that sexual, physical, and emotional abuse directed towards men are taken MUCH less seriously than it is against Women. 

Tldr to all of this, is while the online left is generally correct in its stance on social justice topics, it does not provide an environment that is conducive to attracting young men. The right does, and has done so for the last decade. To me, it is abundantly clear why young men flock to figures like Andrew Tate, and it’s mind boggling that people still don’t seem to understand why it’s happening. 

Edit: Jesus fuck I can’t reply to 800 comments, I’ll try to get through as many as I can 😭

Edit 2: I feel the need to address this. I have spent the last day fighting against character assassination, personal insults, malicious straw mans, etc etc. To everyone doing this, by all means, keep it up! You are proving my point than I could have ever hoped to lmao. 

Edit 3: Again I feel the need to highlight some of the replies I have gotten to this post. My experience with sexual assault has been dismissed. When I’ve highlighted issues men face with data to back what I’m saying, they have been handwaved away or outright rejected. Everything I’ve said has come with caveats that what I’m talking about is in no way trying to diminish or take priority over issues that marginalized communities face. We as leftists cannot honestly claim to care about intersectionality when we dismiss, handwave, or outright reject issues that 50% of people face. This is exactly why the Right is winning on men’s issues. They monopolize the discussion because the left doesn’t engage in it. We should be able to talk about these issues without such a large number of people immediately getting hostile when the topics are brought up. While the Right does often bring up these issues in a bad faith attempt to diminish the issues of marginalized communities, anyone who has read what I actually said should be able to recognize that is not what I’m doing. 

Edit 4: Shoutout to the 3 people who reported me to RedditCares",-0.3,Passionate,0.9,0.6,0.8,2.05,11.143018189187824,53.19730278157775,3
"CMV: Colleges shouldn't give ""disadvantaged"" races a bonus in admission.
Hello there! I'm an Asian who is currently in high school and working hard to get into college. However,  from what I've heard, given two identical applicants, the college would choose a black applicant over an Asian one. I have no prejudice against blacks, and I believe in racial equality, but I don't truly understand this decision. I personally think that to advocate for true equality, colleges should adjust their admissions \*SLIGHTLY\* by income and not by race. I don't want my hard work to be outweighed by someone's race. No offense if you're one of the races given a leg up, but I find that equality and fairness are better than trying to use racism to end racism.",0.3,Logical,0.6,0.4,0.5,1.5,10.074662236987816,55.65558139534886,0
"CMV: It's not worth the effort to argue with religious people about their beliefs
While I don't think it is logical to believe in a religion or a god, there are a lot of intelligent and interesting people who are religious. Arguing with them about their religion or trying to change their mind often leads to nowhere and the person just feels offended that you are critizing a main part of their identity. Those people are more likely to close up and then you don't get to talk about other important opinions or beliefs they have. Instead I find it best to just ignore it and assume most people's intentions are good. In almost all cases it doesn't hurt you if someone believes in something you don't. I don't really give a shit that people think the earth is flat, I might ask them about why they believe that but in the end their mind is set and it's just wasted energy trying to argue about it. At the end of the day they are still going to be religious and you risk losing an interesting friend.The only exception I can think of is when religion is used to trick or hurt other people, like those televangelists worth millions that leech off their followers. But that is pretty rare and most religious people are chill",0.3,Neutral,0.2,0.4,0.7,1.5,10.68,63.020000000000024,0
"CMV: Companies whose products are the sources of pollution should pay to clean it up
 This should go for plastics, toxic materials, or anything else that is a source of pollution. The cost of clean up should be covered by the people producing the products like plastic containers that go into the ocean. This would also increase the likelihood they will come up with packaging that is less harmful to the environment.  Recycling programs do help but they often are not profitable enough and in some cases contribute more to the problem than to help solve it. The levels of plastics in the oceans are ridiculous. It’s time for change. 

> For more than 50 years, global production and consumption of plastics have continued to rise. An estimated 299 million tons of plastics were produced in 2013, representing a 4 percent increase over 2012, and confirming and upward trend over the past years.*(See:*[ ***Worldwatch Institute – January 2015***](http://www.worldwatch.org/global-plastic-production-rises-recycling-lags-0)*)*. In 2008, our global plastic consumption worldwide has been estimated at 260 million tons, and, according to a 2012 report by Global Industry Analysts, plastic consumption is to reach 297.5 million tons by the end of 2015. 

 [https://plastic-pollution.org/](https://plastic-pollution.org/)",0.1,Logical,0.1,0.4,0.8,2.1666666666666665,10.217829015544044,56.181251295336835,6
"CMV: This current presidential debate has proved that Trump and Biden are both unfit to be president
This perspective is coming from someone who has voted for Trump before and has never voted for a Democratic presidential candidate.

This debate is even more painful to watch than the 2020 presidential debates, and that’s really saying something.

Trump may sound more coherent in a sense but he’s dodging questions left and right, which is a terrible look, and while Biden is giving more coherent answers to a degree, it sounds like he just woke up from a nap and can be hard to understand sometimes. 

So, it seems like our main choices for president are someone who belongs in a retirement home, not the White House (Biden), and a convicted felon (Trump). While the ideas of either person may be good or bad, they are easily some of the worst messengers for those ideas.

I can’t believe I’m saying this but I think RFK might actually have a shot at winning the presidency, although I wouldn’t bet my money on that outcome. I am pretty confident that he might get close to Ross Perot’s vote numbers when it comes to percentages. RFK may have issues with his voice, but even then, I think he has more mental acuity at this point than either Trump or Biden.

I’ll probably end up pulling the lever for the Libertarian candidate, Chase Oliver, even though I have some strong disagreements with his immigration and Social Security policy. I want to send a message to both the Republicans and the Democrats that they totally dropped the ball on their presidential picks, and because of that they both lost my vote.",0.0,Passionate,0.5,0.4,0.6,1.2777777777777777,13.061352112676058,52.00266197183102,1
"CMV: The pro and anti-pineapple pizza debate is meaningless so long as the real enemy of the people continues to exist: Big Anchovy
Back in the 80s and early 90s, if you wanted to gross someone out with pizza, you'd put anchovies on it. In theory, fish shouldn't be terrible on pizza. Maybe a nice salmon bake, maybe some crab. It could work.

But it didn't.

But did Big Anchovy remove the product from market? No. The contracts were already in place. Pizza suppliers already owned the fish so they did their best to use it.

Once the contracts ran out, though, Big Anchovy wasn't doing so well since pizza places weren't ordering any more. But what's worse, anchovy pizza's been totally demonized and no one... NO ONE is buying it anymore.

The last thing Big Anchovy needs is their respective brands being hated on. So they come up with an ingredient that could never work and start marketing it: pineapple.

The idea is, if Big Anchovy can get people to hate on pineapple pizza more than anchovy pizza, they can distract from all the hate they get and keep out of the negative attention and bide their time for when Big Anchovy can do a relaunch, maybe in a few years.

The problem is, for some reason, people ended up loving pineapple on pizza. Now, I'm not here to argue for or against pineapple on pizza. I get the idea behind the flavor combinations. I get why some may like it and others not and for the purposes of this post, I'm taking a completely neutral stance on it.

Big Anchovy, though, is still up to their old games. They constantly make posts and memes taking both sides of the argument in the pro/anti pineapple debate, increasing rhetoric and polarization simply for the purpose of misdirecting the hate of the people away from anchovy pizza.

And it's working. Friends have fallen out. Marriages ended. Families torn apart. And for what? So a Big Anchovy company's stock can increase by a quarter of a point.",0.4,Humorous,0.1,0.5,0.5,1.0,7.338086956521742,67.03147826086958,0
"CMV: People should be more ashamed/critical of their kinks and porn habits
A lot of sexual kinks and porn feature situations that are usually considered pretty morally abhorrent, including rape, incest, cheating, abuse of power, sexism, blackmail, and more. Lots of hugely popular porn involves these things; in fact it’s sometimes hard to find porn without these things unless you specifically look for it. Criticizing people’s sex and masturbation habits is often considered off limits, and people get defensive if you criticize the fact that people have kinks and enjoy porn with these things in them. But I think we should be more active in criticizing the presence of immoral things in sex and porn. If a mainstream movie was released that uncritically portrayed rape as hot, it would be rightfully torn to shreds for promoting dangerous and unethical ideas about sex and consent. So why is that sort of stuff par for the course when it comes to porn? 

I’m not saying rape porn necessarily causes real rape or anything like that, but if I watch, say, egregiously misogynistic porn every day, that’s almost certainly going to have some effect on how I view women, at least when it comes to sex.

People can have kinks. If someone’s into piss play, I might think that’s kinda gross, but it’s not really creating pleasure from something immoral. However, I think many popular kinks pretty obviously involve some horrible behavior, and I think that should be recognized and these behaviors discouraged.

I’m not anti-porn or sex negative, and I don’t think that anyone who enjoys sex or porn with morally dubious elements is a bad person - I know I’ve done it. But I think it’s important to recognize that some sexual desires are just not healthy, and we shouldn’t be uncritically catering to our worst urges.

Edit: Going to bed now, thanks everyone who responded, maybe I'll continue discussing in the morning. I think my post came across as a little more moralizing than intended so thanks for correcting me on that, and you've given me a lot to think about.

Edit 2: Thread's been locked, not quite sure why, maybe there's really nasty comments I haven't seen. Again thanks to everyone that responded (even the ones who just threw insults at me), this got way bigger than I expected. Did my best to respond to the main points of the thread. In short, what I changed my view on:
1. Shaming people is not a productive way to address this issue.
2. It's possible that these are just inherent violent urges that have to be expressed somehow, and in that case doing it as safely and consensually as possible is best.
3. The evidence that there are real world consequences to dangerous situations in porn and kinks is far from conclusive and in some cases suggests it might actually be helpful as a form of catharsis.

Things I wasn't convinced of:
1. Just because something is consensual and has no obvious or immediately harmful consequences does not means it's automatically safe and healthy, so I don't really buy that as a defense.
2. The messages in our media have an influence on our culture, and presenting awful things for our enjoyment with addressing the consequences, as porn often does, is wildly irresponsible and reinforces negative aspects of our culture.",0.5,Logical,0.6,0.5,0.8,1.1914893617021276,11.90090563506261,51.22401200059633,1
"CMV: AdBlock is not unethical, but it sucks to have to use (YouTube).
I want to support content creators. I do. But the system is stupid, and I'm not going to play along.

I'm ok with seeing ads. What I am NOT ok with is being shown misleading or dangerous advertisements that spread malware or misinformation. If YouTube wants me to watch their ads, they need to regulate them. My little brother was watching a video on his tablet today, and up popped an ad for... electromagnetically insulated beanies to protect one's head from the dangers of 5G. My brother is 8. 

These ads are dangerous and are spreading misinformation to the public, including impressionable kids. What's next, anti-vax ads? Jeez. I'm getting AdBlock for everyone in my house, no regrets.

Edit 1: The problem is bigger than youtube, it's just the example I am using here because of that little anecdote. Google doesn't regulate their ads much, and they serve ads with misinformation, scams, and malware. Other companies are even worse. I believe that using AdBlock is about more than convenience, it's an important part of internet safety! Change my view :)",0.4,Passionate,0.2,0.6,0.7,2.7142857142857144,7.006372549019613,64.94647058823529,0
"CMV: Western right wingers and islamists would get along great, if it wasn't for ethnic and religious hatred.
Edit: Far-Right instead of Right Wing

They both tend to believe, among other things:

* That women should be subservient to men and can't be left to their own devices
* In strict gender roles that everyone must adhere to, or else
* That queer people are the scum of the earth
* That children should have an authoritarian upbringing
* In corporal and capital punishment
* That jews are evil

Because of this, I think the pretty much only reason why we don't see large numbers of radicalized muslim immigrants at, for example, MAGA rallies in the US, or at AfD rallies in Germany, is that western right wingers tend to view everyone from the Middle East and Central Asia as a barabaric idiot with terroristic aspirations, and islamists tend to view everyone who isn't a Muslim as an untrustworthy, degenerate heathen.",0.0,Sarcastic,0.1,0.4,0.8,4.2,33.21048387096775,-5.004274193548355,0
"CMV: The anti-science that is rampant today is largely due to people using appeal to authority as an argument and not actually citing studies, data, and research.
In the early to mid 2000s I saw the early stages of the rampant anti-science movement we have today emerging from the likes of Alex Jones. 

One friend of mine had begun muttering some nonsense about global warming being a hoax and citing studies he took directly off one of Alex Jones' pages so I invited my meteorologist friend to his house for a discussion.  During the discussion the meteorologist went through all of the data cited and gave his counterpoints with data.  Surprisingly he didn't necessarily dismiss all of the ""denial"" data but gave his scientific perspective on it. At the end he managed to change the ""deniers"" perspective and they now not only act consciously in the world but also share the information at their disposal.

Fast forward to 2014 and my son was about to be born amidst all of the anti-vaxx hype.  My sister in law was very anti-vaxx and would give my wife and I countless studies to read.  I remembering spending many many hours trying to find just one good article actually debunking the anti-vaxx movement and have very little if any success. Again I called on a friend to supply data, this time my friends sister who is an OB-GYN. Again they took out charts and moved systematically through research both debunking and explaining some of the anti-vaxx points.  Needless to say my kids are vaccinated but unfortunately most people don't have close and personal access to people they trust that have information like this.

The significant problem is actually getting the real information.  Everywhere I looked whether it was reddit, or articles from the New York Times or any publication the argument always ended up at ""Trust science or you are both a moron and an asshole"".  This sentiment has actually caused my meteorologist friend to step out of his position in the academic world because he thinks people should be *encouraged to question everything* and then given the data in the best way possible in order to actually proliferate science.  His belief, and mine now too, is that if your argument ever comes down to ""Trust us(or 'them') we are experts"" than you are as anti science as an anti vaxxer.",0.2,Logical,0.5,0.4,0.8,1.4827586206896552,12.812315806045344,47.398423331234284,5
"CMV: The Fact That Innocent People Have Been Convicted in the US Proves Juries Need Better Instruction on What ""Beyond a Reasonable Doubt"" Means
[To date there have been at least 367 wrongfully convicted defendants exonerated as the result of DNA evidence](https://www.innocenceproject.org/dna-exonerations-in-the-united-states/). And though they spent an average of fifteen years behind bars, those are the lucky ones. We don't know how many more wrongfully convicted people sit in jail today because there is no funding to pursue their case or there simply is no DNA evidence available. The fact that ANY defendants are wrongfully convicted in a system that is supposed to presume innocence and where guilt must be proven beyond a reasonable doubt is my main concern here. I take the fact that so many are wrongfully convicted as evidence that juries just do not understand the basic underpinnings of our legal system and need better instructions.

First, it should literally be impossible to prove something happened beyond a reasonable doubt if it, in fact, did not happen. You might feel pretty sure that something that didn't happen happened, you might believe something that didn't happen probably happened, but you should never be in a situation where you believe ""beyond a reasonable doubt"" that something that didn't happen happened.

That hundreds of juries apparently came to these conclusions suggests that there are serious problems with how jurors are instructed. I think that there are two places where these poor instructions need to be addressed.

First, jurors and our legal system in general do not seem willing to take into account how unreliable eye witness accounts are. Nearly 70% of the wrongful convictions mentioned above involved misleading or misidentified eye witness testimony. [Psychologists have known for a long time that we have bad memories.](https://www.scientificamerican.com/article/do-the-eyes-have-it/) Even people who are CERTAIN they are telling the truth, and in fact ARE telling the truth as they remember it, are in fact incorrect. Juries need to be made aware of this when they evaluate testimony. You shouldn't need to call an expert psychologist in every case. This should just be standard jury instruction, maybe part of a juror introduction packet if you will. Also, the reliability or unreliability of other kinds of evidence (forensic tests, etc) should be included in instruction to the jury.

Second, it is insane that many states outright refuse to define what ""beyond a reasonable doubt means."" I argue that better instructions should be given to jurors about this phrase. In every case where someone is innocent, reasonable doubt should exist because the crime literally didn't happen. That means the prosecution is relying on circumstantial or eye witness testimony to make their case. In every one of these instances, it is reasonable to doubt that the person committed the crime.

Third, it may also be necessary to improve the representation of defendants. One could argue that reasonable doubt didn't exist based on the cases presented even with the best instructions. If that is the case we need to expand our public defender offices so every defendant gets the kind of defense that can explain just why the prosecution's evidence is doubtful.

I expect that some will come back with ""well if you took that definition seriously"" then we would let a lot of guilty people go free. I agree. I think it is a greater harm to imprison and potentially kill an innocent person than it is to let a guilty person go free. **Presumption of innocence and proof beyond a reasonable doubt is our standard. If we take this seriously, an innocent person should never, ever be convicted. The fact that innocent people HAVE been convicted means we need to make one or all of the changes above. Change my view.**

&#x200B;

Edit: Never expected so many responses!  A lot of them are really good but I want to respond to a few of the KINDS of responses all at once as I can't get to all of these.

1) ""If we actually adopt this standard we'll never convict anyone!""

The practical implications of juries really understanding when it is reasonable to doubt something are not what I'm arguing here. It may be that if juries really understood this we would never convict anyone. If that's the case you could argue we shouldn't use the ""innocent until proven guilty beyond a reasonable doubt"" standard, but it's not an argument against my original post which is IF juries got better instructions we would have no convictions of innocent people. Having no convictions of ANY people is actually consistent with this view even if you find such a world objectionable.

2) ""What would YOU consider beyond a reasonable doubt?""

The honest answer is I'm not sure. Given what I know about the fallibility of the human memory, the legal system and forensic evidence, it is actually hard to think of a scenario where there is NOT a reasonable doubt as to someone's guilt. That is why I conclude that juries either must not KNOW about these things or they just don't care. Or they know and care but care more about making sure bad guys go to jail. ",0.1,Logical,0.3,0.6,0.8,1.4259259259259258,11.191128871128871,51.21328671328675,3
"CMV: Transgender (specifically MtF) athletes have an unfair advantage in strength-based sports and should only be able to participate in their biological gender group.
This is in response to the post that hit the front page recently which can be seen here: http://www.outsports.com/2017/3/20/14983388/transgender-weightlifting-laurel-hubbard-wins

Biologically speaking, the male gender is already predisposed to stronger traits and as a response the Olympic Committee split competitions into two groups so that both genders have an ""equal playing field"". But with more acceptance and social tolerance, along with more transgender people coming out, problems have arose and will continue to rise until this gets dealt with and, to me, it's unfair and should be given strict guidelines and have no gender fluidity in the eyes of competitors.

Thanks guys, CMV! :)

Edit: Keep it civil guys! 
_____

> *This is a footnote from the CMV moderators. We'd like to remind you of a couple of things. Firstly, please* ***[read through our rules](http://www.reddit.com/r/changemyview/wiki/rules)***. *If you see a comment that has broken one, it is more effective to report it than downvote it. Speaking of which,* ***[downvotes don't change views](http://www.reddit.com/r/changemyview/wiki/guidelines#wiki_upvoting.2Fdownvoting)****! Any questions or concerns? Feel free to* ***[message us](http://www.reddit.com/message/compose?to=/r/changemyview)***. *Happy CMVing!*",0.4,Neutral,0.1,0.4,0.6,2.0,9.536541666666668,60.887625000000014,1
"CMV: A middle class person is better off living in a small EU country than in US
This is not really US bashing, it is actually related to a personal choice, and by explaining my thought process I think I am able to represent an average person here (don't get me wrong, my ego is big and I don't think of my self as average in most cases, but in terms of lifestyle and class I certainly think I am.) I also don't want to discuss Trump at all. I recently had a debate with someone who still thinks US provides the most to people who live in it, so I want to see what can US give me that would make me want to live there instead of my (very unimpressive) Country.

I am Croatian, our country had a war, is now in EU, our politicians are generally incompetent, we are no economic force, our salaries are not impressive. I find it beautiful, but I also find US beautiful and I won't be discussing emotional reasons to live in either place here. Just saying, I'm not from Scandinavia or Germany to rightfully brag about doing things ""better"" than the US, but most European countries (even those not in EU) share certain privileges. 

I am university educated with a Masters at the moment, it didn't cost me anything, and I have work experience in one unrelated but very solid field. However while this maybe puts me a bit above average, I am not an entrepreneur (like most people aren't) and have no interest or ability to run my own business. I also don't need to make tons of money. I of course appreciate a good salary and want to be able to live a sustainable, self reliant, comfortable and safe lifestyle  but for me that means - owning an apartment/place to live, not having debt, having retirement savings, being protected in cases of sickness or medical emergencies, being able to pay bills, go out, take courses in something that interests me, travel affordably, have IKEA furniture and wear H&M. Nothing extravagant, because I realistically don't need it and it doesn't motivate me. 

I also care about work life balance A LOT. I want to have free time for myself, for my interests, for people. I don't want my job dominating my life. Most people don't. We need time off, we need vacations. I fear that if I go to US, I will lose generous vacation time and work will be much more intense. I would probably not have a month off or more every year and limitless sick days. I will make more money, but everything will be more expensive and I will desperately depend on my job for medical insurance (so if I quit or lose my job for a short while, I can't get sick?).  I'd rather be unemployed somewhere where it doesn't threaten my livelihood than working somewhere where I can't afford to quit. 

&#x200B;

This brings me to medical insurance. I do understand that while US doesn't have a free health care, you are often insured through work? But many are not. I saw tons of people on reddit explain how much they got into debt because of an accident that involved emergency (so not like they had a choice not to go).  It also seems that your insurance plan might not cover many things if you're not rich which leads to so many movie and show plots where characters have to do something crazy to afford healthcare for themselves or loved one. I hear the argument about being able to choose your doctors but none of it makes sense to me, what do I need to choose for? If I am sick, the ONLY thing I want is that I am helped and cured and that I don't have to worry about money during that. People still have private providers if they want to pay for some additional comforts - but even those private providers aren't that expensive in comparison because they still have to make sense to people who are getting it for free. 

Now, I don't want kids which saves me a lot of problems. But the majority of people do, so let's also explore what that would mean. If I wanted to have a kid in my shitty country, I would not need to be rich. My medical expenses would be covered. Kindergardens are cheap or even free (I will mention, but not focus on the cultural element too where most of us get tremendous help from our families allowing people more free time, but to an extent that is not a guarantee for all). I head that childcare in US is so expensive that often one parent has to stop working because they simply can't manage it. So in the country where without money you're nothing, one person has to lose their job and the other has to better not end up losing it no matter how bad it gets. 

Then we'd have t think about school. Public schools in my country and a lot of Europe are better than private schools, and poor kids and rich kids attend them together (usually when rich kids go to a private school its because they weren't good students in a public school). So the equal opportunity is literally there. I wouldn't have to save ridiculous sums I'd much rather have in my own savings for college because a kid will go into college by merit. And if I do need to put my kid in a private college because they were bad academically and I don't want them to do a trade school (which btw lead to very good employment opportunities and should not be dismissed), it won't be expensive because again, it's competing with free stuff. 

Americans will now say that at least their higher education is the best in world. Ok. I think our free universities are very good too but objectively yes, expensive private universities can afford state of the art facilities and renowned professionals who come and teach. But the class plays such a huge role in where someone will end up. There are some scholarships to keep up the appearance but from what I understand many of the US public schools are very poor quality (or the quality ones require you to live in a certain limited location), while rich kids get prepared from early on. A good public school student who maybe won't get a special scholarship because they aren't extraordinary in sport (what does that have to do with anything?) or in any other way that will get huge attention will be worse off than a bad private school student, because in the end while merit might help a small minority, money will help everyone to get their place even if they're not academically gifted at all. It seems to me that these amazing colleges just serve to give credibility to the already rich who will go on being rich anyway (so that they can pretend that they're actually smart cause they went to Harvard), and maintain the illusion that even the poor/middle class can do it if they work hard enough. 

My final point I know the least about is property. In my country most of us own property - poor, middle class, upper middle class, all have some property they inherited or are able to buy apartments for their kids. During the socialist time many people were given property - my grandpa used his completely average middle class Yugoslavia salary to buy each of his kids an apartment, a big house on the seaside etc. I understand that maybe this was an extraordinary situation and market isn't like that, but I also don't understand why Americans need huge houses and cars and debt either. Maybe this is more lifestyle issue than something that belongs here. But the debt part - I understand you are forced to use a credit card in america or else you don't get access to housing loans. So a person who doesn't buy into the whole consumerism and wants to save money is actually penalized the one time they need to loan to buy property and stop renting. 

You will point out that none of these things are free and we all pay more taxes. Sure, but again, for an average person's average salary with the taxes deducted from it, we get healthcare, education, retirement, care in cases of emergencies and good social programmes as a support through hard times. If your goal is to be an entrepreneur, get filthy rich and don't want too many limitations or taxes because you don't have to give a shit, maybe US is the place for you. 

But most people, including smart and educated people, want a good life. They want balance, they want to be safe, they want their family to be taken care of, they want the freedom to quit a bad job or get sick without going bankrupt, they want time to themselves and people in their lives. i just don't see how the US provides that.

Tl;dr I don't think US is a good place for most people to live in because it forces you to have to be rich to have a decent life. I don't really see what I'd get as an average/middle class person in the US and think life for that group is better in almost any European country (including small, economically weaker ones). I don't think pursuit of money is really a choice in that context and i don't think it's a great way to live a life",0.3,Logical,0.6,0.5,0.8,1.5555555555555556,11.362769540382967,59.08611905255164,12
"CMV: All states should set the Minimum Marriage Age to at least 18 (Both male and female)
For the states that have the minimum marriage age set to younger than 18, they all need parental consent. I really think if you are two young to sign yourself away to someone else, you shouldn't be getting married.

&#x200B;

Heck, in some states, females can get married as young as 12 and 14 (MA, AK, VT). What 12/14 year old should be getting married if they can't even support themselves economically (OK, unless you inherit a great deal of money, but that's not the majority of the population). And  they'd need parental consent to get married, get a job, pretty much do anything? Looking at all the child marriage problem in the world, it essentially ends their childhood, curtails their education, and minimize their economical  opportunities. And if sex ed wasn't taught properly it really risks the health of both parties and the risk of teenage pregnancy is much higher.

&#x200B;

I did not look into when this law was last changed, but maybe if this was the 1800s the age would make more sense since people did have a shorter life span. But this is the 21st century we are talking about... happy to hear how we can justify the age.",0.1,Neutral,0.1,0.6,0.7,1.2,9.510000000000002,66.06500000000001,0
"CMV: Gangbangs are gay
Why do rappers sing about being a gang banger in their song when in reality gang bangs are actually super gay, think about it, its 1 girl with like 13 naked men all jacking off around her waiting their turn. Most the time spent by the guys is gonna be Jacking off next to another naked man and unless your actually fucking the girl chances are you arnt gonna be enjoying yourself.

Also what happens when another dude nuts on the chick and then your dick  accidentally touches the nut. Are you really gonna tell yourself that gang banging is straight after getting another dudes nut on your dick? I think not.",-0.3,Humorous,0.0,0.4,0.3,1.2857142857142858,10.242482758620692,62.950793103448305,0
"CMV: Instagram has lost its edge and will die out eventually
Instagram is on the decline, and will continue to do so for the next few years until they finally die out. Here are my reasons for believing that.

One - Instagram is losing its niche

Instagram had a successful niche as a photo-sharing platform, and that is still ultimately what most creators and users use it for. Users use it because they want to see photos and engage with them. However, Instagram is now moving to attempt to compete with YouTube and TikTok, which will ultimately fail because those platforms are already occupying their respective niches, and doing a good job at it.

Two - Instagram isn't showing people what they want to see

I believe that most casual users of Instagram are like myself - we follow pages that we want to use, which usually includes our friends and pages of interest that we are interested in. Instagram's attempt to push people to look at pages that they don't even follow at the expense of pages that they do is driving users away and lowering users' interest in the platform.

For these reasons, I think that Instagram will eventually die out, and pretty soon at that.",0.0,Logical,0.2,0.1,0.8,0.5625,12.420335365853663,51.65586890243904,1
"CMV: Baby it’s cold outside is not a date rape song.
The song was written in 1944. In those days women were not supposed to be alone in a man’s place by themselves or they were looked at as loose/no morals. The girl wants to stay but doesn’t want her reputation to be tarnished. Drinking in social settings in the house and office (and smoking too) were more common then. Thus the man offering her a drink was not to get her drunk and rape her, but a common courtesy. What’s in this drink was common to say to avoid responsibly for your actions after drinking. The guy wants her to stay, she wants to stay but is worried about what others would think. The censors would also never have approved a rape song. Back in those days Lucy and Desi could not even sleep in the same bed on TV. There is no way a rape song would make it on the air. The only people who have an issue with this song are people who have no concept of history and are placing todays values on an innocent song.

Edit: I wanted to thank everyone who shared their opinions. Some were long and well thought out, some were short but still made a good point and very few were done by angry elves (my Christmas humor). Merry Christmas to everyone!",0.4,Logical,0.1,0.3,0.8,1.2857142857142858,5.751482758620689,81.37512643678163,1
"CMV: Given our current technological advancement, if humanity band together we could easily achieve a post scarcity civilization.
 Just with the amount of waste we produce today, technically we produce more than we need but we are still so inept at coordinating productions and our consumptions driven lives. 

To name a few examples;

\-Food: about 30% of food waste in developing nations in distributing food and about 30% in developing nations in consumer food waste.

\-Clothes: - All that is not sold is burnt. On top of that, it is seasonal. Difficult to design a more wasteful industry.

\-Water: If we were to divide the known quantity of water on earth by the number of humans, that would leave each of us responsible for approximately 0.177 km³ of water(1,386billion  km³ / 7,819billion humans). Only 0.78% of that is fresh water that is not frozen in glaciers and ice caps. Leaving each of us to care for 1.38 billion litres of fresh water.

Of course, if we consider a post scarcity civilization, the next question is: “ What do we do with ourselves?”",0.1,Logical,0.1,0.2,0.9,0.9230769230769231,8.88336592178771,57.94151070763505,3
"cmv: the best way to fix the injustice in US court systems is to make the victim and the accused person anonymous to the judge and jury.
CMV: People say justice is blind, but for some people, that doesn’t seem to be the case. Discrimination based on appearance and gender can often distort justice and harm the nation as a whole.
As such, the best way to combat this discrimination is to not let the judge know anything about these people other than the crimes they may or may not have committed and the evidence for and against it. The judge should not know the appearance, gender, or any other physical trait except for injuries relevant to the crime. Of course they would still have access to criminal records, but those should also have names and photos redacted for the purpose of judging them in a new trial. 
As such, a new anonymous form of justice would be the best way of determining how our society gets justice for its victims and it’s falsely accused.",0.0,Logical,0.1,0.4,0.7,2.5,11.219428571428573,59.15257142857145,0
"CMV: News coverage is now so poor that following the news will actually make you less informed about reality than ignoring it.
In the last year, I've found myself very reluctantly coming to the conclusion that there is no longer any point whatsoever in attempting to stay informed by watching, reading or listening to any mainstream news sources no matter its position on the political spectrum.  

While occasional examples of good journalism or rare investigative articles can be found from nearly any source, I believe that any relevant information you can learn from these rare cases is massively outweighed by the sheer quantity of misinformation and propaganda that you are exposed to in discovering them.  My core points are the following:

* The introduction of social media and click-driven internet traffic have created a perverse environment where good journalism is punished and bad journalism heavily rewarded.  
* The increased competition and pressure on the media from the above has resulted in the downsizing of traditional news rooms.  Unfortunately, the first positions to be lost were specialist technical and expert positions, meaning most journalists are no longer knowledgeable on the fields they are assigned to report on.
* Governments and politicians have learned increasingly effective methods of propaganda in the last decade which news sources either have no interest in counteracting or no ability to counteract.  The truth is now indistinguishable from lies.
* Even if, somehow, you manage to spend enough time and energy extracting the truth from the lies, you will be shouted over by the many more people who believe the lie and believe it firmly.  Politics has become so polarized that the truth is irrelevant.

That's the brief summary.  To clarify in more depth the reasons why I believe the above:

&#x200B;

**The Internet is a perverse environment**

Clickbait is the best example of the perverse incentives created by the way news media is now funded.  It appears abundantly clear to me that the media will report stories and articles they know to be misleading or downright false simply because they know they generate outrage and traffic.  This has always been true to some extent or another, throughout history newspapers have been making money from peddling outrage.  However, until recent years there was a genuine effort by ""respectable"" news sources not to lower themselves to this kind of coverage.  I can no longer find any news sources which still seem to make this effort.  The economics of the internet mean that news sources can no longer survive at all without publishing false stories and clickbait in an effort to drive traffic to their website.

**Expertise is dead**

As part and parcel of the contraction of the media, all news companies have been forced to downsize and the first places to suffer staffing and budget cuts have been the least profitable and more niche departments.  Media companies are no longer willing to pay high salaries to journalists with strong expertise in specific areas.  This is a longer term trend which has been happening for decades even before the internet completely eclipsed paper journalism; the cumulative effect of it over time is that nearly every news article is produced by someone with no specialist knowledge or experience whatsoever.  Errors and complete ignorance of an article's topic are commonplace and chances are any article you read on a technical topic is either lifted wholesale from a press release or published by someone with no further knowledge or understanding than any random member of the public.

**Propaganda**

This is such a broad topic and with so much written on it that I don't feel that I have the space to go into it here.  For the sake of simplicity, I'll stick to one propaganda strategy by way of an example:

[https://en.wikipedia.org/wiki/Firehose\_of\_falsehood](https://en.wikipedia.org/wiki/Firehose_of_falsehood)

I believe that the firehose of falsehood has become an incredibly widespread tool within politics, both national and international.  I also believe that there has been a complete and utter failure by the media to counteract it and it may be completely impossible for any media source to counteract this strategy.  

The proliferation of this propaganda strategy is one of the key reasons I believe that it is not worth trying to stay informed any more - the more you expose yourself to journalism as it currently stands, the more vulnerable you are to manipulation using this strategy.

**Polarization**

Humans are poor at separating a convenient lie from an inconvenient truth at the best of times.  We are exceptionally good at choosing to believe what we would prefer to believe rather than what the evidence shows to be true.  This has been true since the dawn of time, but the increased polarization arising from the internet driving us into bubbles has destroyed the only countermeasure to this - regular exposure to people we disagree with.  The effect of this is that even if I somehow manage to discover the truth behind the falsehoods, it's a useless truth.  It can't be spread to anyone other than the people who are already inclined to believe it because the majority of people now openly reject even objective facts which contradict their political position.

I'll also add that on this point I won't be convinced by the ""What if everyone thought that way?"" argument as I have no control what other people think.  To quote Catch 22:

 ""But, Yossarian, suppose everyone felt that way.""  
""Then,"" said Yossarian, ""I'd certainly be a damned fool to feel any other way, wouldn't I?”     

&#x200B;

I can elaborate on these views further if need be.  On a personal level, I myself was always someone who tried very hard to recognize the truth behind media sources, despite the problems with journalism and reporting that have always existed.  My previous belief was that even if falsehoods were widespread, it was possible to slowly change peoples minds as long as you have a good understanding of the facts and could give people information without being judgmental or overly zealous.  

It's only fairly recently that I've come to the depressing conclusion that it's now futile to try this and it's better to completely give up on trying to cut through the wall of bullshit produced by the media.  The only hope I currently hold for this is that as older generations who are unfamiliar with the internet die off, newer generations will be much more prepared for and capable of adjusting their thinking to avoid being mislead by false information.  However this is only a hope and I can see no evidence that younger generations are less prone to being mislead than older generations.",0.1,Logical,0.4,0.5,0.9,1.2705882352941176,14.429628995433792,40.36718321917809,8
"CMV: Car headlights are becoming too bright
They blind people who are driving in front of and behind cars, as well as pedestrians. This is based on my personal experience and talking to other people, but it seems to have gotten worse in the past few years especially.  

Headlights should only be bright enough for a) other cars to know you’re there and b) you to sufficiently see the road. 

There need to be new regulations on maximum brightness settings and light positioning. You should not be seeing spots for so long after a car passes you. Many times I flash someone who I think has their high beams on, only for them to flash me back. I wonder if companies are following regulations or if there even are regulations on brightness levels and positioning. 

I seriously hope someone can change my view because I am sick of avoiding night driving and getting so angry over this. Please CMV.",-0.1,Passionate,0.3,0.6,0.5,0.9333333333333333,9.23043238993711,64.28451650943398,0
"CMV: ""Life is unfair"" and ""That's the way it is, just accept it"" are worthless in discussions about changes in society and laws.
This is probably the go to argument for anyone who can't justify some specific law and custom despite the harm it might bring but also wants to keep it for some reason.

The argument seems to ignore that the world can improve and in fact did, mainly because of people who didn't accept the status quo. That notion seems to be literal toxic defeatism and adds nothing to the discussion.

It was also used through history to justify various institutions (or support indifference to injustice), for instance back during the early 19th century many American politicians ""considered slavery immoral but thought it couldn't be changed"" leading them to accept (and sometimes even profit from) the institution just like someone who didn't think once about the morality of slavery.

The idea that we should strive towards perfection, even if the final goal is too idealistic, should be our guiding principle because that way we would be able to maximize human happiness and benefit others as much as we can.

EDIT: I noticed many people used counter-examples that discuss how those phrases can be useful in our daily life, I agree with that, that's why I said ""are worthless IN discussions about changes in society and laws"", doesn't mean they have no uses at all.",0.2,Logical,0.1,0.5,0.7,1.125,16.508571428571432,36.75313559322035,0
"CMV: Pictures of kids should not be shared on the internet if the child is too young to give permission
 In an age where we value consent more than ever, why do new parents still think it's okay to post pictures of their newborn babies on social media?

True, babies don't understand the concept of privacy. But in a few years when those babies are teenagers, they're gonna be pissed that their parents shared pictures of them online. Every teenager is embarrassed by their baby pictures.

I know that parents have been taking pictures of their kids ever since cameras were invented. And of course, they collect those pictures in photo albums, and they might show them to a few close friends. But with the internet, those pictures reach a wider audience. And they may attract undesired attention.

No matter what filters you put on pictures to decide who can or can't see them, there's always the risk of someone getting around it via hacking. Also, you can't delete something from the internet completely.",0.0,Logical,0.1,0.5,0.7,1.0,8.217839080459772,67.13606896551725,0
"CMV: Dr. Phil and similar TV shows are the modern, socially acceptable equivalent of circus freak shows
Old circus freak shows took people with unusual disabilities or physical conditions and put them on display for people to gawk at. Today (at least in first world countries) that kind of thing would be unacceptable because of how degrading it is to the ""performers"".

Shows like Dr. Phil are not much different from a freak show. Many people appearing on the show are clearly in need of therapy and Dr. Phil is a psychologist but I feel like this is just a facade used to make viewers feel like this is an acceptable way of presenting people with mental disorders on television. I don't feel like any therapist would recommend for a therapy session to be conducted in front of millions of people. On top of that recently it appears that people are being rewarded with social media stardom for their unusual behavior which is probably the opposite of what is needed for their health.

And just to be clear I think it is important to show people with mental and physical disabilities in media and there are respectful ways of doing it. Dr. Phil and similar shows are just not it.",0.0,Logical,0.1,0.6,0.7,2.75,10.861904761904764,54.591428571428594,0
"CMV: r/changemyview is the only large subreddit (over 100k subscribers) where opposing ideas are discussed, not immediately condemned.
I've been going through some political subreddits (bad idea I know) looking for one where people discuss politics as opposed to posting clickbait/memes, then bashing anyone who comments something other than ""this post is 100% correct"". I went to r/politics--suggesting a civil discussion there means you are either a racist or racist sympathizer. I went to r/conservative--suggesting it there means you are a ""brainwashed libtard"". I tried googling ""centrist reddit"" to see if there were any subs that have moderate views, which led me to r/ENLIGHTENEDCENTRISM, which turned out to be a sub to bash people who say there is value in being politically moderate.

Now I'm wondering if, just by the nature of reddit, no other subreddit has discussions like CMV, because it's like minded people looking for like minded groups. Even if the sub started with reasonable people, certain views are reinforced continuously and others are demonized, until the sub will only tolerate stances the group has agreed upon.

This is partially a plea to restore my faith in reddit as a place for interesting discussion. So please, for the love of god, change my view.",0.3,Passionate,0.4,0.6,0.7,1.8,12.296860841423953,47.66782632146712,0
"CMV: Children need to be taught to beware of family as much as they're of strangers
I'm not advocating to scare children in to being afraid of their family. I'm proposing ways where we could train them in to handling such situations effectively and I'm completely against the fact that there is no such plan as mainstream as ""Stranger Danger"" to handle familial sexual abuse.

It's not major news that a significant portion of child sexual abuse arises from family members and other known individuals. 

>Estimates vary, but not widely – somewhere between 8% and 12% of children in the US have experienced sexual abuse  
[Source: The Guardian (1)](https://www.theguardian.com/us-news/datablog/2019/aug/03/us-children-sexual-abuse-data-stats-estimate)  
Edit: Revised statistic at the end of post


>Contrary to other types of abuse, research suggests that a far greater number of child sexual abuse offences are perpetrated by adults who are not in a caregiver role (ABS, 2005; US DHHS, 2005). Findings from the ABS Personal Safety Survey (2005) indicated that for participants who had experienced sexual abuse before the age of 15, only 13.5% identified that the abuse came from their father/stepfather, 30.2% was perpetrated by other male relative, 16.9% by family friend, 15.6% by acquaintance/neighbour, and 15.3% by other known person (ABS, 2005)
[Source: Child family community Australia - factsheet](https://aifs.gov.au/cfca/publications/who-abuses-children)


While we have taken adequate measures and might have prevented such abuse from strangers by teaching children common practises such as ""stranger danger"", I've not been able to find evidence of children being educated on how the close circle of family and friends may be more likely to house such nefarious individuals.

Perhaps parents feel that it might cause their children to distrust every family member they meet or they don't want to create an atmosphere of fear at every Christmas party but that doesn't alter the fact that creating a fanciful environment for a child makes him more vulnerable to the machinations of a proximate predator.

I wonder if teaching stories from the Grimm fairy tales might have actually not been a bad idea in the middle ages when children were highly prone to being exploited. Granted, they've an excessive level of violence and gore, likely since adults aren't sure how to ensure that children grasp the seriousness of certain situations. Certainly, a partially diluted version or an interactive version of the same could be used to teach children the possible dangers of sexual abuse from trusted individuals.

Parents have forgotten their childhood memories and need to relearn how it is to be a child and grow up everyday. A better understanding of their child may allow parents to better communicate such dangers without scarring or depressing them.

PLEASE READ:

I'm not advocating to scare children in to distrusting everyone. However, sitting idly by is definitely just as bad. My view is that we need a method that is as mainstream like ""stranger danger"", where we can progressively teach them some form of elementary critical thinking as they age.

Children don't need to be taught to be scared of everyone, rather, as they grow up, they need to be taught how to identify such problematic situations, what they may experience and the options available to them. 

TL;DR:

- Child sexual abuse comes from close quarters such as family and friends.
- Children need to be taught the mainstream equivalent of ""Stranger Danger"" with respect to family and other known individuals
- A version of Grimm fairy tales with stories illustrating such predators, the tactics they might use and how to escape them would be helpful.
- Parents need to empathise with their kids and teach them to handle such events with examples and details iteratively provided as they grow up.


Edits:

- links and formatting
- addressed some common points and questions

***
MAJOR EDIT:

The above statistic is actually 7.5% - 11.7% for contact-based sexual abuse for children of age 0 to 17. 

Caveat: It is mainly weighted by the 14-17 year age group and it includes abuse from peers. 

However since this post is primarily focused on addressing concerns in re infants and from family members, I'll revise the statistics based on a major study used in the meta-analysis (1) to directly reflect abuse experienced by infants. I'll also include any biases that may be inherent in them for it's not my intention to spread hysteria. I sincerely apologise for not expounding upon the aforementioned statistic.

The following statistics are gathered from one of the main studies used in the aforementioned meta-analysis (1).

Sexual abuse experienced by children:
Sorted by Age and type of abuser:

- 2-5 years old:   
By known adult: 0.6%  
By Peer: 0.3%
- 6-9 years old:  
By known adult: 0.7%  
By Peer: 2.6%
- 10-13 years old:  
By known adult: 0.9%  
By Peer:1.4%
- 14-17 years old:  
By known adult: 3.2%  
By Peer:7.7%

Caveat: These do not include sexual abuse from flashed exposure and sexual harassment.

Source (2):

- David Finkelhor, Heather Turner, Richard Ormrod and Sherry L. Hamby Pediatrics  2009;124;1411 ; originally published online October 5, 2009; DOI: 10.1542/peds.2009-0467 
- [Extensive report on methodology](http://unh.edu/ccrc/pdf/NATSCEV_methods_report.pdf)

Limitations of the study:

1. > **For children who're too young (<10 years old), their caregiver was the primary respondent**  
I believe the obvious bias inherent in this is self-explanatory.
2. >24.8% of the participants were over-sampled from places with >70% population of Black, Hispanic or low-income households.  
As many commenters pointed out, a good community significantly reduces the chance of such abuse being perpetrated.
3. >Any survey that requires finding respondents at home and obtaining cooperation
runs the risk of missing those members of the population who may be
most vulnerable to victimization
4. The study was conducted in the last decade. As some commenters pointed out, and the study agrees with them, there has been a signifcant drop in the level of sexual abuse from pre-1990 levels
5. Although the sample size of roughly 4.5K respondents is large enough, it's only a representation of the population as in any other study.

TL;DR for Major edit: 
We've made significant progress in reducing the number of such sexual abuse cases from pre-1990 levels, especially for young children albeit there are some limitations to such studies.",0.2,Logical,0.2,0.7,0.9,2.4,11.726141851399316,46.299874323616706,5
"CMV: Men and women who make false rape claims should be forced to register as sex offenders.
Before I begin my argument I'd like to establish this first. When I say false rape claims I do not mean cases like [Rapist Brock Turner's Case](https://en.wikipedia.org/wiki/People_v._Turner) where it's a safe assumption based on the evidence that they committed the crime yet somehow get away with it. I am not trying to dissuade actual victims. If you are a victim seek legal action if you haven't already.

I mean cases where evidence of the claim is either completely unfounded and/or falsified or it is later found out that the claims made against the accused where false. Cases such as:


[Jemma Belle](http://www.thejournal.ie/woman-makes-false-rape-sexual-assault-claims-innocent-men-3482764-Jul2017/) who...

> Within the space of four years, Beale claimed she had been seriously sexually assaulted by six men and raped by nine, all strangers, in four different attacks.

[Response from one of the men she accused](http://www.bbc.com/news/uk-england-surrey-11676804)

[Karen Farmer](http://www.bbc.com/news/uk-scotland-glasgow-west-33391739)

[The *A Rape on Campus* Rolling Stone article by Sabrina Erdely](https://en.wikipedia.org/wiki/A_Rape_on_Campus) where a gang rape claim against the local chapter of the Phi Kappa Psi fraternity. (I'm a member at another chapter so I personal stake with this one)

[The claim against Aziz Ansari](https://www.theatlantic.com/entertainment/archive/2018/01/the-humiliation-of-aziz-ansari/550541/) (No presses charged but you can see the effect it had on his life)


I could go on but I'll stop there. In most of these cases the false accuser was punished to some capacity, however it's not enough. Making false claims of rape is just as destructive as committing the act. Where a victim of actual sexual violence might experience both physical and psychological trauma that effects their daily life and/or may face backlash in their socialite in one way or another; the victim of a false accusation faces something similar nature. They are blackballed from society and socially ostracized for actions they did not commit. Even if justice comes their way the damage is already done and you can never truly get rid of that brand. It also makes finding justice for actual victims much harder. Much like how the abuse of a medicine (like Adderall, opioids, etc.) makes it harder by placing more scrutiny on people that would actually benefit from it; the same can be said about false rape claims.

Now, why make them register as sex offenders? Well thats fairly simple; if an individual is willing enough to construct a falsified claim as a way to deface and/or imprison an innocent man or woman' then they clearly not meant to be trusted by society, their workplace (current or future), and anywhere else they could easily inflict damage on more innocent people.

So what do you think? Do you disagree? Am I being too harsh or not harsh enough? I'm interested in hearing what you have to say.

Change my mind. (As they say)


Edit: Formatting

Edit: I'll get to as many of your responses as possible. Fact checking the counter arguments (both yours and mine)

**Important Edit:** A lot of you are asking how would you go about finding if the claim was false. I did some digging and here is a Journal of psychology that proposes a way to discern fact from truth. They state: ""We propose a new theory based on the literature, the theory of fabricated rape. The theory of fabricated rape predicts that differences between the story of a false complainant and a true victim will arise because a false complainant has to fabricate an event that was not experienced and a true victim can rely on recollections of the event. On the one hand, the false complainant is lying and will behave as liars do. On the other hand, she is constructing a story based on her own experiences and her beliefs concerning rape. If the experiences do not resemble rape and the beliefs concerning rape are not valid, detectable differences between a true story of rape and a false story of rape, a fabricated rape, will arise. The current study will test the validity of a list of differing characteristics between false and true allegations constructed based on the suggested theory of fabricated rape""

[Link to the Journal](https://www.sciencedirect.com/science/article/pii/S1889186116300026)

Edit: Found a way to deal with it on a case by case basis [here](https://www.reddit.com/r/changemyview/comments/87ncab/cmv_men_and_women_who_make_false_rape_claims/dwe7ly8/) however I think we could still talk long term punishment

_____

> *This is a footnote from the CMV moderators. We'd like to remind you of a couple of things. Firstly, please* ***[read through our rules](http://www.reddit.com/r/changemyview/wiki/rules)***. *If you see a comment that has broken one, it is more effective to report it than downvote it. Speaking of which,* ***[downvotes don't change views](http://www.reddit.com/r/changemyview/wiki/guidelines#wiki_upvoting.2Fdownvoting)****! Any questions or concerns? Feel free to* ***[message us](http://www.reddit.com/message/compose?to=/r/changemyview)***. *Happy CMVing!*",0.2,Logical,0.4,0.7,0.8,1.675,10.043798155181772,59.42567281606078,2
"CMV: For environmental reasons it should be acceptable and even respectable to wear old, worn clothes


The production of clothes consumes resources and generates pollution. Hence one of the things we can do to protect the environment is to buy less new clothes and use our existing clothes for longer. I am not interested in discussing what fraction of our environmental footprint this constitutes. This is just one of many things we can do to help the environment, and every little thing helps.

Unfortunately this is not always socially acceptable. Wearing worn clothes looks like a sign of poverty and can get you discriminated against. This is perhaps especially bad in a professional environment. Customers and business partners can be unwilling to do business with someone whose employees dress like poor people. This is incentivizes employers to pressure their employees and prospective employees to dress up. This is a negative-sum arms race that harms the environment.

We should not discriminate against people who wear worn clothes (within reason). Instead of assuming that the person is poor or lazy, it is better to give them the benefit of the doubt and assume that they might be environmentally conscious.

Fancy new clothes should be thought of as a luxury, not a social necessity.

The environmental benefit may be small, but it is still worth it.

**EDIT 1**: I've given a delta already for the argument that it's good to buy quality clothes that last longer.

**EDIT 2**: Some people seem to think that I am trying to outlaw new or fancy clothes. That is not what I said. I just want it to be socially acceptable to wear clothes that are neither new nor fancy.",0.3,Neutral,0.1,0.4,0.7,2.25,9.013044758539461,58.44655575186496,3
"CMV: College is a better setting than high school for television shows.
I'm in my late 20s and I've graduated high school and college and I would say that both were pivotal to me being the person I am currently.  However, when I look at pop culture aimed at younger people, it's 90% set in high school, with shows like *Riverdale*, *Euphoria*, *Vampire Diaries*, etc.  I think that college is a superior setting for these kinds of shows compared to high school and I'm very confused that Hollywood (movies or television) don't think to showcase this.  I'm probably missing something about college vs high school settings, so CMV!

**1) A higher level of competition.** A large part of high school stories revolve around a person finding what they're good at, their ""thing"", and using that to succeed in high school, but what happens when they go to college, especially a Big State U, and realize that they're middle of the pack in “their thing”? And that's whether it's athletics, cooking, musicianship, artistry, academics, or a hobby that you have.  It can be very disconcerting at first to think that you’re relatively unique for being an All-State student athlete, only to get to college and realize that there’s 20 in your cross-country team alone, and that you’re in the bottom half.  But it can also be wondrous to realize that you can be part of a passionate community in a way that you didn’t have in high school and use that higher level of competition to improve yourself and your work ethic.

**2) Who are you when no one is looking (or cares).** The biggest difference between college and high school is the lack of daily accountability enforced by parents or teachers.  Assuming the student is living on-campus while the parents are still at home, there’s no one to tell them that it's time to study or stop watching TV, and the professors more or less don't give a shit if one random person attends their class or not.  Some kids can't cope with the lack of structure and flunk out of school, when they were the top students at their high schools.  This is also the time where a lot of kids will for the first time have nearly unfettered access to drinking, drugs, and non-stop partying if they choose.  More than high school, college is where kids really experiment with the highs and pitfalls of drinking, drugs, hook-up culture, and partying.  What happens when a religious person gets to college, and gradually realizes that they don’t *really* believe in God, or at least not the God they were taught in their home?  How do they work through a loss in belief?

**3) Greater self-expression and more diverse interactions.**  This kind of intertwines with point #2, but I would argue that people are more likely to be weirder in college than high school because the greater anonymity of college allows them to try a different style of dress and personality without fear of damaging their reputation.  And if they do, it’s very easy to just find a new group of people to hang out with.  For a lot of kids, that might mean coming out as gay or trans, people exploring their sexuality, and getting into niche hobbies that simply weren’t available at their high school like boating or hiking.  There’s also the diversity of interactions that will occur.  Even a non-prestigious Big State U will have students from all over the world, and certainly all over the state it’s located in.  You’ll have people from all different experiences, socioeconomic backgrounds, rural, urban, suburban, and exurban communities all sharing classes and dorms together and exchanging worldviews.  Imo, the sheer diversity of people in college is far greater than you’ll find in a typical high school, no matter what you consider to be “diverse”.

**4) Meta Reasons.**  Basically, most of the actors playing high school teenagers, so commonly 14 – 18, are in their 20s and they look it.  They don’t look old, but they certainly look older than most teenagers and it can at times create a falseness to the narrative when I see a girl who’s clearly 20+ worried about passing algebra.  However, if you take the same group of actors and make them college students, then that age problem disappears.  Instead of a 20 year old worried about passing algebra, they’re worried about passing Organic Chemistry.  Additionally, the narrative feels much more authentic.  See *Skins UK* for better examples of how shooting a teen drama with actual teenagers makes everything more visceral.  Another aspect of high school dramas that gets addressed is the lack of parents.  Pretty much every teen show’s fandom will joke about how the parents will disappear for episodes at a time before reappearing for a scene or two before disappearing again.  If the show’s set in college, parental absence makes total narrative sense because it’s more likely that the students are living 40+ minutes away from their home.

**TLDR** These are the largest ways that I think college offers unique and superior story points to that of high school.  The combination of more adult-like freedom and apathy towards your behavior, a higher level of competition in all aspects, greater opportunities for self-expression and diverse interactions, all combined with the inexperience of youth.  As an added bonus, the actors are actually playing character their age, leading to more realism in these shows.",0.3,Logical,0.3,0.4,0.8,1.7924528301886793,11.313267108167775,55.32861691288845,7
"CMV: If NFL players were kneeling for veterans, it would be a non-issue. It's not the kneeling that has so many upset, it's the cause.
The act of kneeling is typically viewed as a humble show of respect. People kneel in prayer, athletes kneel when a player is injured on the field, service members kneel before graves of fallen soldiers, etc. In fact, it was the later that convinced Colin Kaepernick to kneel in protest after a conversation with a veteran who fought in Iraq and Afghanistan. The veteran told him that kneeling would be considered more respectful than sitting down. So why do so many consider kneeling to be offensive now? If he was kneeling during the anthem to honor fallen soldiers, it likely wouldn't be an issue. That leads me to believe it's not the act of kneeling that isn't palatable for so many... It's the cause. Change my mind. ",0.0,Logical,0.1,0.5,0.7,1.1111111111111112,7.110933014354067,68.69244019138758,0
"CMV: Star Wars Episode I-III has better lightsaber fights than the other two trilogies.
I can excuse the original Star Wars trilogy not having the most spectacular cinematic lightsaber battles, but the last three had fights that were just a bunch of fluff.

The fight with Darth Maul was undoubtedly the best choreographed. The fight General Grievous was was very imaginative & visually stunning.

The fights in the first 3 trilogies also helped move the plot along and shape the characters for the original story.

Yoda went into exile because of his loss to the Senator. Skywalker’s loss to Obi Wan was the cause of the Darth Vader suit. Anakin killing Count was a major step to the dark side and showed the Senators influence over him. Qui Gon losing to Maul was what bolstered Obi into a master and taking his promise to train Skywalker.

So not only were they the best to watch but they were much more meaningful.",0.2,Logical,0.1,0.3,0.6,1.3636363636363635,7.833749999999998,67.39625000000001,1
"CMV: The paparazzi/tabloid industry should be a federal crime
Ya heard me right. There are already many laws to limit it. But it does not really stop anyone from rappelling down Danny DeVito's house and catch him petting a cat (horrible analogy but still). It is time we make paparazzi illegal. First of all, it is really disruptive to one's life. Yeah I get it celebrities should be used to cameras but they deserve quiet time. This ties in to my second point which is the mental cost of celebrities. They are unable to fully enjoy some quiet time with no cameras and unwind. This also means they have to look as neutral as possible and not do anything the tabloids will jump on. This ties into my third point which is fake news. You can be petting cat but from a certain angle it looks like you are hitting the cat. The most innocent stuff can look evil and dirty from certain angles. That is the angle all paparazzi try to get to stir up drama. It just instills fake news and lowers the rep for that certain celeb for no reason. And for the people saying 'free expression' or something, its not free expression, ur just tryna get some money and drama. Also last thing. Imagine yourself right now, then look at the corner of a window, now imagine there is a camera pointing at you. You suddenly feel uncomfortable, that is what celebs have to live with",-0.1,Passionate,0.1,0.8,0.4,1.588235294117647,6.724266666666669,71.5905777777778,0
"CMV:If you illegally entered the Capitol on Jan 6, you should be ineligible for public office for at least 10 years.
If you respect the rule of law and the democratic process so little you were willing to forcefully disrupt it, you shouldn't be eligible to a representative participating in that process, no matter how well you may be liked. With so many of these people entering the electoral process, our democracy's ability to withstand attempts against it gets weaker. This shouldn't be tolerated as it represents a clear threat to a free society.

This should apply no matter your political affiliation. The more info that comes out on Jan 6, the more clear it becomes the unrest was the cover for a legitimate attempt at our democracy, by way of constant repitition of a false narrative (that millions now believe). If one side can simply decide they didn't lose an election, what's left?

SIGN OFF UPDATE: Thanks for all the comments. I think I'm inclined to change position based upon the terrible precedent that would be set by being able to backdate punishments. As a note, the number of what I assume are conservatives who cannot tell the difference between protest, unrest, and disrupting a political process is too damn high. Thanks all, stay kind. 

ETA: Links

https://www.newsweek.com/these-13-candidates-who-were-stop-steal-january-6-are-running-office-2022-1663613

https://www.washingtonpost.com/politics/2021/11/03/least-seven-jan-6-rallygoers-won-public-office-election-day/",0.2,Logical,0.3,0.5,0.7,1.5,10.921659716430359,52.058077564637216,2
"CMV: other cultures eating dog meat shouldn’t bother us so much since we eat the meat of animals that are significant in other cultures.
Recently read that Simon Crowell donated over $30k to a charity which then bought about 200 dogs from a dog meat farm in Korea. The article was from People, so I’m sure all the facts are there /s. Regardless of the source, I’ve started to be bothered lately when people freak out about the barbarism of other cultures eating animals that western cultures consider pets and companions. I’m a lifelong dog lover and have owned one myself, and I used to also be abhorred by the idea that anyone would ever eat one. I’m coming to realize it’s a way more complicated issue than just “dogs are good, only savages would eat them!!” It’s a cultural difference in animal meat choice. In India, Hindus hold cows as respected motherly figures and even family members and would never consider eating them or any beef at all. Western cultures eat beef anyway. What’s the difference between our practice and the practice of cultures who don’t have a problem eating dog meat? I would never eat it, and I’m bothered when I hear about dog meat farms or see pictures of dogs in cages awaiting slaughter, but I don’t want to think about cow meat farms or any other animal awaiting slaughter either. I feel like I don’t know enough about this issue and want to see if I can change my view to understand why someone would donate so much money just to buy dogs from Korea to have them sent to other countries which almost definitely have dog overpopulation problems anyway. I feel like I will not have a good time if I tell more people about this opinion, so I’m kind of hoping to be able to change it, or at least be given enough information to be able to defend my view better to other people who disagree with it.",0.4,Logical,0.6,0.5,0.7,0.9615384615384616,11.96626865671642,55.168185993111365,1
"CMV: I don't think I should personally make changes to my life to fight climate change when multi billion dollar companies couldn't care less.
Why should I stop using my car and pay multiple times more to use exorbitant trains?

Why should I stop eating meat while people like Jeff Bezos are blasting off into space?

Why should I stop flying when cruise ships are out and about pumping more CO2 into the atmosphere than thousands of cars combined?

I'm not a climate change denier, I care about the climate. But I'm not going to significantly alter my life when these companies get away with what they're doing.

I think the whole backlash against climate change is most often not out of outright denial, but rather working class people are sick of being lectured by champagne socialists to make changes they often can't even afford to, while the people lecturing them wizz around in private jets to attend their next climate conference.",-0.2,Passionate,0.4,0.7,0.6,0.9166666666666666,10.480158730158731,61.14500000000001,2
"CMV: We should not allow media companies to run the Presidential Debates
Here are the main reasons I believe this:

1. The current Presidential debate format is a joke and is an embarrassment to our country. Participants should not be allowed to interrupt, participants should not be asked more questions than another, and participants should not be allowed to get 3x the speaking time as others.
2. Media companies are incentivized to make the debate as entertaining as possible, not informative, truthful, fair, etc.
3. Media companies make a ton of money from these highly viewed events. They also own the rights to all the footage, making it inaccessible to many.
4. Media companies are typically biased and susceptible to outside forces (advertisers, foreign countries, broadcasters) leading to some preference for one candidate over another. 
5. I believe we should have a publicly funded series of debates organized by people from across the political spectrum.",0.0,Logical,0.1,0.4,0.8,2.6666666666666665,12.521088709677418,39.80163306451615,0
"CMV: It should be the standard in offices to allow for a 20 minute nap around noon
A 20 Minute nap, after a few days of getting into the habit of it, is found to be the perfect amount of time to get the most energizing light sleep without transitioning into heavy sleep, causing drowsiness upon wake. We all know that productivity, energy, and morale dwindle in the afternoon, which, sure, wouldn't happen if everyone got the full 8 Hours of sleep at night, but let's be honest, who does that? 

There's really not much of a downside that I can see, because the increase in productivity more than makes up for the lost 20 minutes.

In fact, a 20 minute nap at noon actually decreases the amount of sleep needed at night to be healthy from 8 Hours to 6 Hours, giving more time at home as well.",0.3,Logical,0.1,0.3,0.7,1.6666666666666667,15.726761744966442,48.655780201342296,2
"CMV: Kylie Jenner becoming a billionaire is NOT self made.
I'd like to add that although I don't believe her rise to being a billionaire is self made, it is respectable to a degree that she's kept herself busy. She's worked her ass off and kept herself busier than most people could say they are.

However, starting a business needs investment. The millions of dollars her family has at their disposal to invest in Kylie's company does NOT make her self made. Forbe's calling her self made is a dishonor to all the people who started with nothing and rose to wealth.",0.1,Passionate,0.3,0.5,0.7,4.0,7.698823529411765,70.14470588235295,1
"CMV: People would be happier in small communities.
I think a lot of the issues we face as a society, come from a disconnect from our community.

I can't speak for other countries, but in the UK, the millennial generation (and their kids) are becoming more nomadic. The ultimate goal is to buy property with a view to sell it at a profit. Not only is this economically unsustainable, it untethers us from having any real connection to a local community. With an expectation that in a few years we will sell a house and move on.

This is particularly pronounced in cities like London. Where we flock there (post University) for jobs. Move house and area every few years. And in many ways erode the local communities that were there by gentrifying the area.

We have almost a whole generation (25-40) who have been forced to move away from their home towns in search of jobs. And have spent the vast majority of their lives disconnected from a sense of local responsibility.

The end result is you find more and more people lonely and estranged from their old school friends. You have an apathy or nihilism about the area you live (as you assume you'll be leaving it soon). A lack of sense of responsibility to fix local problems or improve an area.

I think the nostalgia that sits behind political movements like MAGA and Brexit (neither of which I would have voted for) come from that generation wanting to return to these smaller communities. 

There's also a sustainability angle that seems to resonate here. Where small towns can have circular economies. Local entertainment. Local businesses sourcing local resources. Local community outreach and charities. 

Just to clarify: I'm not taking this to the extreme of small isolated villages and no cities. Trade and movement are of course important. And there will still be large companies supplying things more efficiently. Im more hoping that the pandemic might start a trend of people moving away from bloated expensive cities. And rebuilding their own local communities.

CMV.

Edit: I think I should make clear that this is not meant to be taken in the most extreme sense. So not forcing people to stay in communities. Or eradicating cities. Just helping deflate bloated cities and making sure people have the option to stay local, rather than feeling forced to move to cities (away from their friends and families) in order to find a job. There are many policies that can be put in place to protect local communities and encourage job growth, which would allow people this option.",0.3,Logical,0.4,0.6,0.7,2.0454545454545454,8.67373563218391,58.702327586206934,1
"CMV: There’s nothing wrong with the SNL joke about Israel. It’s certainly not anti-semitic.
Michael Che said: “Israel is reporting that they’ve vaccinated half of their population. I’m going to guess it’s the Jewish half.”

[This is a population map](https://upload.wikimedia.org/wikipedia/commons/9/96/Demographic_map_of_Palestine_-_Israel_-_with_Legend.png) of the territory the Israeli government controls. More than 14 million people, roughly half of them Jews and the other half Palestinians, live there.

Jews can move freely throughout this territory, live where they want (except for Gaza) and enjoy full rights as citizens of Israel. Almost all of them have been vaccinated.

The picture gets more difficult with the Palestinians. They can be categorized into four groups:

Palestinians who live on land defined in 1948 as Israeli sovereign territory (sometimes called Arab-Israelis) are Israeli citizens and make up 17% of the state’s citizenry. While this status affords them many rights, they do not enjoy the same rights as Jewish citizens by either law or practice. They’ve been vaccinated at roughly equal pace as Jews living anywhere on territory controlled by Israel.

Roughly 350,000 Palestinians live in East Jerusalem, that Israel annexed to its sovereign territory in 1967. They are defined as permanent residents of Israel a status that allows them to live and work in Israel without needing special permits, to receive social benefits and health insurance, and to vote in municipal elections. Yet permanent residency, unlike citizenship, may be revoked at any time, at the complete discretion of the Minister of the Interior. In certain circumstances, it can also expire. [The vaccine rollout is only now beginning there.](https://www.timesofisrael.com/israel-to-vaccinate-its-east-jerusalem-residents-living-beyond-security-barrier/)

Although Israel never formally annexed the West Bank, it treats the territory as its own. More than 2.6 million Palestinian subjects live in the West Bank, in dozens of disconnected enclaves, under rigid military rule and without political rights. In about 40% of the territory, Israel has transferred some civilian powers to the Palestinian Authority (PA). However, the PA is still subordinate to Israel and can only exercise its limited powers with Israel’s consent. Israel has begun to provide vaccinations to the 122,000 West Bank Palestinians who work in Israel. Some Palestinians who work in the health care sector have already been vaccinated, but those are a small minority.

The Gaza Strip is home to about two million Palestinians, also denied political rights. In 2005, Israel withdrew its forces from the Gaza Strip, dismantled the settlements it built there and abdicated any responsibility for the fate of the Palestinian population. After the Hamas takeover in 2007, Israel imposed a blockade on the Gaza Strip that is still in place. Throughout all of these years, Israel has continued to control nearly every aspect of life in Gaza from outside. A few days ago Israel allowed the first import of vaccines there. The shipment, sent by the Palestinian Authority from the occupied West Bank, included 2,000 doses of Russia’s Sputnik V vaccine, enough to inoculate 1,000 people in a two-shot regimen.

In other words: Israel has been vaccinating the Jewish half of its population. CMV",0.0,Logical,0.2,0.3,0.9,1.5714285714285714,11.1476072596678,44.039762714038346,9
"Cmv: If Covid-19 was a dry run to see how we act in a crisis, we're all doomed
I don't want to start a whole argument over whether Covid exists/is man made/has been used as a tool for administering new world order nanobots etc. I think we've all seen and heard enough ""anti mask-freedom fighter"" v ""scared upstanding citizen"" bs and are pretty much fed up with it by now (generally speaking)

I myself have complied with all restrictions enforced by my government as I believe they were;

a) scientifically sound in their justification for preventing the spread. And/or,

b) unimportant to me but seem to help genuinely scared people feel safer

I work in a supermarket which has given me an interesting insight into how my community has dealt with this whole thing. I've seen genuine fear on people's faces having to come out of their home convinced they could die at any minute, Staff having to quickly learn and enforce rules that they didn't fully understand (often unsurprisingly badly), sometimes situations turned nasty as customers argue with staff and each other because they don't like to be told what to do, people turn on complete strangers and assume they are absolute scum and feel entitled to openly say so in front of everyone (even though they may have a genuinely fine reason for not wearing a mask or actually need that extra person with them to help shop) 

Then I got to thinking, all this social upheaval is going to be nothing compared to the changes needed due to the impact of climate change. More than ever before, we all need to clearly understand what needs doing and why. We all need to understand that we are in it together and it is unavoidable. We need to, as a society, support those who will suffer the most, and make some drastic, uncomfortable changes to our way of life.

Whilst I have seen some amazing acts of humanity, I have also witnessed enough to believe that this just isn't going to happen any time soon and we're going to be the architects of our own downfall. Sorry for the pessimism it's been a long year! Hope I'm wrong I really do, but can anyone give me something to make me feel optimistic about the world my children will grow up in?",0.3,Passionate,0.7,0.8,0.5,1.0714285714285714,17.247489795918373,41.22608163265309,0
"CMV: The US gets a reputation for shitty food not for our taste level, but for our classism and profit-driven consumerism
First post on this thread, so please forgive any formatting issues or anything. 

The USA has a reputation internationally for fake, plastic cheese, watery beer, cheap, sugary bread, etc. I can’t deny that, as a general rule. I’m a poor 25 year old in the US, and my finances mean that I’m intimately familiar with the cheapest thing in every category of our grocery trip. For example, I think Bud Light, Coors, and Miller are awful beers. They’re also the only beers I can afford. 

The thing is, we definitely have good quality food and drink! I’ve had FAR better beers in the US. I love craft beers, and have found beers here that are comparable to the ones I’ve found in England or Japan or Austria, which friends from other countries don’t believe at all. Right now though, I don’t buy those beers, because I’m currently unemployed with no way of getting unemployment, no stimulus checks on the way and tens of thousands of dollars in student loans. 

In other countries I’ve lived, the cheapest beer is absolutely fine. The cheapest cheese is still made out of cheese. Just saying. 

Most other countries of similar economic structure 1. Are (at least marginally) more kind to their citizens with things like education costs, universal healthcare,  etc. and 2. Don’t have corporations capitalizing on the poverty unchecked, making literally the cheapest legal products that can resemble cheese or beer because 3. The general pervasive culture accepts that people deserve better. 

Does the US have shitty food just because we’re the only ones who try this hard to capitalize off of poor people living badly?
 
EDIT: just to address two quick points, I agree that a) some American food is AMAZING. We have great cultural food when it applies, great quality food when you know what to buy, etc. I also agree that b) a lot of American food (even the vast majority you’re likely to find in a lot of areas) is AWFUL quality, with crazy amounts of corn syrup, sugar, fried everything, etc. I am neither claiming that American food (or beer) is all good nor all bad. I’m making the point that our bad food is usually both worse and more ubiquitous, because people have to have a lot of money, buy very carefully, etc to overcome the fact that food is about profit more than about safety. People get used to it, learn to prepare it better, etc, even creating a cuisine around it. But the original ingredients are still just as shitty, mostly because of the economic divide in access to materials. Just because it’s spread from there doesn’t mean that there isn’t an original imbalance of opportunity. 
(Reposted to follow the rules)",0.3,Logical,0.6,0.6,0.6,1.6216216216216217,10.192672955974846,54.66271044992743,2
"CMV: The minimum wage should be directly attached to housing costs with low consideration of other factors.
Minimum wage is intended to be the lowest wage one can exist on without going into debt trying to buy groceries and toilet paper at the same time. The United States is way too big and way too varied in economic structure for a flat national minimum to make sense, so $15 nationally will not work. However, we can't trust the local corporate and legal structures to come up with wage laws that make sense for their area without some national guidelines.

If you break down the cost of living, the biggest necessary expense for a single adult is going to be housing, usually by a VERY wide margin. Landlords have a financial incentive to make this cost go up as much and as often as possible (duh) and no incentive to make housing affordable and accessible, because it's a necessity that's extremely hard to go without. You \*need\* housing in order to not die of exposure. This makes it easy for landlords and property managers to behave in predatory ways toward their tenants, for example raising the cost of housing on lease renewal by exactly the margin that the company their tenant works for has increased their pay. The landlord, doing no additional labor, is now getting that worker's raise.

It's commonly agreed that 40 hours is a standard work week. Using that number as our base, but acknowledging that most companies paying minimum wage are not interested in giving their workers the opportunity to approach overtime, I think it's reasonable to say that the average part time worker can be expected to get around 20 hours.

I believe that the minimum wage should be equivalent to the after tax, take-home pay that is needed to pay rent for safe single-person suitable housing within reasonable transit distance from the job, and that this amount of money should be earned in under 60 hours per month (15/week). This ensures that:

1. Local business will pressure landlords to keep housing near their businesses affordable, so
2. The cost of housing will trend toward slightly above the cost of maintaining that housing, which deincentivizes profiting off of owning something you aren't using, making the cost of purchasing a home and settling in early adulthood well within the realm of possibility for your average family
3. The minimum wage is scaled according to the most expensive regional thing you HAVE to pay for, and
4. Anyone who holds any job will be able to afford safe shelter for at least long enough to find a better job or get some education, which will increase stability and reduce the homeless population using the market instead of using public services as band aids

I do acknowledge that there are some issues inherent in this, for example walmart purchasing a building and turning it into $12.50/month studio apartments in order to retain a low labor value in the area or the implications in how this impacts military pay, but the idea here is to specifically plan for regional nuance, so doing this would also involve preventing large corporate entities from buying apartment buildings.

I've believed this for a long while but I also do not feel that I know enough about politics or economics to have a reliable understanding of many facets of the situation, and I look forward to discussing it so I can adjust this view accordingly

edit:

if you start a conversation I've had 12 times already I'm just ignoring the message, sorry.

and someone asked for specific examples of what rent prices would result in what wages, so

if a standard, expected price for a two bedroom apartment is $1200, pay should be around $10 (net pay, so probably closer to $12 gross) because accommodation for one person costs $600 a month, which can be earned in 60 hours at that rate.

also, I'm going to bed soon, have work in the morning.

&#x200B;",0.0,Logical,0.2,0.4,0.8,1.5714285714285714,15.42501815075806,41.213901345291504,14
"CMV: Additional taxes on gasoline disproportionately harm those who cannot afford alternatives
Context:

>Get Ready for $5 Gasoline if You Live in California—or if You Don’t...  
>  
>Golden State laws drive up prices at the pump, and the Biden administration aims to take them national...  
>  
>Why do California drivers pay so much at the pump? Blame a higher-octane blend of taxes and environmental regulations.

via [https://www.wsj.com/articles/get-ready-for-5-gasoline-if-you-live-in-californiaor-if-you-dont-11622226479?mod=hp\_opin\_pos\_2](https://www.wsj.com/articles/get-ready-for-5-gasoline-if-you-live-in-californiaor-if-you-dont-11622226479?mod=hp_opin_pos_2)

**My view:**

Taxing gasoline is an effective, and perhaps essential strategy for any government to shift consumer behavior to alternate means of energy. The most obvious and widespread first-order effect of increasing gasoline is the cost of transportation using ICE vehicles. Governments hope that higher gasoline prices coupled with incentives on electric vehicles will result in consumers shifting to EVs over time, reducing the dependency on fossil fuel. **My view** is that in the US, raising gasoline prices before viable alternatives are ready is jumping the gun because it disproportionately hurts a family who cannot afford an EV. I believe there are better ways of spending the money than giving it to a family earning $249k

To substantiate my view, I will offer what I believe to be a more sensible counter-proposal to the expected US Federal Govt changes, which in brief are: gas taxes ($1-2 extra per gallon, and more over time), and EV incentives ($7k point-of-sale discount for those earning less than $250k) via the infrastructure plan.

1. Offer an income-scaled incentive for EVs that proportionately benefits low-earners, starting at $10k and phasing out to $1k between for those between 75k and 200k household income (which are the [50th and 90th](https://dqydj.com/household-income-percentile-calculator/) percentiles respectively). A few example values; $50k income = 10k incentive, $100k = $7k, $150k = $3k, $250k = $0. *Note: There are challenges with conflating income with wealth / purchasing power, but for the sake for this argument I will assume that's a solved problem in the proposed federal plan that uses $250k as the cutoff.*
2. Announce a plan for raising gasoline prices to $1 a gallon per year over a 5 year period, coupled with an outreach / marketing program to sell Americans on the benefits of EVs - including a calculator that illustrates their 5-year savings. I chose 5 years as the amount of time it takes to build out sufficient charger infrastructure to make EVs a viable choice for most.

Imagine 4 families in 2022:

||Proposed federal plan|My counter-proposal|
|:-|:-|:-|
|34k household income (25th %tile)|$7k incentive / $5 gallon|$10k incentive / $3 gallon|
|75k (50th)|$7k incentive / $5 gallon|$10k incentive / $3 gallon|
|125k (75th)|$7k incentive / $5 gallon|$5k incentive / $3 gallon|
|199k (90th)|$7k incentive / $5 gallon|$1k incentive / $3 gallon|
|250k (94th)|$7k incentive / $5 gallon|$0 incentive / $3 gallon|

It's a small shift, but a meaningful one.",0.1,Logical,0.2,0.3,0.9,2.2,15.575955056179776,36.230299625468206,8
"CMV: The Amazon rainforest is too integral to the health of the planet for one nation to be guardian. The Amazon should be entrusted to a global guardianship, a combo of high level forest management, and military protection to ensure its persistence and health.
Edit to add: I 'misspoke' earlier when writing the subject line. Here is how it should read:

# CMV: The Amazon rainforest is too  integral to the health of the planet for individual nations to be guardian. The  Amazon should be entrusted to a global guardianship, a combo of high  level forest management, and military protection to ensure its  persistence and health.

I think it is well established that the Amazon rainforest is integral to the health of the planet, as a carbon graveyard and heat sink; home to stunning biodiversity and cultural heritage; its loss would have unimaginably harmful global impacts.

Its survival is our survival, and a multinational coalition should step up to protect it and take guardianship, hopefully with cooperation of government (the idea being the execution of economic sanctions and threat of military force from several powerful nations would sway even someone like Bolsinaro to cave). I think this works best spearheaded by the US, but would need purchase from several other major military and economic powers.

EDIT to add: I want to clarify that I am generally 100% anti-war and/or military intervention. in fact, part of the reason i am putting this up for discussion is that i am not fully sure about it, and i do not like that, as far as i can see, this might be a rare situation where military force might be required. i am also anti-colonial, anti-racists, and pro-democracy.

Response: Thanks to everyone who contributed, PatrickKelly2012 had the biggest impact on my thinking. seems that the Amazon is not as integral as I thought. I still think it is worth preserving at all costs, but see how military intervention would counter-productive. my hope is that an international movement coalesces to and uses all non-violent means to protect all of the earth's biosphere, especially the ocean and the oldest forests.

[https://theintercept.com/2019/07/06/brazil-amazon-rainforest-indigenous-conservation-agribusiness-ranching/](https://theintercept.com/2019/07/06/brazil-amazon-rainforest-indigenous-conservation-agribusiness-ranching/)",0.5,Passionate,0.6,0.7,0.6,2.9411764705882355,13.343807365439094,41.30957318224742,0
"CMV: female dating strategy is little more than a sub for hating on and devaluing men
I lurked on there to see if there was any solid advice, but 80% of the posts I see are just people complaining about men. I got out of a several-years-long relationship on good terms a while ago and visited the sub to maybe find some tips on getting back out into the dating world. I totally get venting about a date gone wrong, or posting about not meeting someone who fits their standards, but how are people expecting to find a relationship with such a consistent negative mindset? 

Like many who post there, I also personally aim for having a partner that is socioeconomically equal to or higher than me, I work hard, have a good education, and can hold my own, I need a partner who can do the same for themselves. Doesn’t matter if they work construction or if they’re a professional streamer or what have you, I just aim for people who are doing /something/. The ridiculous standards on FDS are a little wack. Being told I /deserve/ someone with 6 figures when I myself only land in the 40k range is a bit of a reach. All in all, if the person I’m talking to doesn’t have ambitions or a sort of life plan, I kindly move on and have even remained good friends with a couple of guys I once casually dated. 

Anyway, I’m off topic. 

The downfall of the sub is they’re consistently crapping on dudes who they deem ‘below them’ for myriad reasons that don’t make much sense. If it’s not a good fit, move on, that’s someone else’s future spouse, so don’t stress about it. They tout themselves as having high standards, when in reality many posters just want someone to be ‘chivalrous’ and pay their way. A key to a good relationship is when both partners feel as though they have the better deal. Have I not lurked enough to come across decent posts? Should I post my own opinions there and risk getting dragged?",-0.1,Passionate,0.6,0.5,0.5,1.1111111111111112,10.10978917378917,64.25835897435898,6
"CMV: Fines should be based on the percentage of the offenders total wealth, not a set amount of money.
Several countries including Switzerland already do this. 

Fines are meant to be a punishment/deterrent that isn’t quite as harsh as prison time. That said, there are rich fucks here in North America that couldn’t care less about their drunken spoiled kid’s behaviour (or their own) because the fines are so insignificant. 

On top of that, many rich people from Europe and other parts of the world aren’t even aware of the stigma of paying a fine; they literally see it as “it costs $30 to litter”, “it costs $200 to go over the speed limit”, etc. (They’re technically right, but the fact that they view it that way should be a red flag that using a set amount of money as a deterrent doesn’t work on some people.)

Law-breaking is universal. Yet the effect of a trust-fund billionaire paying a $200 fine vs someone with only $500 of savings being charged with the same is vastly different. But it’s far more equal when the punishment for a small offence for both of these fellows is having to pay 5% of their total net worth. 

(5% is a number I pulled out of my ass. As long as it’s an equal percentage for everyone and not a draconian enough percentage to make jail time preferable, lawmakers could agree on a reasonable amount. **As long as it’s equal for everyone**.)

A side note I remembered when writing this: For corporations and politicians, the fines should be even more damaging. 

They get hit with fines that aren’t even based on how much they profited from the illegal activity. Like the degenerate, piece-of-shit family the Sacklers, who own the company (Purdue Pharma) that debatably started the American opioid crisis, and Canada’s by extension. 
These people conducted the NFL/Big tobacco-style propaganda campaign of “our product isn’t that bad”, paying off corrupt doctors and spokespeople to downplay how addictive opioids are, and years later when it was too late, Purdue Pharma was fined $600 million.

What a whopper, right? By this time, Purdue Pharma had raked in $31 Billion dollars. That fine was a drop in the bucket. Their bank accounts should have been *gutted* for what they did. This wasn’t a deterrent to other predatory corporate titans from trying something like this. If anything, it was a public demonstration that anything is allowed as long as your illegal activities make more profit than the expense of paying the fine. Have at it: the fine is nothing more than an expense you have to factor into your business plan. 

Back to what I said about the fines for individuals “not a draconian enough percentage to make jail time preferable”: I stand by this, but it should be the opposite for major political and corporate fines. If you’re going to abuse that amount of power, the fines should be based on:

100% of the money you made from the illegal activities + ~90% of your remaining net worth, after that fine. 

You can count the first and second section as separate: change my view!

Edit 1) a lot of people ask what would become of someone in debt or with no money. We would pay them (Just kidding). The solution to this is basing the fine on a percentage of net worth, but introducing a baseline amount that the fine cannot go any lower than. We could keep the cost  of the fines now as the level that the fines cannot go any lower than.

Edit 2) “net worth” in this context is the amount of cash the offender has, plus everything they own or own part of that can be converted into cash.

Edit 3) I’m going to stop arguing for and against a broke person paying a baseline amount of money, or not. It’s great to hear different points of view from people, but the comments are torn about 50/50 between “a single mom shouldn’t have to worry about paying the next bill due to a baseline fine; if you only have $200, losing 10 is a BIG hit!” (which, I should note, is the effect of the system we have now) and “if someone has no or almost no money, the system would allow them to do whatever they wanted and they would be free of consequences!” (Which is a good argument for a baseline amount of money the fine costs). I’ve heard both sides, I won’t be fully siding with either. 

Edit 4) No, this does not punish people for being frugal and smart with their money. If you and your neighbour both have to pay a ticket, you have $100,000 that you have in your car, your house and your kids college -and you have some cash leftover- and your irresponsible neighbour “blew $100,000 on a stupid boat”, and has no cash, you will still be fined equally. 
The boat would not be accounted for as a boat: it would be considered $100,000 in the form of a boat. 

Refer to edit 2): “net worth” in this context is the amount of cash the offender has, plus everything they own or own part of that can be converted into cash.

You guessed it: if your ‘financially irresponsible’ neighbour has to sell his boat to pay the fine, and have the extra cash left over, that’s his problem. Not yours.

Alright, I’ll edit edit 4 to include this; a lot of people are asking. 

I used the boat as an example precisely *because* it’s something that retains value. If your neighbour spent all his money on things that **don’t** retain value, like food, vacations and hookers —Things that are briefly consumed and are then gone— was the neighbour unwise with his money? Sure, let’s say he was. But since he spent all that money on things that didn’t retain value, that chunk of his net worth is simply gone. He is now at a lower networth than you are, and will still be fined accordingly. 

Edit 5) Jesus Christ. No, this punishment is not the same as “sentencing a 20-year old to twenty  years in jail vs 70-year old to only one year in jail for the same crime, because “they have more time left”. Nor do I think this is equivalent to raising all crimes to be punishable by death. You can’t buy more time, and I think the commenters suggesting everyone be sentenced to equal times of community service have a great point. 5h lost to a tech titan is 5h lost to a homeless person. (Whether or not they could have used this time to be productive to society is irrelevant. Just take it out of their free time, Einstein.)",-0.5,Passionate,0.2,0.8,0.8,1.9791666666666667,9.20010638297872,66.3077777777778,23
"CMV: Arrest records should not be made public; only conviction records should be
I was reading my local newspaper last night and every week the police department puts out a record of arrests made in the county. We're not a large county, so it's not uncommon to know someone who is ""featured"" (or at least know someone in their family/same last name). Obviously, not *everyone* who is arrested is guilty. If they're found not guilty and the crime was minor (and most are), that won't make the paper -- but their arrest already has. And given that most newspapers are published online nowadays, their names will come up in search engines as having been arrested (but you'd have to search the state court record system to find out they weren't convicted, which is much harder to do). 

People should not be convicted in the court of public opinion before they are convicted in an actual court. It's not the public's business who gets arrested. It's the public's business who is found guilty of a crime.

Change my view.",0.1,Logical,0.2,0.5,0.7,2.8333333333333335,8.880000000000003,66.4258757062147,0
"CMV: Ducks are a better pet and/or farm animal than chickens.
This is a slightly silly one, but hear me out. I love chickens, I do, but ducks take the crown. Here are my arguments:

1) They're significantly cuter. No offense, chicks, but ducklings will win every time. Even as adults they're hilarious to watch - they just stumble around all day long.

2) They might have loud quacks, but there's no crowing to wake you up at 4AM. Every morning my chickens wake me up before the sun comes up, but my ducks are chilling the entire time.

3) Their eggs are superior - typically larger, better for baking, and people with egg allergies can often actually eat them.

4) Their meat is delicious and just as versatile as chicken.

5) (Mild gore warning) Chickens will cannibalize each other if one dies and if they see blood on even a minor wound they will absolutely terrorize their former chicken friend. Once worked on a farm with pasture-raised hens that had plenty of space, no stressors, and when one chicken got a little nick on her head her companions literally pecked it further open until she had a quarter-size opening on her head and her skull was visible. She ended up dying. Meanwhile I had a duck that got a cut on his back and his companions literally did not care - he got plenty of time to heal up and they didn't peck him to death like assholes.

The only con is that they're messy, and you know what? I'll take messy over pecking each other to death.

CMV? Bonus points for convincing photos/videos of chickens doing good chicken things.",0.5,Humorous,0.5,0.6,0.7,1.2105263157894737,7.468942022852307,70.64036182818452,1
"CMV: Children enrolled in K-12 schools should have free lunch regardless of ability to pay or qualify for free lunch program.
According to Maslow’s hierarchy of needs, basic needs such as shelter, and food must be obtained in order for an individual to progress higher through the pyramid. Children who are sated have a better ability to focus on their learning instead of on where their next meal is coming from. The meals provided at school might be the only meal the child knows they are getting that day. I think establishing a school as a “safe space” for children will give them a better chance for success.

Some opponents of this idea may suggest that the financial cost is simply too much of a burden for the government or the individual school district to bear, however, programs could be implemented to ensure the lowest cost. Even though the cost would never be able to be eliminated, any expense gained could be argued that the value to the student would be immeasurable in terms of the value of their life over time. Some other considerations to consider for this issue could be some of the logistics while handling children with allergies, or children who have picky tastes, you wouldn’t want to provide them with a food that they would not eat and then just throw away – however, I think this would be a small challenge to overcome and would ultimately improve children’s food security in America.",0.3,Logical,0.4,0.6,0.8,1.4615384615384615,14.150467479674798,48.37984756097562,0
"CMV: Colleges in the U.S. only care about profits and protecting profit generators in the middle of a pandemic
Okay so, as I'm sure other sports fans have noticed, the NCAA has suspended all fall championships outside of division 1 and the Big Ten has officially opted out of the 2020 fall sports season.  Basically universities are recognizing that travel and the inevitable proximity to one another is unsafe and unpredictable.  So, to protect athletes that make them millions, they are preventing competition.  This is completely reasonable and is best practice for navigating the dangers to the health of student-athletes.  

However, they seem to take no issue with bringing in students from all across the country, and in some cases different countries, to live in highly close proximity on campus and go to massive lecture halls.  Why?  As some economists have noted, many universities without huge endowments may go bankrupt without tuition and room and board expenses being maintained by students.  So, they value their profit generators (student-athletes) and want to protect them, but health and safety is out the window if that means losing out on room and board (which would occur if the fall semester was declared online only) and tuition (many students refuse to pay the same price for an online tuition and are opting to take gap years if this is the case).   

It's certainly a financially tough situation for many schools, but should maintaining revenue truly be the driving force behind holding classes in person when big univeristies are signaling that they fully understand how unsafe travelling and being in close contact with people is at this point in the U.S.?  Further, by making this choice to have classes held in person, I believe the vast majority of universities have zero actual regard for the health and well-being of their students if it hurts their pockets.  Change my view?",-0.1,Logical,0.2,0.5,0.7,1.3333333333333333,14.558013896931097,41.531427330631175,1
"CMV: It's not ableism to exclude kids from parts of a program if they cannot properly participate.
I was reading this article: https://www.cnn.com/2021/06/18/opinions/down-syndrome-cheerleading-photo-utah-perry/index.html. and all this person seems to care about is the special needs kid's experience. 

I want to start off by saying I do not think the girl with down syndrome should be excluded from the yearbook photo for her perspective squad. If she didn't make varsity and was on the backup squad then her photo should be on the squad that her skills allowed her to participate at. Which it seems is what happened from the article. But if she couldn't do the moves required to be varsity or on any squad then they gave her a nice photo to keep for memories and published the varsity only photo. 

But the author goes on to describe his special needs son and how he was ""discriminated"" against. Like being in choir but he likes to dance and move around while the choir that practiced hard to create a show for their families has the spotlight stolen by a distraction. He says they allowed him on stage for a couple of songs but then he was told to come off stage. Which seems completely reasonable. At some point the show should be about the kids that have practiced for months and not the disabled kid dancing with a choir in the background. When are the able bodied kid's parents allowed to snap their photos for their memories if your son is not participating in line with everyone else? He even goes on to say his son is a non speaking autistic boy so he literally could not participate correctly and they still included him in a program about singing. He also states his sons dancing is a delight to all the audience members and only the teacher saw a problem with it. What a big assumption. 

He also implies disabled children should be allowed to compete in competitive sports. So how does that go? Hey we are putting in our disabled kid as defensive line can you tell everyone not to try their best so we can give him some feel good memories? Hey we are putting our disabled kid in as pitcher because he really likes throwing the ball can you not smash a homer on him? At what point is hindering 60 other people's time so that your child can be in the spotlight enough?

My daughter currently has 3 disabled children in her 8th grade classes. She says you can tell right away because they have a helper with them at all times and her classes are being constantly disrupted by the special needs kid's. She has had her hair pulled by a disabled kid. Saw two disabled kids stabbing each other with pencils to the point a resource officer had to be stationed in her math class the remainder of the year. And even has one disabled kid who soils himself and doesn't shower in 3 of her classes which heavily disrupts her ability to learn. 


I believe inclusion ends where other kids progress and hard work is being undermined. The people with disabled children seem not to care about the disruptions as long as their child gets to pretend they are normal; while my daughter has to compete in the real world where her grades and extracurriculars matter for her future. Does hurting 26 other kids future outweigh helping one disabled kid do slightly better in class? I do not believe so. 

My mom, aunt and cousin have been teaching for 20 years or more each and all of them say that teaching with 29 kids and 1 or 2 disabled kids is damn near impossible. The normal class was already challenging. Now tell kids that they have one period  to take a test while one kid screams every couple of minutes and is actively fighting his para. Tell the kids they have to get over the unrelenting smell of teenage bo and poop in their pants and just focus on taking their itbs test.

Its not ableist to exclude disruptive kids from what an entire group is doing if they cannot participate properly. Its disableist to believe that your special needs child trumps everyone else's experiences and hardwork because you think they deserve it regardless of those other children and their parents feelings.",-0.4,Passionate,0.4,0.8,0.6,1.1794871794871795,9.189109935332159,66.27918518518521,1
"CMV: The 40 hour work week is an outdated concept and needs to be lowered to 30.
I am an hourly worker in the US, so this mainly applies to the laws here, but it can apply anywhere that has similar wage laws. The basic idea behind the 40 hour work week was great when it was adopted, and it has given us a solid foundation to build off of in regards to overtime pay. However, people seem to forget that it is an arbitrary number that is only moderately connected to how we live our lives.

The premise is that we should have 8 hours for work, 8 hours for home, and 8 hours for sleep. That, of course, doesn't take into account a lot of what goes into the wotk day. First, there's the unpaid half hour or more for lunch. Second, there's the commute that for me can average 45 minutes each way, but for some people it's even more than that. Already, that's 10 hours centered around work instead of 8, and that doesn't even take into account a lot of the unpaid work that people do off the clock like receiving calls or answering emails at home (this happens way too often and everyone is too afraid of negative consequences to refuse to be available after hours).

This is happening at the same time as people are worrying about automation and the future of the labor force. Concepts like a universal basic income are pretty radical and could be a necessity in the future, but I think they skip past a much simpler solution to keep people employed, that being shortening the work week. 

I know that France already has a 35 hour work week, but I think that it should be shortened to 30. This could mean five 6 hour days, or four 7.5 hour days, or even three 10 hour days (although I used to live in a state where anything over 8 hours was considered overtime regardless of how much you worked the rest of the week. I still like that concept but will give it up in favor of this change). Some businesses would still want workers to put in more hours than that and would pay the overtime, but others would have to hire more workers to make up the extra time. 

This would work best with a strong increase to the national minimum wage so that workers whose hours get cut wouldn't necessarily see a huge pay cut, as well as a universal health care system so that companies don't play the ""cut worker's hours to avoid paying benefits"" game. We also have to have a conversation about salaried employees and contract/self-employed work to make sure that companies don't circumvent hourly wage laws through those loopholes.

I'm sure this will be met with a ton of resistance from business owners, but we live in a society, and workers need to be able to live, and also have time to live. I'll change my mind on this if it's entirely economically unsound, or if there's a better way to go about it.

EDIT: For clarification, this would not automatically limit people to 30 hours, just that overtime would kick in at anything over 30 hours instead of 40. Also, thanks to the great discussion here I'm rethinking this a bit due to the vast differences there are in how, where, and when people work.",0.3,Logical,0.4,0.3,0.8,1.054054054054054,11.463154893886603,59.34819765600257,5
"CMV: Legislative bodies should be required to explain, in formal writing, why they voted a certain way when it comes to legislation.
I think publicly elected officials responsible for driving policy and legislation should be required to explain why they vote certain ways in writing. Voting along party lines is reprehensible regardless of the side. Politics shouldn't be a game about which side wins, but rather which fact-based opinions win regardless of sides. If the legislative bodies have no reasonable explanation for why they voted a certain way besides voting along party lines, they should not be allowed to vote because we have no reason to believe that they're not voting out of self-interest. If, for example, someone in Congress voted against what seems to be reasonable gun law without explanation, but you can see in their financial disclosure that the NRA contributes a lot of money and support for them, how are we to know that their vote was not influenced by the NRA without them explicitly citing so and explaining what other reason compelled them not to vote for said reasonable legislation? I'm not even asking for a long written response from them. A short paragraph or page summary with sources they're using to base their vote on is good enough. ",0.0,Logical,0.1,0.5,0.7,1.6666666666666667,13.629430751173711,44.76837147887326,1
"CMV: Dragonflys are significantly doper than spiders
I know reddit is fairly enamored with spiders (/r/spiderbro, etc.), but I think dragonflys are doper.

I define dopeness in this context as the combination of net benefit to humans, coolness of abilities, and ~~ability to fly~~ beauty.

The last two categories are obviously subjective, but arguable through examples and stuff.

Feel free to argue for a different definition of dope.

**I believe dragonflys are doper than spiders (under this definition) because they:**  
1. Eat pests just like spiders, but without killing humans  
2. Fly around like a fuckin snitch from Harry Potter, have 4 wings, are super fast, and [can predict the flight path of other bugs to intercept them midair](https://www.newscientist.com/article/dn26684-dragonflies-anticipate-their-preys-flight-path/
).  
3. [Look](https://upload.wikimedia.org/wikipedia/commons/0/03/Sympetrum_flaveolum_-_side_%28aka%29.jpg) [really](https://pixabay.com/get/ea31b4092bf5063ed1534705fb0938c9bd22ffd41cb2184794f9c178a0/dragonfly-3456317_1920.jpg) [fucking](http://cdn.sci-news.com/images/enlarge4/image_5082e-Dragonfly.jpg) [cool](http://www.redbudaudubon.org/wp-content/uploads/2017/03/1-Flame-Skimmer-Dragonfly.jpg).",0.4,Humorous,0.1,0.5,0.7,2.0,9.38655913978495,52.30539426523299,0
"CMV: A man who didn't asked to be victimized, should not have his past brought into the public spotlight
Dr. David Dao, an Asian doctor, was beaten and victimized on an United Airlines flight the other day. After such events took place, the New York Post took advantage of this situation to look through Dao's personal record and history.

The New York Post released this article: http://nypost.com/2017/04/11/doctor-dragged-off-flight-convicted-of-trading-drugs-for-sex/, stating that the doctor was previously convicted of trading drugs for sex. How is this mature? Why is this okay? This article should not be in the public's interest and the doctor was already treated wrongly, with videos of him being victimized all over the internet, why are we putting information out there that doesn't need to be? This is ridiculous. 

So, why should we allow these popular news networks to put information out there to further mess with this man? Clickbait has gone too far...
_____

> *This is a footnote from the CMV moderators. We'd like to remind you of a couple of things. Firstly, please* ***[read through our rules](http://www.reddit.com/r/changemyview/wiki/rules)***. *If you see a comment that has broken one, it is more effective to report it than downvote it. Speaking of which,* ***[downvotes don't change views](http://www.reddit.com/r/changemyview/wiki/guidelines#wiki_upvoting.2Fdownvoting)****! Any questions or concerns? Feel free to* ***[message us](http://www.reddit.com/message/compose?to=/r/changemyview)***. *Happy CMVing!*",-0.3,Passionate,0.1,0.8,0.4,1.0769230769230769,7.122598130841123,69.40760436137072,1
"CMV - It's immoral that the wealthy can hire better lawyers.
Justice should be impartial whether you are rich or poor. But wealthy companies and individuals can afford better lawyers. In practice, this means they are treated more leniently by the justice system. 

Wealthy individuals can get away with crimes more easily than others. The poor are more likely to be wrongly convicted. 

Wealthy companies can also use their better lawyers and deeper pockets to bully smaller competitors in lawsuits. 

I'm not sure what a more just solution would be. 

Maybe lawyers should be required to face off against lawyers with similar records, like seeding in sports tournaments. This would remove the comparative advantage of Mr Moneybags hiring a top lawyer against a third rate defence/ prosecutor and buying better justice.",0.1,Logical,0.1,0.6,0.7,2.4444444444444446,9.086153846153849,53.073846153846176,0
"CMV: The stock market is hardly a step above casino gambling and negatively influences companies who they support. (r/WSB’s opinion encouraged!)
I’m a layman when it comes to the world of Wall Street, but my current disposition from the outside looking in includes several criticisms. I know there are plenty more knowledgeable people on the subject around so here are my points of contention:

1.	**Reliability of success** - How is the stock market any different than a casino? Sure, you can arguably make as educated of a guess as possible based on all sorts of information, but at the end of the day a share’s value is constantly at the mercy of any unforeseen event that could decimate that value at any moment. We’ve all heard the story of the literal monkey that created a portfolio that outperformed actual ‘experts’ in the field. 
2.	**Shareholders have a negative influence on the actions of a company** - while investors provide the financial means of expansion and innovation that looks great on paper, I believe they more often than not become a pervasive influence on the direction and accountability many companies hold themselves to. Catering to investors over the benefit of the consumer/end user is a scale tipped completely in the wrong direction. It encourages companies to feign success and assure infinite growth in the interest of securing immediate unearned funding. 
3.	**The consequences of trading are not limited to those taking the risk** - A business can be the livelihood of thousands of real working people with families to feed and provide for. What happens when that business leans too heavily on it’s value on the charts? Does this not place the outlook of an entire workforce and their loved ones in the hands of a group of traders whose commitment only exists if there’s a buck to be made?

For these reasons, I view the entire stock market operation as a glorified casino for those with more time and money than sense. A slot machine that potentially puts people’s jobs at risk making the act of frivolous trading arguably unethical in some cases. 
I realize that an argument can be made for the contrasting positive side to some of the points I’ve mentioned (e.g. The stock market can enable a business to prosper and support families just as well as they could hurt them) **but ultimately my view is that the stock market and its effects are more negative than positive.**",0.2,Logical,0.2,0.5,0.8,1.2083333333333333,12.603699122680858,47.55172443549549,5
"CMV: The military budget of the US is unnecessarily large, and the militaristic goals of the US can be achieved with less funding
It is my view that the US can achieve their militaristic goals with a significantly reduced military budget. According to [these numbers](https://en.wikipedia.org/wiki/List_of_countries_by_military_expenditures), the amount spent by one country approaches half of the world's total military expenditures. When you consider the percentage of GDP spent on military, the US at 3.3% is fairly average in spending, but with the astronomical margin in GDP between the US and the rest of the world, US military spending is miles beyond any other country and the disparity seems unnecessary. 

Taken from their [wiki](https://en.wikipedia.org/wiki/United_States_Army) the purpose of the US Army is...

* Preserving the peace and security and providing for the defense of the United States, the Commonwealths and possessions and any areas occupied by the United States
* Supporting the national policies
* Implementing the national objectives
* Overcoming any nations responsible for aggressive acts that imperil the peace and security of the United States 

Those goals can be achieved with substantially less military funding. CMV. 

edit: My view was changed largely by the fact that the purpose of the US military is far more broad and essential to the current geopolitical landscape than I understood. Also several comments regarding past innovations of the military and a breakdown of why the US military costs more than that of other countries received deltas. 
_____

> *This is a footnote from the CMV moderators. We'd like to remind you of a couple of things. Firstly, please* ***[read through our rules](http://www.reddit.com/r/changemyview/wiki/rules)***. *If you see a comment that has broken one, it is more effective to report it than downvote it. Speaking of which,* ***[downvotes don't change views](http://www.reddit.com/r/changemyview/wiki/guidelines#wiki_upvoting.2Fdownvoting)****! Any questions or concerns? Feel free to* ***[message us](http://www.reddit.com/message/compose?to=/r/changemyview)***. *Happy CMVing!*",0.3,Neutral,0.3,0.2,0.8,3.1,12.915117056856186,43.43314381270906,6
"CMV: Trans people should disclose that they are trans before sleeping with someone

Cards on the table, Although I don't feel like i have a bias against trans women I would feel ""ashamed"" if my friends found out. As if I was scared of the ridicule and opinions of others. 

It's also hard to say that I'm not attracted to them because I'm a straight male and I do believe if a man wants to transition to a woman because that's who she is and that's what is inside her, then that person is a woman, but personally I don't ever want to sleep a person who used to be a man. 

You probably won't see me marching in unity for them, but neither would I counter protest them for wanting to be treated more fairly and equally.

All I know is I would be mentally and emotionally disturbed if I slept with a woman only to find out the next day she used to be a man. Nothing against trans people but it's not for me. Unless it was Brittany Daniel from It's Always Sunny in Philadelphia


EDIT: Whoa, so this exploded a bit. Its given me a bit of time to think. Im not sure if I'm allowed to rescind a delta or not, but spoiler alert, I would if I could.
I played a bit of devil's advocate, and I recognise my language may have been a bit triggering in the initial post. However reading a lot of this hearty debate has helped me compile many of my thoughts on the entire Trans debate. Thank you.",0.1,Passionate,0.3,0.7,0.4,0.7857142857142857,9.914558972625887,67.53631294356204,0
"CMV: Pet ownership should be strictly regulated and licensed; a prospective owner should be required to demonstrate their ability to care for an animal before a pet license is granted and an animal is purchased or (ideally) adopted.
Hi folks.

I think it's commonly acknowledged that many pet owners are not fit to properly care for their animal.

Quite aside from active abuse, there is significant passive abuse that has been normalised in western cultures, e.g.:

* Leaving co-dependent pets locked alone in small spaces for much of the day
* Providing poor quality, excessive or insufficiently varied diets
* Providing insufficient mental or physical exercise
* Raising animals in conditions that are antithetical to their natural environment (this is a little subjective, perhaps)
* Selling or giving away co-dependent pets when they no longer ""fit for purpose""

So my dangerous idea, that seems to be quite unpopular amongst everyone I've talked to, is that pet ownership should be regulated and licensed in much the same way as human adoption. It seems odd to me that we bring these animals into our lives to raise them, essentially, as our children, but we don't seem to confer on them the same living conditions as we would a child.

This view does not necessarily cover service or working animals, that's a whole different matter.

Why do I want my view changed? Two reasons:

1. I have locked horns with some of my pet-owning friends about this; their argument being that such regulations would restrict their freedom to own a thing that they want (which is precisely the point). I want to understand where they're coming from, and either they don't have the patience to articulate it in terms I can understand, or I don't have the patience to understand how they've articulated it. I'm not sure which.
2. I would really love to get a dog or cat as a companion animal, but as a city dwelling, working single person, I feel very far from being able to morally do so considering the above. If it were my job to set the terms on which a ""pet license"" is granted, my current lifestyle (and that of most city-dwelling single folks) would not pass muster. **That said, please keep in mind that my CMV appeal is about the wider issue of pet ownership, not my view that I shouldn't get a dog**.

Thanks for reading, I'll try to engage as best I can. :)",0.4,Logical,0.4,0.6,0.7,2.1739130434782608,12.916790123456792,50.54555555555558,0
"CMV: America should switch to rank-choice voting because it would drastically improve the nation
Rank-Choice voting would make current politics significantly better and it should be implemented. My evidence for rank-choice voting being an overall extreme net-positive can probably be summed up in a few points.(1) **Citizens vote for who/what they want, they don't have to compromise**. With the current voting system you can't always vote for the candidate you want most. If you want the candidate you vote for to win, you have to pick one that you know has a chance of winning (EX: You prefer Jo Jorgensen's policies but because you don't deal with Trump's policies you vote Biden to ensure at least some policies you like are enacted and he has a better chance of winning). This leads to a disconnect between what people want to vote for and what they actually vote for, which is damaging and dangerous. Rank-Choice voting eliminates this problem by allowing you to rank which candidate you want, from best to worst. This allows you to vote much more closely for candidates that align with your beliefs, without the worry of ""wasting your vote"".

(2) **American Politics will become significantly less polarized and be more efficient.** If rank-choice voting is implemented, candidates that are more center will inherently become more likely to win the election. Case in point, Millions of Republicans would have prefered someone moderate before Biden. The same is true for the other side of the political aisle. Therefore, if rank-choice voting was implemented there would be a very good chance that a moderate would be elected, which would more accurately reflect the US population, and we wouldn't have a president that has policies that half of the population seriously disagrees with for 4 years. The discussion would then likely shift to how to compromise on issues, rather than vilifying the opponent. And then politicians would also have more incentive to appeal to the public's opinions, rather than the parties opinions, making American politics more democratic. Candidates would spend less of their time undoing each other's actions (EX: Trump removing Obamacare, Net Neutrality, among other things partly because they were Obama's policies) and would instead spend that time on more important issues.

(3) **Rank choice voting will probably be more complicated and take longer than first past the post, but these drawbacks are worth sacrificing for a stronger democracy and more unified nation.** This is the only criticism I've heard for this voting system and it doesn't seem to be worth considering if the benefit is voting that more closely aligns with public opinion and a less polarized political system.

Very interested to hear if there's reasons as to why America shouldn't implement rank-choice voting, because I am completely blind to any reasons I think are legitimate.

&#x200B;

Edit: Well apparently this post blew up while I wasn't looking. I'll try to respond to more comments later today and see if I can understand them",0.3,Logical,0.1,0.4,0.8,1.0,12.558525345622119,47.09231182795702,5
"CMV: Religion should not be able to be used as an excuse not to vaccinate a child who is being sent to public school
As a current high schooler, I have just come to the realization that many kids at my school were not fully vaccinated as children. Despite the fact that these families had no religious objection to vaccination, they were able to write it off as such, and were allowed to send their kids to public school without the required vaccinations. Essentially this loophole opens the door to any anti-vaxxer, regardless of their actual religious beliefs. Aside from this, I don’t think religion should function as a valid exemption in the first place. As far as I know, the first amendment freedom of speech is restricted when you put others in danger. For example, the first amendment does not protect shouting “fire” in a crowded, public place. Similarly, the first amendment should not protect religion when it puts others in danger. Children who can’t be vaccinated because of health complications are put at risk by unvaccinated children. Therefore, the same precedent should apply. If parents don’t want to vaccinate their children for religious reasons or not, then fine, but don’t complain when they either die or are refused from attending public school.

Edit: Everyone go look at the article about the chickenpox outbreak in NC that’s on the front page from r/news ",-0.2,Logical,0.3,0.6,0.8,2.3636363636363638,10.809782439782442,55.45087412587412,0
"CMV: Medicare For All isn’t socialism.
Isnt socialism and communism the government/workers owning the economy and means of production? Medicare for all, free college, 15 minimal wage isnt socialism. Venezuela, North Korea, USSR are always brought up but these are communist regimes. What is being discussed is more like the Scandinavian countries. They call it democratic socialism but that's different too.

Below is a extract from a online article on the subject:“I was surprised during a recent conference for care- givers when several professionals, who should have known better, asked me if a “single-payer” health insurance system is “socialized medicine.”The quick answer: No.But the question suggests the specter of socialism that haunts efforts to bail out American financial institutions may be used to cast doubt on one of the possible solutions to the health care crisis: Medicare for All.Webster’s online dictionary defines socialism as “any of various economic and political theories advocating collective or governmental ownership and administration of the means of production and distribution of goods.”Britain’s socialized health care system is government-run. Doctors, nurses and other personnel work for the country’s National Health Service, which also owns the hospitals and other facilities. Other nations have similar systems, but no one has seriously proposed such a system here.Newsweek suggested Medicare and its expansion (Part D) to cover prescription drugs smacked of socialism. But it’s nothing of the sort. Medicare itself, while publicly financed, uses private contractors to administer the benefits, and the doctors, labs and other facilities are private businesses. Part D uses private insurance companies and drug manufacturers.In the United States, there are a few pockets of socialism, such as the Department of Veterans Affairs health system, in which doctors and others are employed by the VA, which owns its hospitals.Physicians for a National Health Plan, a nonprofit research and education organization that supports the single-payer system, states on its Web site: “Single-payer is a term used to describe a type of financing system. It refers to one entity acting as administrator, or ‘payer.’ In the case of health care . . . a government-run organization – would collect all health care fees, and pay out all health care costs.” The group believes the program could be financed by a 7 percent employer payroll tax, relieving companies from having to pay for employee health insurance, plus a 2 percent tax for employees, and other taxes. More than 90 percent of Americans would pay less for health care.The U.S. system now consists of thousands of health insurance organizations, HMOs, PPOs, their billing agencies and paper pushers who administer and pay the health care bills (after expenses and profits) for those who buy or have health coverage. That’s why the U.S. spends more on health care per capita than any other nation, and administrative costs are more than 15 percent of each dollar spent on care.In contrast, Medicare is America’s single-payer system for more than 40 million older or disabled Americans, providing hospital and outpatient care, with administrative costs of about 2 percent.Advocates of a single-payer system seek “Medicare for All” as the simplest, most straightforward and least costly solution to providing health care to the 47 million uninsured while relieving American business of the burdens of paying for employee health insurance.The most prominent single-payer proposal, H.R. 676, called the “U.S. National Health Care Act,” is subtitled the “Expanded and Improved Medicare for All Act.”(View it online at http://thomas.loc.gov/cgi-bin/query/z?c111:H.R.676:) As proposed by Rep. John Conyers (D-Mich.), it would provide comprehensive medical benefits under a single-payer, probably an agency like the current Center for Medicare and Medicaid Services, which administers Medicare.But while the benefits would be publicly financed, the health care providers would, for the most part, be private. Indeed, profit-making medical practices, laboratories, hospitals and other institutions would continue. They would simply bill the single-payer agency, as they do now with Medicare.The Congressional Research Service says Conyers’ bill, which has dozens of co-sponsors, would cover and provide free “all medically necessary care, such as primary care and prevention, prescription drugs, emergency care and mental health services.”It also would eliminate the need, the spending and the administrative costs for myriad federal and state health programs such as Medicaid and the State Children’s Health Insurance Program. The act also “provides for the eventual integration of the health programs” of the VA and Indian Health Services. And it could replace Medicaid to cover long-term nursing care. The act is opposed by the insurance lobby as well as most free-market Republicans, because it would be government-run and prohibit insurance companies from selling health insurance that duplicates the law’s benefits.It is supported by most labor unions and thousands of health professionals, including Dr. Quentin Young, the Rev. Martin Luther King’s physician when he lived in Chicago and Obama’s longtime friend. But Young, an organizer of the physicians group, is disappointed that Obama, once an advocate of single-payer, has changed his position and had not even invited Young to the White House meeting on health care.” https://pnhp.org/news/single-payer-health-care-plan-isnt-socialism/",0.0,Neutral,0.3,0.2,0.9,2.689655172413793,11.911767196860154,40.88743648006613,9
"CMV: Jim Halpert from The Office is an asshole.
*Edit: oh holy shit. When I went to bed this thing had like ten comments and fifty upvotes. Not a whole lot of attention and I figured I could deal with whatever else trickled in overnight once I woke up. At 350 comments that is well beyond my ability to do. I'll try to address as many as I can but sorry if I don't get to yours. And glad so many of you like this topic!*

*Edit 2: Okay this is completely untenable for me at this point. I've awarded two deltas so far and very well might find some more to hand out screening through other comments, but I'm just playing wack-a-mole at this point. I can't write fast enough to address everything that's already here, much less keep up with the rate of new replies. If you're just coming to this conversation now I recommend you hop on one of the existing comment chains rather than reply to me directly, at least if you're looking for a prompt response.*

In lockdown I've been re-watching The Office (US) for like the tenth time and it's just occurring to me that Jim is kind of a dick.  I think it's easy to miss because he's written to be one of the protagonists of the show, he makes us laugh, and he is, comparatively, one of the few sane/""normal"" people in the show. But lets review:

1. He nurses an obsessive crush on Pam for the first few seasons despite her being engaged to someone else. Sure, Roy is a bigger dick and ""not right"" for Pam, so we all root for him anyways, but this is textbook not cool behavior. You don't crush on someone elses SO. 
2. He pursues and invites Katy to the booze cruise and then dumps her on the cruise when she didn't really know anyone there. Like you don't have to be with her but jfc man work on your timing. Dumping someone in public while they're trapped on a boat with your coworkers is trashy. 
3. He reports Pam to HR because he's jealous she's with Roy. 
4. Jim and Pam's first (sober, at least) kiss happens after Jim tells Pam how he feels about her and Pam shoots him down, stating that they can't be together and that he misinterpreted signals. Jim has every right to be heartbroken about this, and should go his own way and leave her alone. What he actually does is follow her back into an empty office and kiss her without obtaining consent and directly disregarding that she told him she wasn't interested moments before. 
5. As a result of being shot down he literally moves branches to go mope. Think about that. ""I like a girl and she doesn't like me so I literally can't stand to be in an office with her."" That's not normal behavior. 
6. He then gets intimate with Karen despite still clearly being in love with Pam, strings her along down to Scranton then gets upset that she's living ""too close"" to him, and then dumps her in Manhattan despite being her ride and drives back to Scranton to try to get with Pam. 
7. He lies. A lot. These range from everything from little white lies about why he can't come to work to big lies like trying to cover up that Michael is dating Pam's mom. 
8. He didn't come to Pam's art show. Roy, Oscar, and Michael managed to, and Michael was the only one who was nice about it. Jim knows damn well art is a dream and a passion of Pam's and yet didn't make any time to come support a huge break in that dream. 
9. Pettily refused to get Dwight some beer and pizza after Dwight helped get Jim's kid to sleep. 
10. Bought a house ""for"" Pam without asking her. You can buy someone lunch or some jewelry without asking them. You don't make hundred-thousand+ dollar decisions without consulting your SO. 
11. Similarly, he takes the Athlead job without consulting Pam at all either even though it'll impact her majorly. Meanwhile when Pam does something big after properly consulting Jim (like going to art school) he makes a big mopey deal about it. 
12. ~~Invests $10,000 in Athlead without consulting Pam. Also Pam finds out Jim is planning to move to Philly from the frigging receiptionist at Athlead.~~ https://www.reddit.com/r/changemyview/comments/fteofd/cmv_jim_halpert_from_the_office_is_an_asshole/fm9y9n0?utm_medium=android_app&utm_source=share
13. Despite living with Pam for quite a while he only starts to act like an adult and actually clean up after himself when he's living with Darryl and because Darryl wants him to. And of course he bails on Pam and Cece during all of this, leaving her to raise their kid alone, stating that he kind of enjoys living the bachelor life again. 
14. Misses Cece's dance recital.  
15. He's generally just a snarky and sarcastic asshole. 
16. This one is a big one for me because it's one of the things people love the most about Jim: his pranks. Again, they make us laugh, so sure, they're harmless. But a good prank is supposed to make the pranked person laugh too. Jim doesn't do this. He pranks people in ways that upset them (often greatly) and does so for his amusement and the amusement of others. That's not pranking, that's bullying. And this is exacerbated by the fact that his three primary targets for pranks are Andy, Dwight, and Michael, all of whom are social oddballs and seemingly suffer from undiagnosed mental disorders. Again, this is the behavior of a bully, not a harmless prankster. 

This is a non-comprehensive list. I'm sure others could think of more. 

CMV",0.4,Logical,0.4,0.6,0.8,0.7837837837837838,7.232289386006666,74.13719181342219,4
"CMV philosophy should be a mandatory subject in public schools, taught from elementary to highschool and is equally if not more important than the other liberal arts disciplines (English, history, etc)
Philosophy doesn't teach what to think, merely how to think better.  How to analyze arguments and see their merits and flaws.  It can also give everyone a baseline understanding of concepts so people with differing views can have meaningful conversations.  For example, in America, President Obama has been labeled some form of socialist/Marxist throughout his presidency by his political opponents.  I understand this is merely a scare tactic used to rile up the conservative base.  However this tactic would have been impossible if everyone had been required to have a rudimentary understanding of Karl Marx's theories.   Love him or hate him Obama was certainly no hero of the proletariat.  If a goal of public education is to produce citizens capable of critical thinking, there is no better discipline to master. 

Philosophy translates to other fields, more so than most of not all other academic disciplines.  This can allow students to find some aspect of philosophy to engage in that they will enjoy.  The notion that theories have to be falsifiable in order to be considered science is a philosophical idea (introduced by Karl Popper). Many of the ideals that America was founded on were based on the works of influential philosophers.  Freedom of religion (arguments) come from John Locke.  Freedom of speech (arguments) from John Stuart Mill.  

Most of the important questions that we as a society wrestle with are philosophical questions.  What role should government play in society, what is justice/fairness.  What laws ought we have, what values ought we hold.  Obviously having a background in philosophy won't automatically lead to agreement, but it will give us a better way to think about these issues and allow people to draw much more well reasoned conclusions.

Edit 1. I'm having a great time discussing this with everyone.  It got way more traction than I was expecting.  It's 5am for me and I gotta try to get to sleep.  I'll try to respond to everyone who leaves a comment but I won't be able to reply at all for a few hours.  Thanks everyone.

Edit 2.  I just want to clarify because I know it wasn't clear from my original post.  Elementary school is a pretty big timeline.  I think those who say 6 might be too early to try to talk about Philosophy may have a valid point.  I'm no early education expert.  That being said based on my experience as a child, I think anywhere from 10-12 would be a perfectly reasonable age to start.  Right around 4th - 5th grade. 

Edit 3. I am in no way advocating for any particular curriculum, or any particular works or philosophers be mandatory reading. Only that there should be something, people a lot smarter than me can create the actual curriculum.  And on a similar note, i am also not saying advanced concepts need to be taught from day one.  Math starts with knowing numbers, then counting, then addition/subtraction.  Then multiplication/division etc etc. The same way we don't start kids out with the quadratic formula, we don't need to start out with the most advanced philosophic arguments/concepts.

Edit 4. I regret bringing up the name of Karl Marx.  This has become a much bigger distraction to my main point than I ever intended.   For anyone new to this post, if you have specific issue with Marx, please note that I was just trying to give an example.  I'm not saying Marx should or shouldn't be taught by anyone at anytime.   Nor was I trying to make any statement about the merits of Obama's policy.  Only that based on an understanding of Marxist philosophy, Obama is not Marxist.  And anyone saying he is, shouldn't be taken seriously.",0.4,Logical,0.2,0.3,0.8,1.6666666666666667,9.736373605596523,53.27754963131028,0
"CMV: The average American would lose to a Goose in a fight
Hi all, [after reading this link](https://www.google.com/amp/s/www.thelondoneconomic.com/lifestyle/eight-per-cent-of-americans-think-they-could-beat-an-elephant-in-a-fight-269759/%3famp) I put a lot of thought into the average American’s fighting ability unarmed and found them… wanting. Now I know there have been no goose related deaths of a human on record (only two from mute swans as far as water foul goes) but there seem to have been plenty of broken bones anecdotally, and I’ve seen enough warnings about being wary of geese.

I am having trouble finding exact data on geese related injuries, so that is one way I could have my mind changed. If the data shows a clear record of man winning in unarmed fights, that would be fairly strong evidence.

I do think the *average* person has the sense to run from an approaching goose though, which could skew the data toward those not living in fear of our waterfowl overlords.

At the very least an American has no chance against a flying goose that attacks first, they can fly up to 60 mph, that hit alone from a dive bomb would take out the average man.

Anyway, change my mind! Make me feel safe from these feathery tyrants!

Edit: it’s been 3 hours, and I must work. I may be back to answer later.

Arguments I have already awarded deltas for:

1. Flying attacks are not a thing

2. Geese are very different from swans.

3. Videos of geese being beaten by average looking people

Edit: 4:30pm holy cow that’s a lot of responses, I am back.

Want to clarify I did say no weapons. Only unarmed.

I do consider backing off to be a loss so not necessarily to the death here.",0.5,Humorous,0.1,0.5,0.7,1.0476190476190477,8.221652874564462,68.06606816202093,4
"CMV: Corporations should be banned from buying single family homes unless they plan to tear them down and build multiple apartments.
Blackrock and companies like them have been buying up most of the available single family homes and then renting them out at exorbitant prices. 

Rising interest rates will only make the issue worse as the only people who can buy will be cash buyers and corporations. They’ll get the deal of a lifetime and force many of us to rent indefinitely.

I believe we should ban corporations from buying single family homes unless they’re buying the homes to tear them down and build multiple apartments (increasing overall housing supply). 

New sales should be halted immediately and existing homes would have to be sold or redeveloped over time to avoid tanking the market immediately.

EDIT: Adding a bit of clarification so I don’t keep repeating myself:

Managing a supply of single family homes for rental could be handled with a permitting process like Airbnb’s in some metropolitan areas.

If you want to rent out a home you own, you need a permit with a cap on how many can be given out. If you can’t get a permit, either sell the property to someone who wants it as their primary residence or redevelop it into a multi-tenant building.

The permitting process could favor individuals with only 1-2 properties over landlords with dozens / hundreds.

This would obviously drive down housing prices but that’s the point — if someone has the means to own their own home they shouldn’t have to outbid Blackrock or their town’s landlord to do it.",0.1,Logical,0.1,0.6,0.8,3.0,12.349771876064015,49.753237997957115,2
"CMV: we should stop throwing around the term ""socialism"" in mainstream American political discourse
I believe ""socialism/socialist"" is a fuzzy term, at best, that often derails what could otherwise be useful political debates in the United States. When people on the political right say ""socialism,"" they typically have in mind a poorly-run welfare state at best and brutal totalitarianism at worst. I realize this is due to lingering effects of the Red Scare and our right-biased Overton Window, but it is the case regardless. On its own, this should be enough to discourage the use of this term if only one side of a debate really knows what it means, but I think it goes deeper than that.

I also find that liberals and people who lean politically left in the US often have a fuzzy conception of ""socialism"" as well. They tend to lump AOC, Bernie Sanders, and Nordic countries all under this ""socialist"" umbrella, when what all of these have in common is *social democracy*, not socialism. Places like Sweden and Norway operate with capitalist economies and most of what AOC and Bernie push for is completely compatible with capitalism, albeit in a modified form.

What I think is happening is that when people say ""socialist"" in the positive sense in the US, what they probably mean is *Keynesian* (i.e., the government doing stuff). That is, the focus tends to be on the role of government and social programs more than workplace power dynamics (e.g., labor vs. the owner class) and the fundamental incentive structure of the economy. To my understanding, basic socialist ideology is agnostic to the role and structure of government, ranging from radically democratic to decidedly-NOT democratic (hence why the left tends to split off into so many factions).

I am not merely making this argument from the abstract ""words mean things"" stance (though this does partially motivate the argument because, of course). Controversy and lack of clarity have real world impacts on public views and political behavior. For instance, Americans broadly support progressive, social democratic labor laws, such as expanding the power of unions ([https://www.filesforprogress.org/memos/labor\_unions.pdf](https://www.filesforprogress.org/memos/labor_unions.pdf)), whereas most Americans by and large tend to dislike things that are labelled as ""socialist/socialism"" ([https://news.gallup.com/opinion/polling-matters/287459/public-opinion-review-americans-word-socialism.aspx](https://news.gallup.com/opinion/polling-matters/287459/public-opinion-review-americans-word-socialism.aspx)). 

In conclusion, I am not arguing for the literal censorship of the word ""socialism."" Furthermore, I understand that words and concepts morph over time; however, I would argue that in the US ""socialism"" has evolved into splintered meanings, depending on political community, without consensus, making it a bad word for political debate. Thus, I am making a pragmatic argument -- we should avoid using a term in our discussions and debates that is misunderstood, loaded, and, in my opinion, beyond salvaging in our political context.

Change my view.",0.1,Logical,0.4,0.3,0.9,1.896551724137931,14.122359882005899,38.53793018682401,0
"CMV: Maternity and Paternity leave should both be mandatory and equal in all aspects
CMV:

&#x200B;

I know from several people i know that they actively (though secretly) discriminate against women aged around 25-35 when it comes to hiring new job applicants. The reason (at least the stated reason) being that they worry they will become pregnant and take months of paid maternity leave, so will, all things being equal, prefer to hire a man or a woman of a different age, to avoid that possibility. The thing is...this seems perfectly reasonable, most women will have a kid somewhere in that age bracket and they will take time off from work- and rightly so, we *should* be supporting women and by extension the next generation, to have a healthy and happy childhood.

The thing is that it seems to me that if the same onus fell on men and they were required to take time off work for children of which they are the legal parent, then workplaces would have one fewer (and presumably a very significant one) reason to discriminate against women in the hiring process.",0.2,Logical,0.2,0.5,0.8,1.7,16.60134759358289,42.65260962566849,1
"CMV: Any opposition to the Covid vaccine is almost entirely political, and not at all based on science and medicine
I hold this view because EVERY source I've seen that casts doubt on the safety or efficacy of the Covid vaccine goes right back to right-wing politics. They're political sources, they're published on political websites, they're bloggers who also post right-wing political view. 

Any non-political source I've found is clearly in support of vaccines. 

I want my view changed because I do try to look at both sides of an issue. I do want all the information about a topic, especially in regards to mine and my family's health and safety. And if nothing else, I want to be able to respect the views of friends and family who feel otherwise. I would love for it to simply be a difference of opinion that's intelligently based in reality.

Edit- i would add that any irrational, non-credible reason would be included with political, even though I only specified political. Whether it's fear, conspiracy, or anything along those lines

Edit 2- ok I've spent way too much time on this. I'm getting a lot of the same uncited talking points I've seen over and over again, and I'm noticing more and more conspiracy theorists jumping in. I will try to continue to read replies, but I won't comment unless it's awfully compelling.",-0.2,Logical,0.4,0.3,0.7,1.0476190476190477,11.188023715415017,52.09140316205534,0
"CMV: Obi Wan Kenobi might not have been the strongest or most powerful Jedi, but he was the Jedi MVP
Almost everything Obi Wan did, he did right. The only mistake he really made was not seeing what was happening to Anakin earlier and failing to stop it. Other than that, he's accomplished more than any other Jedi. He defeated the first sith seen in a thousand years after it killed his master. He trained two of the most powerful jedis of all time. He dedicated the rest of his life after order 66 to protecting Luke Skywalker. He defeated general grevious when no one else could. He found he clone army. He defeated and maimed Anakin so badly in their duel that he was way less powerful and was not able to reach his full potential. In addition to all of this, he is one of the few Jedi shown to truly embody the Jedi code. He never let his feelings cloud his judgement (unless you count sparing Anakin, but it can be argued this was the Jedi way). The only jedis who come close to beating obi wan for MVP are Yoda and Mace Windu. However, neither of their accomplishments overshadow Obi Wans. Obi wan truly is the Jedi MVP.",0.5,Logical,0.2,0.2,0.8,0.9375,6.846846361185985,72.94518867924529,2
"CMV: It's oxymoronic to fly both the confederate and union flags.
Despite this post being partially about the confederate flag, it isn't about whether or not it's a hate symbol. This sub is for changing views and my stance on that topic is pretty staunch. Anyway, I've seen many Americans flying the stars and stripes. On their trucks or houses or whatever. That's fine, nothing wrong with that. I personally find it a bit odd to fly your country's flag while you're _inside_ that country but whatever, you do you. What strikes me as queer to the point of bizarre is when they (usually southerners) also fly the confederate flag. Sometimes on the same vehicle. Weren't the CSA and USA at war? Weren't they enemies? Didn't one, in a manner of speaking, conquer the other? Why would you fly the flag representing your states _and_ the flag of the coalition that beat them at war?

Anyway, this being a trivial matter, I'm very much open to information.

Edit: thank you all for your comments and spirited debating. I didn't expect this to get more than a handful of responses but apparently this has blown up a bit. I'm writing this so if you don't get a reply and feel I'm ignoring, just know, I don't have the time, but I am still reading.

Edit 2: SO MANY people have made the obvious word play. It can stop now. Please?",0.4,Sarcastic,0.3,0.3,0.8,1.1333333333333333,6.349262277031489,71.94602950891876,0
"CMV: Climate change should be the the focus in upcoming elections.
As we move into a new round of important elections, at least in the US, politicians should put their plans for combating climate change front and center, and deeply criticizes those who deny it. As nations and individuals we really need to act quickly in order to limit the damage. I know saying ""should"" can be the wrong word to use but I believe it would would show the candidate to be corrupt or ignorant if they don't address the issue. 

There are many issues that face us as a society, but climate change is the one most likely to threaten our core way of life if nothing is done. I don't think there is any other issue that should trump that of climate change in terms of immediate importance. It is on the same level as the threat of global nuclear war, which rightfully received this kind of attention during the cold war when it was especially likely.   

_____

> *This is a footnote from the CMV moderators. We'd like to remind you of a couple of things. Firstly, please* ***[read through our rules](http://www.reddit.com/r/changemyview/wiki/rules)***. *If you see a comment that has broken one, it is more effective to report it than downvote it. Speaking of which,* ***[downvotes don't change views](http://www.reddit.com/r/changemyview/wiki/guidelines#wiki_upvoting.2Fdownvoting)****! Any questions or concerns? Feel free to* ***[message us](http://www.reddit.com/message/compose?to=/r/changemyview)***. *Happy CMVing!*",0.1,Passionate,0.2,0.6,0.6,2.625,8.632758620689653,67.60477011494255,1
"CMV: The ongoing Aimee Challenor drama is a good enough reason to leave reddit forever.
You can read about the drama here:

https://www.reddit.com/r/OutOfTheLoop/comments/mbzggv/why_has_r_gone_private

The tl;dr is that reddit's newest admin, a woman named Aimee Challenor, lived in the same house as her father while he raped and tortured a child over 10 days for which he was convicted, she was kicked out of some political parties for defending him and is currently married to a man who is openly pedophilic on the internet. Discussions about and criticism of Aimee and her being hired as an admin have been censored, edited by the admin team and users have been banned.

Aimee Challenor is disgusting person who should not have any authority at all over a website that is frequented by millions of children.

Reddit admins have demonstrated in the past that they are fine with pedophilia by leaving r/jailbait up for YEARS under the guise of free speech and only removing it after being pressured by the media. Hiring Aimee proves that nothing has changed in that respect. Reddit admins have abused their power in the past by censoring criticism and removing or even manually editing critical comments on T_D. u/spez promised that this abuse of power would never happen again. That was a lie.

Those are the facts. Here is the view I want to have changed: I should stop using reddit because continuing to do so means financially supporting some truly horrible people who protect child abusers and an admin team that openly attacks freedom of speech on their platform. The best thing I can do to combat the disgusting behavior of reddit admins is to take my internet traffic somewhere else.",-0.8,Passionate,0.4,0.9,0.7,1.1111111111111112,11.860815602836883,51.88250000000002,1
"CMV: The Shape of Water is an extremely overrated movie and should have never won the Oscar for Best Picture
I recently rewatched The Shape of Water and I am not a movie critique nor expert, but the realization dawned on me that it is an exquisitely bland movie that lacks an absurd amount of substance. The Shape of Water plays on to the basic beauty and the beast trope, but it does not go any further than that. The movie weighs heavily on the cinematography and strays away from any actual plot or substance. It is an intermediate form of movie writing and does not deserve any more than a Redbox rental. The movie barely dives into the actual underlying foundation for why anything happens, there is no room for individual thought and it is pressed into the viewer’s brain that there is only one way to think and that is with the protagonist. According to Vox, ""It’s a beautifully shot movie with a story that follows the traditional arcs of a fairy tale romance."" I believe that it is exactly why it should not have won, it has been done before. Compared to other past winners, such as Moonlight, which was original and intriguing.

There is no relevance to the Shape of Water, no bigger picture. A mute woman falls in love with a sea creature who likes eggs. If that’s the precedent for winning an Oscar, then The Leprechaun would have been a phenomenal candidate. The movie is visually outstanding, but so is The Curious Case of Benjamin Button and it is an incredibly lifeless movie starring Brad Pitt! Without the visuals the movie would merely be a pathetic case for an “original” plot. Quite honestly, coming from Guillermo del Toro I would not expect much, all of his movies rely on visuals such as Crimson Peak or The Hobbit. These movies appeal to the eye and the only Oscar that this movie truly deserved was Best Visuals.

Overall, the movie is basic with jaw dropping visuals. The movie won four Oscars, so it is obviously well received and I’d like to understand what is so special about its standard format. Change my view!!",-0.3,Sarcastic,0.2,0.5,0.6,1.16,10.045590372388737,59.35553663336363,2
"CMV: Parents who refuse vaccination of their children must sign a form of accountability so if their child dies from medical complications that would have been avoided by a larger than 90% consensus of global medical research, they can be charged with the appropriate crime(s) for their negligence.
From my understanding (which isn't vast on this particular subject as I am not personally a parent) a child can begin their doctor/patient confidentiality between 14-16 depending on the state. The lifelong medical complications that arise from unvaccinated children generally have begun by this time, and that makes me believe that the accountability of the parent up to that point should be addressed and issued. 

Vaccinations are a family choice as there are no laws (that I'm aware of) requiring them, but the risk that the defenseless child and for that matter the public surrounding these unvaccinated children are put to should have some legal recourse to the parents or guardians if there is a fatal or detrimental illness that could have been avoided as a result of their decision to not vaccinate. I believe that it is fair for the consensus of medical professionals and their research to be a legitimate basis for a contract that holds parents accountable for their decision to disregard all of this if their child  is harmed irreparably. This contract would allow local or state law enforcement agencies and child protective services to issue charges on the parents if they deemed necessary in the case of the parents negligence in addition to opening the possibility of the child to sue the parents for their negligence in the future if they decide to (assuming they survive) as well. 

Other forms of child abuse are prosecuted, this issue should be the same. I agree that not vaccinating should be a choice, but there should be accountability and I'm not aware of any. A parent refusing vaccinating their child and this results in them dying of an otherwise preventable illness by consensus research is the same as drowning them in a bath tub. I realize that last sentence is controversial and assume it to be taken out of context, but think of this. Very rarely do unvaccinated children die immediately from the illnesses they acquire as a result of being unvaccinated, giving plenty of time for professionals to be recommending and diagnosing that the illness can be treated, but the parent refuses. They are refusing to do the thing that treats or cures their child's illness despite all evidence to the fact. Their ignorance or paranoia is no excuse to not deem this child abuse at the least and murder at the most. People get their children taken away for so many reasons in countries that turn a blind eye to holding accountability for preventable deaths. 

I am willing to accept that I may be missing some large angles here, but I don't know what they are. I hope that I explained myself well, but it's hard to fully express anything without a discussion. I welcome anyone with a contrary or parallel point of view. ",0.2,Passionate,0.2,0.8,0.6,3.0,15.113926128590972,40.765136798905615,2
"CMV - All jobs should be required to state the exact salary for a given role UP FRONT, next to the other crucial details of the job.
I'm sick of seeing job advertisements that simply detail the salary as ""competitive""...and that's it. As soon as you start the process of applying, there's literally no mention of the salary; they want me to sell myself to them and talk about why I'm passionate without addressing the main reason why I'm getting a job, which is to earn some damned money.

In fact, I'd say that the salary is the number one most important thing I care about in a job and thus I expect to be told it at the same time (if not before) all the other details of employment.

Also, this would really crack down on gender pay gaps - you can't exactly pay people differently depending on ethnicity or gender if the wage is stated on the advertisement.

It all just seems a bit backwards to me. I get there's the potential issue of people wanting to keep their salary private, but that seems like a small price to pay (no pun intended) for full pay equality, and companies not scamming me into employment with their ""competitive salary""; how about you tell me what the salary is and I'll decide for myself if it's fuckin competitive.

Edits: Thanks to all of you who raised very valid points, and sorry to those who I didn't get around to replying to - I spent two hours yesterday replying to posts and I had more notifications at the end of the two hours than at the start so I ultimately gave up. I hope that for the ones I did reply to, I offered some constructive counter arguements to people's points and conceded good arguements where they arose, and ultimately provided a half decent debate for you all!

I still believe that *overall*, there should be more transparency to what wages are in advance but I'll consider my view has changed to respect the following:

- If the salary is posted as a flat figure, employees lose the right to negotiate it and employers lose the right to offer more attractive (due to skill, experience etc.) employees more money to entice then in. This could be remedied by using a ""starting from..."" figure, that could be increased if applicants showed a higher than necessary level of aptitude for a role - although someone did point out this removes the ability for an employer to offer an underqualified candidate *less* money if they wanted to take that chance.

- a lot of you raised the point that while it would be convenient for employees to know the salary in advance, it wouldn't benefit the employer to have to post such a thing, therefore this would be a bit of a crap law to pass. I didn't reply to the majority of these because it was past the 2 hour mark when I had given up, but it's a solid point that I would have to concede.

- It is not detrimental to ask an employer for their salary range so you would never really have to apply to a job without knowing the salary. I thought that by asking this you would make it seem like you are only interested in the money (something that is of course true in a lot of places but employers don't like to hear), but I was wrong about that.

- the last interesting point was raised by someone in the comments and that was essentially that instead of advertising the salary range in the job listings, all employees should be required to disclose the salary's of their employees (probably in an anonymous way) so applicants know they are getting a fair wage, and employees also know they aren't being discriminated against. I think this was the best point anyone raised and if I was going to CMV to anything, it would be this. Congrats, u/DefunctWalrus",0.2,Passionate,0.5,0.6,0.8,1.2352941176470589,14.609030211480363,49.27777492447133,5
"CMV: Legalize all drugs. Yes, even that one.
The war on drugs, from the beginning, has been a massive unconstitutional assault on the rights of Americans. It has not worked. It has never worked. It has led to the rise of gangs. It must be ended immediately, and incarcerated prisoners in jail for nonviolent drug offenses should be released and have their records expunged. And after this is done, we need to fully legalize all drugs.

* Prohibiting drugs has led to the rise in gang violence. Before criminalization, if a drugstore was selling methamphetamines and was robbed, they could simply call the police and report stolen property. But after criminalization, someone who sold methamphetamines or other drugs could not call the police to defend their property because what they are doing is illegal. So the dealer would have to defend his property with weapons. And friends. And friends with weapons.

* Legalizing drugs would rid society of drug gangs. In modern society you will find one of everything. Everything... except for violent alcohol gangs. Again, I am working off the model of prohibition. Day one after prohibition ended, alcohol gangs disappeared because they could no longer sustain themselves after being undercut by *legal legitimate businesses* selling the same stuff they were but *safer*. I see no reason this shouldn’t apply to drugs. We would not have to worry about drug importation from the southern border anymore either.

* The war on drugs is extremely unconstitutional and illegal for multiple reasons. First of it imposes the ideals of Puritanism and abstinence-only morality on American society which violates the establishment clause. Who’s to say the belief that all mind altering molecules are a divine gift from some god for human kind to cultivate harvest refine synthesize and consume at our discretion for whatever recreational spiritual or medicinal purposes we deem appropriate is any less valid than someone’s belief in Christianity? Second, it is written in history that, if the federal government wants to ban a substance, they need a constitutional amendment to do so (18th amendment). There are no constitutional amendments banning drugs meaning the federal government is overstepping it’s constitutional bounds. Next, the biggest constitutional violation is the violation of the 4th amendment rights to bodily autonomy and privacy also supported by the due process clause of the 14th amendment which ultimately decided roe v wade amended by Casey. And I’m not done yet! You have legislation such as mandatory minimum sentences and the crack cocaine disparity act which clearly violate our eighth amendment rights against cruel and unusual punishments so that poor marginalized people get their lives ruined and spend decades in prison for selling drugs to consenting adults but Jeffery Epstein rapes hundreds of childeren and serves 14 months with 72 hours weekly work release and then a free pass to violate parole?

The idea of legalizing drugs leaves some with a bad taste in their mouth. But I leave you with this question: If heroin was legal, would you do it? Would you go to Walgreens, buy the expensive powder and a syringe and a lighter? Would you put it in a spoon, hold the lighter under the spoon until it melts, fill up the syringe with the molten tonic, stick it in your arm and push it in? Just because it’s legal? My guess is no, because you understand like I do that heroin is bad for you and not worth it. I suppose in the end, America would have to make a decision: do we despise victimless drug use or gang violence more? I believe gang violence is the worst offense.

Change my view.",0.0,Logical,0.4,0.7,0.9,2.375,10.074795290339846,52.00302515386676,2
"CMV: Ken Jennings' ""Hoe"" answer should have been correct.
Was reading some stuff about the Jeopardy GOAT tournament they're doing, and people brought up a [Jeopardy-famous moment](https://www.youtube.com/watch?v=OpKOm-LLRhA) from Ken Jennings' original run.

>[Tool Time for 200]

 >This term for a long-handled gardening tool can also mean an immoral pleasure seeker

>Ken: What's a hoe?

>Alex: No.  Whoa.  WHOA!  Whoa.  They teach you that in school in Utah, huh?  Al.

>Al: What's a rake?

I think hoe is a perfectly correct answer to the clue, and Ken should have gotten it right.  It's funny, but he's not wrong.  Hoes are long handled gardening tools, and immoral pleasure seekers, or at least widely seen as immoral.",0.2,Logical,0.1,0.1,0.8,2.2,6.528903508771933,73.63440789473685,0
"CMV: Transgender people should disclose they are transgender before engaging in physically intimate acts with another person.
I'm really struggling with this.  

So, to me it just seems wrong to not tell the person your actual sex before engaging in intimacy.  If I identify as a straight man, and you present yourself as a straight woman, but you were born a man, it seems very deceitful to not tell me that before we make out or have sex.  You are not respecting my sexual preferences and, more or less, ""tricking"" me into having sex with a biological male.  

But I'm having a lot of trouble analogizing this.  If I'm exclusively attracted to redheads, and I have sex with you because you have red hair, but I later find out you colored your hair and are actually brunette, that doesn't seem like a big deal.  I don't think you should be required to tell me you died your hair before we make out.  

If I'm attracted only to beautiful people and I find out you were ugly and had plastic surgery to make yourself beautiful, that doesn't seem like a big deal either.

But the transgender thing just feels different to me and I'm having trouble articulating exactly why.  Obviously, if the point of the sex is procreation it becomes a big deal, but if it's just for fun, how is it any different from not disclosing died hair or plastic surgery?  

I think it would be wrong not to disclose a sex change operation.  I think there is something fundamental about being gay/bi/straight and you are being deceitful by not disclosing your actual sex.

Change my view.

EDIT:  I gotta go.  I'll check back in tomorrow (or, if I have time, later tonight).

_____

> *This is a footnote from the CMV moderators. We'd like to remind you of a couple of things. Firstly, please* ***[read through our rules](http://www.reddit.com/r/changemyview/wiki/rules)***. *If you see a comment that has broken one, it is more effective to report it than downvote it. Speaking of which,* ***[downvotes don't change views](http://www.reddit.com/r/changemyview/wiki/guidelines#wiki_upvoting.2Fdownvoting)****! Any questions or concerns? Feel free to* ***[message us](http://www.reddit.com/message/compose?to=/r/changemyview)***. *Happy CMVing!*",0.3,Logical,0.4,0.5,0.7,1.45,8.220885311871232,66.23215962441316,1
"CMV: Elon Musk speaking at a Trump Rally in PA is the greatest gift you could possibly give to the Democratic Party. 
As the title states. 

Just finished watching the Trump rally in Butler PA… and I am astounded by how out of touch and disconnected it was. 

Obviously, Elon Musk speaking at the event is going to be taking up most of the headlines covering this event. If I were a member of Kamala Harris’ team however, I would be ecstatic about this. 

A major narrative that her team has been trying to create is that a Trump presidency would mean more tax cuts and deferential policy directed towards the wealthiest members of society, all at the expense of everyday, working people. 

Based on this fact, it seems really counter-intuitive for the Trump campaign to openly play into this obvious talking point that the Harris team has created. Musk has been outspoken about his support on Twitter… but speaking at a Trump campaign rally is a MASSIVE change. 

What would be the rationalization to justify making this decision, which I view to be a complete mistake… Obviously Musk didn’t just show up, this was a coordinated campaign event. Seems really strange for both Musk (who’s car business has always been heavily dependent on Democratic support for electric vehicles) and Trump to make this decision so close to the election. 



",0.0,Neutral,0.2,0.3,0.8,1.5384615384615385,11.849565217391305,51.07260869565218,0
"CMV: Romeo and Juliet was intended as satire
Everyone talks about this play as if it is an example of doomed romance and very sad, since it is considered one of Shakespeare’s tragedies. I am convinced that this is a bad way to read the play and Shakespeare is making fun of the idiocy of “love at first sight,” not celebrating or mourning its consequences. 

First, Romeo is hopelessly in love with someone else at the beginning of the play, who he completely forgets about as soon as he sees Juliet even though he previously claimed no one held a candle to the first love (I can’t even remember her name without looking it up, which is evidence of just how unimportant she is)

Second, something everyone seems to forget is how incredibly young these two are. They are teenagers and they act just like hormonal teenagers. It isn’t “young love” in the sense of two young people about to be married; it’s young love in the sense that they are thinking with their genitals, not with their heads. 

Third, the whole play takes place over a just few days. When we watch movies or plays, even though they are just 2 hours (ish) long, they usually contain more time within, so I think it’s easy for us to think that this is a long love story that way. But it isn’t; the entire play just focuses on the period of infatuation the couple has, not serious love. 

Fourth, I would argue that the whole Montague-Capulet forbidden romance plot is actually a reason the two children (they are children) are attracted to one another, NOT an inhibition. If they did not come from families which hated each other, I wonder if they would have been attracted to one another at all based on the way they talk. They like the forbidden fruit aspect of this, the danger of it. So I think looking at it as if it’s romantic that they love each other DESPITE their family backgrounds is misguided because the way I read the play, they are attracted to each other (not love) largely BECAUSE of their family backgrounds. 

A possible counterargument I can think of is that possibly Shakespeare was trying to be critical of young love without making fun of it. If that were the case I don’t think he would’ve included Romeo switching from his first love so quickly, which is honestly quite humorous. 

I’ve thought this for a while; I think the way we discuss this play culturally is problematic and reflects a problematic perspective on love. I think we don’t interpret it the way Shakespeare intended. I’m willing to hear arguments to the contrary, however. I feel pretty strongly about this now, but I haven’t done much research apart from reading the play itself, so I’m quite open to having my mind changed.

EDIT: okay, lots of replies below so let me say 2 things in response to some things that keep getting brought up:

1. Satire is not the same thing as comedy. It’s possible to have a satire which isn’t funny. If your argument boils down to “it isn’t funny therefore it isn’t satire,” I most likely disagree. 

2. People keep saying that Juliet was getting a married at a normal age for the time, despite being young by modern standards. This isn’t actually true. The legal age to marry was 12, but the common age to marry was around 16 or 17. Juliet is 13 in the play and her father explicitly wonders if she is too young to get married in Act 1, Scene 1.",0.3,Logical,0.3,0.2,0.8,0.9791666666666666,10.615841584158417,60.46581111957353,1
"CMV: Ignoring nuclear energy is a big middle finger for the planet and experts on the field, while making climate change not look like a crisis at all.
The  fight against Green House Emissions is focused on one big  transformation: the Energy sector, whose trending solution of the  present is to use renewable energy to eletrify everything we can, and to  produce hydrogen with everything we can't eletrify. (Biofuels for  extreme scenarios).

While trying  to achieve such goals, our natural gas consumption is rising, since it's  a perfect fit for the variability of Renewable Energy.

Meanwhile,  most countries ditch on nuclear energy, which is the perfect  replacement for coal power plants. Discussions surrounding it tend to  compare it with Variable Renewable Energy (VRE), and tend to be biased.

Statements  of ""solar and wind are cheaper than gas at the moment!"" are common, and  unfair, since they do not account with long-term storage any time, and  makes a bad comparison against any type of established energy.

This  further increased when nuclear's main problem are costs, which is a  very respected argument. Yes, while gas is truly cheaper than nuclear,  and, although it emits GHG, it can provide everything nuclear can  (energy-wise), but VRE alone cannot. On top of this, the decomission of  solar and wind is rarely put into consideration. These include  unrecyclable blades and foundations of concrete that are not removed  from the environment, and solar's toxic electronics that can be more  dangerous than nuclear waste. They also come with big, ignored costs,  while nuclear energy takes it into account.

The  worst is the hype surrounding hydrogen. If it ever comes to reality, it  doesn't become only a storage solution: it becomes a necessity for  transport and / or heat. As such, this necessity cannot be based only on  the excess of VRE. So, again, we will be dependant on the most  available process: steam reforming Natural Gas. The funny thing is that  even here nuclear can help, as itsresidual heat is a free source of  energy to produce hydrogen, which usually is dissipated into the water,  going to waste.

I am not saying  nuclear is asolution of everything, but it's a damn good, proven help.  Economics constraints should not be a reason alone to not adopt it. This  energy density would allow us to further evolve ourselves, and there  are tons of things humans put money on for the betterment of humankind,  such as space exploration.

People  mention Chernobyl, but this was one in a kind accident, almost half a  century ago, and experts did tons of work for the betterment of the  technology. Meanwhile, a Banqiao dam breaks in China, kills several  hundred thousand on people, while putting MILLIONS without home and  eletricity, but no-one is scared of them. Because they do not fear it.  They can't even imagine it happening to them.

Every  technology has problems that can be improved and bettered, and plenty of motivated people are working on making it better, cheaper, safer. But it seems that we live in a moment where supporting Renewable Energy and ditching  everything else is the ""good thing"" to do, even if that is actually  making our progress slower in the fight against climate change.

People  fear the complexity of nuclear energy, such as they fear more airplanes  than cars, although everyone knows that cars kill way more persons than  airplanes ever did. Nuclear is the ""Shrek"" that the city is afraid of,  even if he does save the princess at the end.

As long as this fear of a clean, dense and well-established technology,  and disregard of decades of hard-work done from highly inteligent  people, are we really allowed to say that we are facing a climate-change  **crisis?**


----------

EDIT: I usually don't edit posts, but I had to add this: wow! Never expected so many responses. I appreciate every point of view, and will try my best to give my opinion to everyone!",0.1,Passionate,0.4,0.6,0.8,1.736842105263158,11.08404503753128,50.89385738115098,2
"CMV: Gender Theory Relies on Sexism or it Falls Apart.
So, I've mentioned this in other places and have never gotten a satisfactory answer.

In my view, gender theory relies on extremely rigid and outdated gender norms to formulate a 'spectrum' of gender.  

For example, what would be called a tomboy in the 1980s or so would now be considered ""presenting as less female"" than, say, a makeup wearing cheerleader who always wears skirts. But ask a tomboy who isn't in on modern gender theory if wanting to climb trees makes her less of a woman. I dare you.

I'm a USMC combat veteran. I served with ladies who were in the Lioness program, female Marines in potentially combat roles. They cursed, spit, and could kick the shit out of guys like Milo Yiannoupolos. That doesn't make them any more male than him and it doesn't make him female.

The closest thing to an adequate answer is that none of these things matter for gender. There is in fact no metric whatsoever for gender. It's just a state of mind with no real characteristics. Which makes it entirely useless and fictional.

""Feeling feminine"" is sometimes defined as being more nurtering by gender theory people, but that also implies that being nurturing makes you somehow ""less male,"" which I guess means that fathers are less manly than guys that can't handle Parenthood? That can't be right.

I honestly want to have my view changed because I really don't want to start off every discussion on the subject with the nagging feeling that I'm talking to a bigot, but nothing has so much as nudged me in that direction. Being a tomboy doesn't make you less female. Being a good father doesn't make you less male.",-0.3,Passionate,0.8,0.4,0.7,1.1818181818181819,7.622968134622273,67.97002685284642,6
"CMV: public schools should be required to teach factual discernment and media literacy as a part of regular curriculum the same as math, science, social studies, etc.
I graduated from a public high school in the United States and do not have a large depth of understanding into the education systems of other countries so this post will only apply to American institutions. 

Regardless of your political affiliation, “fake news” is a real problem that has only become further exacerbated by the massive rise of the influence of social media. A huge amount of Americans now receive the majority of their news from Facebook which is a platform incentivized not to educate, but to hold users attention for as long a period of time as possible. The consequence of this is a rapid increase in the amount of sensationalized, if not downright fabricated media we as Americans are consuming. 

I was on the debate team when I was in high school years ago. The first thing we learned before ever delivering a speech was how to correctly research facts and how to determine the legitimacy of a source. I personally never received this education anywhere else during my time in school. The importance of this knowledge is that I can feel confident that my political opinions and world views may be subjective but they are based in reality and fact. 

I believe that the most important element going into discourse is that all parties agree on the facts and background of the topic prior to engaging in discussion. I understand that reintroducing something like the 1949 Fairness Doctrine is unrealistic and possibly even unnecessary. I say this because I believe as per our First Amendment rights that media outlets like The Drudge Report, Infowars, and the Huffington Post have every right to espouse whatever rhetoric they choose. 

A major problem with our political system today though largely impacting our polarized climate is that people can choose to subscribe only to the news outlets that already support their opinions. 

People need to agree on the unarguable facts before we can attempt to understand each other and the laws that affect us. Vaccines do not cause autism. Human activity is impacting the global climate. Our drinking water is not turning the frogs gay. 

There are legitimate publications that deliver unbiased factual reporting and there are others that deliver opinion pieces and mistruths. Americans should be educated during their formative years to know the difference so that they then have the knowledge base to be able to form their own legitimate political views regardless of what side of the political spectrum they fall on. 

This is why I believe we should have standardized curriculum in public schools to teach young Americans what media they can trust and what media they should be skeptical of. Change my view. 

Side note:
This post is not about any particular issue or a criticism of any particular outlet. Convincing me that Huffington Post or Infowars is legitimate will not change my view. What the mutually agreed upon sources we reference in this proposed standardized model are is not the discussion, this post is about universally establishing the ability to identify trustworthy media as part of our education system.",0.4,Neutral,0.4,0.4,0.8,1.9615384615384615,13.224170517560076,40.4010493684535,2
"CMV: Pornography in the form that it is commonly consumed nowadays (graphic videos and images) is not mentally healthy to consume in any dose by anyone.
Not trying to espouse NoFap propaganda here, just want to get that out of the way first.

Many studies I've seen and heard about are pointing in the direction that consumption of explicit, graphic porn downright changes the structure of the brain in a way which makes it difficult to be aroused from more ""normal"" stimuli (sexual partners). Not unlike how consuming large and/or consistent doses of MDMA or  similar drugs makes it difficult to produce and process serotonin.

I believe it also hampers one's ability to have a sexual imagination which I'd argue is an important thing for a person who is or wants to be sexually active.

Also, as with the consumption of all products, there's no way to know for sure if the people being filmed are safe or consenting to what they are being filmed doing. This could mean that my clicks are aiding and abetting sex trafficking.

I'll conclude by openly admitting that I simply feel a lot of shame around my desire to watch pornography, so I may be simply giving words to this shame. I also was a ""Fapstronaut"" for a year or so and very much believed the claims they made, so would be curious if anyone had any input regarding the efficacy of Nofap (abstaining from masturbation entirely, sometimes also also from sex) as well.",0.3,Neutral,0.4,0.7,0.7,0.7916666666666666,13.792933333333334,45.64935555555559,1
"CMV: The concept of an omniscient (*) and capable creator is not compatible with that of free will.
For this argument to work, omniscient minimally entails that this creator knows what will ever happen.

Hence the (\*).

Capable means that this creator can create as it wishes. 

1) Such a creator knows everything that will happen with every change it makes to its creation. Nothing happens unexpectedly to this creator.

2) Free will means that one is ultimately the origin of their decisions and physical or godly forces are not.

This is a clear contradiction; these concepts are not compatible. The creator cannot know everything that will ever happen if a person is an origin of decisions.

&#x200B;

Note: This was inspired by a chat with a Christian who described these two concepts as something he believes both exist. He said we just can't comprehend why those aren't contradictory since we are merely human. I reject that notion since my argument is based purely on logic. (This does not mean that this post is about the Christian God though.)

&#x200B;

Knowing this sub, I predict that most arguments will cover semantics and that's perfectly fine.

&#x200B;

CMV, what did I miss?

All right guys, I now know what people are complaining about when they say that their inbox is blowing up. I'll be back after I slept well to discuss further! It has been interesting so far.",0.3,Logical,0.3,0.1,0.9,0.8333333333333334,7.626708385481855,65.00411764705883,0
"CMV: The comforts of modern life should make us euphoric, and the fact that they don't is troubling because it suggests the human perspective is critically flawed.
Today, I awoke in a temperature-controlled room, shared with my life's partner, on a piece of furniture specifically engineered for comfort while sleeping. I slept soundly, thanks to the lack of interruption due to predators or pests. When I awoke, I walked over a cushioned and carpeted path into a room designed for my personal cleanliness, before washing myself in the luxury of temperature-controlled water with various soaps and liquids specifically engineered for caring for my skin.  


After this, I dried myself with a fluffed cotton towel, before pulling clean, colorful clothing from a $1500 dresser set. I retrieved my state-of-the-art cellular device, before reviewing the variety of communications waiting for me from friends and loved ones, along with educating myself on daily news events with the swipe of a finger.  


I then pressed a button to produce a brewed coffee more delicious than any trading post would have dreamed of 100 years ago, while adding gourmet Hazelnut flavoring. I fed my pleasant fur companions, all of which who were happy and in good health. I hopped into the cushioned seat of my car, which is worth several thousand dollars, selected the exact artist and song from the last 50 years that I wished to listen to, and then moved 3 times faster in my car than what would be biologically possible, all while breathing in air at the exact temperature I find comfortable.  


After this short journey, I arrived at a temperature-controlled building, greeted with a task that if completed correctly, would grant me more 13x the pay that an average Sub-Saharan African would make in the same day. While doing so, I once again selected the exact musical artist from a selection of millions that would suit my tastes for the day. At no point was I concerned with hunger, sickness, predators, violence, or any other of the standard unpleasantness that have been faced daily by 99% of all mammals that have ever existed.

And yet, throughout this process, I grumbled over my alarm, grumbled over work, grumbled over my budget, grumbled over what others had that I did not, etc etc.  


When comparing my life to someone in the same country, at a similar social class, 200 years ago, my life is incredible and filled with conveniences and luxuries that they couldn't even dream of. And even those people in the 1800's were living lives that were free of most of the burdens that other living things face daily. So why hasn't the modern American had an increase in happiness that correlates with the increase in improved quality of life over the last 300 years?  


Tl;dr My cushy modern western life is amazing and its stupid that I'm not in a state of euphoria 90% of the time.

Edit: I'm going with french vanilla this morning while reading responses",0.5,Humorous,0.3,0.7,0.6,2.5,13.47737808951236,47.81277610777113,2
"CMV: Universal Basic Income (UBI) is, in concept, much more effective than a welfare state
If your goal is to keep workers desperate and powerless, UBI is probably not an attractive concept -- so I'm going to narrow my focus down & make this pretty clean.

**My premise:** If we agree on a specific set of societal goals (1), then we are much better served with my outline of UBI (2) than by the complex snarl of welfare systems most countries (particularly the US) employ at present. Rather than expand the minimum wage, etc, we should focus on testing and implementing a scheme for universal basic income.

**1 - Societal Goals**

Let's assume our goal in deploying welfare systems is to promote personal liberty, prevent privation & starvation, and ensure a healthy consumer base -- and that we're balancing that against a need to maintain workforce participation, and maintain a healthy economy & budget.

**2 - What I mean when I say UBI**

Here's what I'm describing:

* Every adult, regardless of their income, gets a tax-free monthly payment of around $1,300 (enough to be over the federal poverty line if their income is zero). 
* All other income is still taxed in a progressive tax system
* This plan replaces welfare systems like Social Security
* The payments do not change based on where you live; earning more money doesn't make you lose the payments.

**3 - Why I believe a UBI to be superior**

1. Versus other schemes (like a negative income tax), UBI is much more likely to promote continued participation in the economy. Any money you make is good -- there's no ""income trap"" to make you lose your benefits if you get a better job.
2. This is much, much easier to manage -- and because its simple, it'll require less bureaucracy, less overhead, and less policing.
3. It's a future proof solution. It won't need to be retooled every time technology destabilizes an industry or puts millions out of work.
4. It creates more natural and competitive markets. A lot of markets don't respond to supply and demand now, because one or the other is really fixed:
   1. It'll reduce overpopulation in very expensive areas, and shift folks (who are looking for a lower cost of living in order to get more out of their UBI) into lower cost areas, making rent more affordable in the higher population areas.
   2. It'll make owning and operating a small business less risky, because business owners' basic needs will be cared for -- which means more small businesses.

**4 - My response to some normal criticism**

1. *People won't want to work anymore.* That's not been the outcome in UBI trials in the past -- it's *basic* income, knowing you won't be homeless and will be able to eat enough to live isn't what most of us are working for anyway. If having these needs met meant you wouldn't work (even in pretty unappealing jobs), nobody in high school would have a job.
2. *It'll lead to runaway inflation.* Inflation is based on a disparity between demand and supply; for us to believe that we'd see runaway inflation, there'd need to be a set of goods that lower income people will buy (now that they've got UBI) that they couldn't buy before, that *cannot be produced in greater numbers.* I don't think that's plausible, in general:
   1. Some products are relatively inelastic -- that means you need to buy them, regardless of whether you've got the money. This applies to food, gas, car repairs, and so on.
   2. Housing would indeed get more expensive ... if you didn't have the option of leaving for a cheaper market. If you can make $15K working at McDonalds and $15K from UBI, why not move somewhere with a rent 1/4 as high? UBI doesn't create more *people who need housing,* and so it's not going to make housing cost more as long as market dynamics can keep functioning.
   3. Luxury goods manufacturers generally cannot benefit from economies of scale -- ramping up demand often brings prices down, not up. For example, demand for hot tubs spiked massively this summer, all across the globe ... and prices came *down*, because manufacturers were able to perform much larger production runs.
3. *We can't pay for it.* This is B.S.; it'd cost us about $2 trillion a year (which is, I admit, lots of cash) -- but the social programs we'd cut are costing us about a trillion and a half. We can't figure out how to fund a five hundred billion a year?
   1. Put the two top income tax brackets back to where they were in the 1950s. There's $400B a year.
   2. Put the corporate tax rate back where it was in the 1970s. There's another $100B a year. 
4. *That's socialism.* No more so than any welfare program -- and it requires a good deal less government intervention than do our current models.

I'm absolutely willing to change my view, but will be much more influenced by pragmatic arguments than philosophical ones; I'm not interested in arguing about whether or not giving people ""money for nothing"" is fair or ethical, and I need rebuttals to be substantive.

Edit:

Some folks have made really interesting and compelling arguments -- here are the summary of the changes I've made to my opinion as a result:

1. Social security couldn't be phased out all at once, politically speaking -- at the same time, UBI renders it unecessary, so it would need to be phased out gradually.

2. Housing benefits would also need to be phased out gradually, to mitigate community disruption.

3. Universal healthcare is required; I'm not behind the idea of UBI trumping health insurance. Because Americans pay far more for medical care per capita than other wealthy nations without seeing any improvement in outcomes, we can afford a single payer option, which (as the evidence of almost every developed country in the world can attest) is a perfectly feasible option and tends to be more cost effective.",0.4,Logical,0.6,0.3,0.9,1.4782608695652173,10.829190974605353,55.015448695950624,10
"CMV: Democrat Response to Tara Reade shows Kavanaugh Uproar was more about stopping candidate they didn't like, rather than respecting Ford's allegations
I firmly believe both political parties are subject to this type of behavior, this is not limited to Democrats only.  Republican's have no claim to moral high ground when nominating President Trump.   Personally I voted third party in 2016 because I couldn't vote for Clinton or Trump.

During the uproar regarding Dr. Ford's allegations, so many democrats came out and said quite strongly to believe the woman, she faces so many negative consequences (very true) by coming forward, that by the nature of making the allegations she deserves to be heard.  Her story dominated the news cycle for quite some time.  But now that allegations of sexual harassment and criminal behavior have been directed at a prominent Democratic person (presidential nominee!) so many democrats either ignore the story or  contradict their own earlier statements of ""believe the woman"" (Biden himself included).

**Looking back at the Kavanaugh process through the current light, it seems so many democrats rallied around Dr Ford's allegations not because they believed the moral principal of ""believe the woman"" but because they didn't like Kavanaugh as a candidate.**

My frustration largely is that Democrats are seen as the party of moral high ground.  When in reality, it is ""Democrats believe and support Women fighting to share their story, except when it is inconvenient to do so""  To my  view, this means no differentiation between Democrats or Republicans regarding claims of sexual harassment or assault by women.

If Democrats truly wanted to follow their stated belief of ""Believe the woman"" they would nominate Bernie Sanders as the candidate

**I can't reconcile current treatment of Biden with the treatment of Kavanaugh by Democrats, if you can please change my view.**

&#x200B;

Edit: So as I have been engaging with readers over the last hour the WSJ just posted an editorial that engages with what I've been trying to write.  Here's the link [https://www.wsj.com/articles/all-tara-reades-deniers-11588266554?mod=opinion\_lead\_pos1](https://www.wsj.com/articles/all-tara-reades-deniers-11588266554?mod=opinion_lead_pos1)  It's behind a paywall so I will post the contents as a reply to my original post.  I would really like to hear from u/nuclearthrowaway1234 and u/howlin on this article.

Edit 2: Apparently I can't post the contents of the article as a separate comment to my original post, let me try and figure out a way to get it so everyone can read it.

Edit 3:  I copied and pasted the entire article and posted it as a reply to the top comment by u/nuclearthrowaway1234 for those that want to read it.   Best option I could do.

Edit 4: Thank you everyone for sharing your opinions and perspectives.  I've tried to read most of the responses, and the vast majority were well written and articulate responses that give hope to a responsible American people, regardless of who the politicians in power are.  Further it was encouraging to me to see Biden come out and personally deny the allegations.  Regardless of the truthfulness of who is right, him or Reade, it shows respect for us as Americans who need a response from the accused.   His silence was frustrating to me.  I look forward to more evaluation by the media, leaders in power and the American public to vote for who they think the next president should be.  I appreciate your contribution to the dialogue and changing the outdated response that Men in power should be given the benefit of the doubt, yet also acknowledging the challenges when accusations are made, and the need for evidence and evaluating both sides of the story.  ",0.6,Logical,0.6,0.5,0.7,1.5,12.97479128978225,44.57267939698494,2
"CMV: At least one third party candidate should be allowed in the national debates regardless of their polling percentage.
Right now the rule is a candidate needs to poll at 15% to be in the national debate. A lot of people including myself think this is terribly unfair and prevents any real chance of a third party candidate being taken seriously.
I think they should take the candidate from a third party that polls the highest among all the third party candidates and let them in the debate regardless of their numbers.
Ex. 
Party A Candidate: 3%
Party B Candidate: 5%
Party C Candidate: 4%

Party B candidate should be allowed to debate even though they haven’t hit the 15% threshold. 
Having a third party candidate that’s taken seriously will help ensure that the two main parties are sending up the best person for the job rather than somebody that can simply beat the candidate from the other party. Plus it will give people a viable third option.  Rather than feeling g trapped into voting one or the other or “throwing your vote away”
And finally it gives more versatility as far as people aligning with the appropriate party. AOC said herself that Bernie Sanders does not belong in the same party as Joe Biden. I think this is absolutely true, however the only shot Bernie had at becoming president was to run as a Democrat. If third parties were more recognized he could run as an independent or a different more progressive party and thus more followers identify as that and a new party rises. This is essentially how the Republican Party was originally formed.
Just to be clear, my case isn’t that Bernie isn’t a Democrat or something like that, it’s the third party debate part.

Thank you.",0.3,Logical,0.2,0.2,0.8,1.12,11.582,53.12792307692308,0
"CMV: Russia should be banned from all sporting events, international travel, maybe even property seizure due to them invading a sovereign country.
I understand many Europeans rely on Russian exports (especially oil) so trade restrictions are difficult. And if I recall, they are only excluded for doping violations at the Olympics. Plus there is an inconsistent application to property seizure and I don't think travel is restricted for most.

  
Invading a sovereign country should immediately have consequences.

Enforcing this would be difficult. But I imagine most democratic countries working as a group would sign on immediately. The same democratic countries that enjoy healthy tourism and investments from Russia. Or maybe it already exists and is not enforced.",0.1,Neutral,0.1,0.4,0.6,1.75,10.962051282051284,39.624615384615424,0
"CMV: A coding course offering a flat £500 discount to women is unfair, inefficient, and potentially illegal.
Temp account, because I do actually want to still do this course and would rather there aren't any ramifications for just asking a question in the current climate (my main account probably has identifiable information), but there's a coding bootcamp course I'm looking to go on in London (which costs a hell of a lot anyway!) but when I went to the application page it said women get a £500 discount.

What's the precedent for this kind of thing? Is this kind of financial positive discrimination legal in the UK? I was under the impression gender/race/disability are protected classes. I'm pretty sure this is illegal if it was employment, just not sure about education. But then again there are probably plenty of scholarships and bursaries for protected classes, maybe this would fall under that. It's just it slightly grinds my gears, because most of the women I know my age (early 30s), are doing better than the men, although there's not much between it.

If their aim is to get more people in general into coding, it's particularly inefficient, because they'd scoop up more men than women if they applied the discount evenly. Although if their goal is to change the gender balance in the industry, it might help. Although it does have the externality of pissing off people like me (not that they probably care about that haha). I'm all for more women being around! I've worked in many mostly female work environments. But not if they use financial discrimination to get there. There's better ways of going about it that aren't so zero sum, and benefit all.

To be honest, I'll be fine, I'll put up with it, but it's gonna be a little awkward being on a course knowing that my female colleagues paid less to go on it. I definitely hate when people think rights are zero sum, and it's a contest, but this really did jump out at me.

I'm just wondering people's thoughts, I've spoken to a few of my friends about this and it doesn't bother them particularly, both male and female, although the people who've most agreed with me have been female ironically.

Please change my view!  It would certainly help my prospects!

edit: So I think I'm gonna stop replying because I am burnt out!  I've also now got more karma in this edgy temp account than my normal account, which worries me haha.  I'd like to award the D to everyone, you've all done very well, and for the most part extremely civil!  Even if I got a bit shirty myself a few times.  Sorry. :)

I've had my view changed on a few things:

* It is probably just about legal under UK law at the moment.
* And it's probably not a flashpoint for a wider culture war for most companies, it's just they view it as a simple market necessity that they NEED a more diverse workforce for better productivity and morale.  Which may or may not be true.  The jury is still out.
* Generally I think I've 'lightened' my opinions on the whole thing, and will definitely not hold it against anyone, not that I think I would have.

I still don't think the problem warrants this solution though, I think the £500 would be better spent on sending a female coder into a school for a day to do an assembly, teach a few workshops etc... It addresses the root of the problem, doesn't discriminate against poorer men, empowers young women, a female coder gets £500, and teaches all those kids not to expect that only men should be coders!  And doesn't piss off entitled men like me :P

But I will admit that on a slightly separate note that if I make it in this career, I'd love for there to be more women in it, and I'd champion anyone who shows an interest (I'm hanging onto my damn 500 quid though haha!).  I just don't think this is the best way to go about it.  To all the female coders, and male nurses, and all you other Billy Elliots out there I wish you the best of luck!",0.7,Logical,0.6,0.5,0.7,1.1636363636363636,9.336237759419706,64.20658110014105,2
"CMV: US Democrats should push for a higher minimum wage in blue states, not at the federal level
So once again democrats are pushing for a $15 an hour federal minimum wage. They probably have the votes in the house, the president will sign off on it, but it seems somewhat unlikely that it will get past the senate. I think you could make a reasonable argument that most of America wants this increase, after all the democrats hold a pretty big majority in the house, which is elected in proportion to population. Where it's failing is in the senate, which was in part created to prevent states with large populations from imposing their will on states with small populations.

To me this seems like a case of everything working as intended. There's a policy that's widely supported but whose popularity depends quite heavily on what state you're looking at. The solution is to bypass the US senate and enact the policy in states whose voters elected representatives who actually want it. I counted nineteen states that have democratic majorities in both the house and senate, sixteen of which also have a democratic governor. None of these states have a $15 an hour minimum wage, which seems surprising given that their voters are largely responsible for electing the federal representatives who would make it a nationwide policy. Twenty three states have republican majorities in the house and senate, plus republican governors. They represent a minority of the population, but they clearly don't want this policy.

To me the solution seems obvious. Stop trying to force the $15 an hour minimum wage on states that don't want it, and enact it in blue states right away. You'll cover most of the US population and the change will be concentrated in places that actually want it. Minimum wage by state or even by county seems like a better solution anyway because it can be indexed to the cost of living. You need a lot more to get by in NYC or Seattle than you do in a small town in Mississippi.",0.1,Logical,0.1,0.1,0.9,1.3888888888888888,11.377619985673356,52.341157772206316,3
"CMV: Police vehicles should not be allowed to be black with dark lettering
When police cars are black with dark lettering making it difficult to identify the car, to me, it says that police are not there to prevent crime but to catch people in the act of it. I have no issue with undercover police who are in completely unmarked vehicles, but a traffic cop sitting on the side of the road in a difficult to identify vehicle does nothing to stop people from speeding rather only to catch one of the drivers speeding or driving recklessly. 

In my mind police cars should be painted bright colors that clearly say I'm here, don't commit crime while I'm here.  Imagine a police officer sitting in a parking lot in an all black vehicle versus a brightly colored one. He could be sitting on his lunch break or writing up a report (or eating doughnuts) and if he was in a brightly colored vehicle it wouldn't matter if he was looking around to see if anybody was committing crime because citizens would know much more easily that police presence is in the area.

Edit 1: I think a common theme I am picking up from people who oppose my view is the assumption that people want to commit crime and would otherwise always commit crime if no law enforcement was around.  I'm operating under the assumption that I want to be protected from crime.  If a crime is to occur I want people to be around to protect me from it.  If police are brightly colored and their presence is known I am allowed to feel safer.  Not only do I feel safer but I would also feel a reduced need to commit crime in order to protect myself.",0.1,Logical,0.1,0.4,0.7,0.7142857142857143,13.098442953020136,54.23028187919465,1
"CMV: I don’t think a distinction should be made if women are victims of a crime, it does not make the tragedy any worse.

Sometimes if you hear a tragedy being reported… you might hear that women and children were among the victims.

I’ll give children a pass… but I don’t think it is relevant to know that women were also victims. I don’t think they should stand out even more.

Even in works of fiction, you might have some bad ass. He lives by a code though… he doesn’t kidnap or kill women. He would have no problem popping 2 in a guys head just because, but women are off limits.


When a tragedy happens, it’s a tragedy regardless of who it happens to.  None of the victims deserved what happened to them. People who were loved were lost. We shouldn’t be more sad or less because of the sex of the victims .",0.1,Neutral,0.1,0.6,0.7,0.5555555555555556,5.424545454545456,81.1068181818182,1
"CMV:  Democrats are getting overconfident about the possible debate between Kamala and Trump. 
I wanted to make this post for quite a while but couldn’t find time to respond to people who will respond to my post.

Before the first debate, I read a lot of left-wing blogs which kept saying Biden would trounce Trump in the debate.  At that time itself, I felt that he should not debate Trump because there is no benefit for him and nothing that Trump says will hurt him with his base. In other words Biden has all to lose and Trump has nothing to lose.

The debate went magnitudes worse than I had ever feared and it culminated with Biden, eventually, dropping out. 

 I now see the same thing with people eager for a Kamala vs Trump debate. I stand by my position that Trump has nothing to lose in this and Kamala has everything to lose. Trump could get on stage, crap his pants, and sling his poo at the audience and he would still not lose a single supporter. Granted, he won’t gain any supporters from such behavior either . Kamala on the other hand could make a mistake like she did against Tulsi in 2020 and could destroy the campaign as it is. 

So there you have it. That’s my view. Change it. 


",0.0,Logical,0.5,0.5,0.7,1.5714285714285714,6.909639639639639,75.93976091476092,0
"CMV: The Most Effective Means Of Prison Reform Would Be The Decriminalization/Legalization of All Drugs/Narcotics
To preface: I've never used any illegal drugs/narcotics. I'm coming at this from a fairly fiscal standpoint.

As of 2018 [46.1%](https://www.bop.gov/about/statistics/statistics_inmate_offenses.jsp) of those incarcerated in the federal prison system (1 or more years imprisoned/sentenced) are there due to drug offenses. Additionally, the average cost of imprisonment in the federal systems costs [$36,299.25](https://www.federalregister.gov/documents/2018/04/30/2018-09062/annual-determination-of-average-cost-of-incarceration) a year (FY17). These two statistics together mean that, just at the federal level, we spend $2,838,383,554.5 on their incarceration alone.

And these are all without even touching on individual state expenditure where some states pay as high as [$69,355](https://www.vera.org/publications/price-of-prisons-2015-state-spending-trends/price-of-prisons-2015-state-spending-trends/price-of-prisons-2015-state-spending-trends-prison-spending) per year (FY2015) to keep individuals incarcerated.

Through the decriminalization/legalization of these drugs we would be saving money that could be funneled toward much more beneficial systems (education, science & technology, other federal agencies) or which could be used to help with further prison reform (rehabilitation, reintegration of parole/releasees, etc.).

The ""War on Drugs"" doesn't make sense to me from the standpoint of either political party whereas Republicans claim to be fiscally conservative yet push for a policy of deterrence when it comes to drug crimes and Democrats only take minor steps towards partial drug policy reform (legalization of cannabis in some states as an example).

I'd love to hear your thoughts on this matter and what views you all hold.

_____

> *This is a footnote from the CMV moderators. We'd like to remind you of a couple of things. Firstly, please* ***[read through our rules](http://www.reddit.com/r/changemyview/wiki/rules)***. *If you see a comment that has broken one, it is more effective to report it than downvote it. Speaking of which,* ***[downvotes don't change views](http://www.reddit.com/r/changemyview/wiki/guidelines#wiki_upvoting.2Fdownvoting)****! Any questions or concerns? Feel free to* ***[message us](http://www.reddit.com/message/compose?to=/r/changemyview)***. *Happy CMVing!*",0.4,Logical,0.5,0.2,0.9,1.411764705882353,10.434463667820072,50.53155709342562,1
"CMV: The live action Dinsey mulan movie is absolutely awful and on par with how awful the live action Avatar the last air bender is.
Possible spoilers if you've not seen the movie(though I don't recommend...it's truly awful)


I'm 11 minutes in and so far:

Mulan has a sister. 

Apparently her dad is poor, instead of an honored rich man/family.

It starts with her as a kid

She somehow has magic kung fu abilities that defy gravity, and pay homage to other fantasy chinese movies with that weird awful kung fu/fight scenes where you can tell they are on a rig.

There is a magic witch that is possessing people to help bori khan (I'm sorry who?) 

Its in english(????) I understand this is for americans who can't/don't want to read subtitles but....it's awful... everything (even when people write) is chinese.

And from what I've seen from others who've watched mushu isn't even a thing....

AND THERES NO SINGING


I'm really hoping this movie improves(maybe I'm making an assumption given its so early into the movie) but I find the acting and story line as bad as the live action A:TLAB


The animated version is superior in my opinion.

Edit: y'all there's so many replies I'm having trouble keeping up, so I'm not gonna reply anymore. There were a couple people who did change my view a tiiiiny bit on certain aspects, and helped me see things differently. I'm still going with it was mostly awful, and also I didn't know about the drama surrounding where it was shot, or the fact it was near the Chinese concentration camps. Now *that* is truly awful.",-0.1,Passionate,0.1,0.7,0.6,1.08,9.061737226277373,62.629369829683725,0
"CMV: Paternity testing before signing a birth certificate shouldn't be stigmatized and should be as routine as cancer screenings
Signing a birth certificate is not just symbolic and a matter of trust, it's a matter of accepting a life long legally binding responsibility. Before signing court enforced legal documents, we should empower people to have as much information as possible.

This isn't just the best case scenario for the father, but it's also in the child's best interests. Relationships based on infidelity tend to be unstable and with many commercially available ancestry services available, the secret might leak anyway. It's ultimately worse for the child to have a resentful father that stays only out of legal and financial responsibility, than to not have one at all.

&#x200B;

Deltas:

* I think this shouldn't just be sold on the basis of paternity. I think it's a fine idea if it's part of a wider genetic test done to identify illness related risks later in life
* Some have suggested that the best way to lessen the stigma would be to make it opt-out. Meaning you receive a list of things that will be performed and you have to specifically refuse it for it to be omitted. I agree and think this is sensible.

&#x200B;

Edit: 

I would be open to change my view further if someone could give an alternative that gives a prospective fathers peace of mind with regards to paternity. It represents a massive personal risk for one party with little socially acceptable means of ameliorating. ",0.4,Logical,0.5,0.5,0.8,1.4444444444444444,12.562281639928703,46.286631016042804,0
"CMV: Alopecia is not a disability. Chris Rock’s joke was not ableist
Alopecia is a medical condition but it is not a disability. A disability in my view is a condition or set of symptoms that limits how someone physically moves around in the world, or interpersonally interacts with the world. Jokes about disabilities in general are ableist because it belittles the extra efforts people with disabilities make to adapt in a world that is designed for ‘able’ people. 

But alopecia is just hair loss. It doesn’t physically restrict someone from moving through the world or limit how they interact with others. 

I accept that alopecia can cause depression and anxiety etc which if severe enough can constitute a disability. But that’s depression/anxiety, not alopecia. Calling alopecia a disability is a smack in the face for other people with legitimate disabilities. 

If we’re saying it is a disability, why is male pattern baldness not considered a disability, or psoriasis, eczema etc? 

I don’t understand the undercurrent of commentary only that basically says that Chris Rock made an ableist joke and deserves to get socked in the face for. Was the joke tasteless? Yeah. Was it ableist? No.

ETA: it’s difficult to respond to each and everyone’s comments so I’ll summarise my take here. 

I have a better understanding now of what alopecia can entail and how it can impact someone’s day to day life. I still find it difficult to accept it as a disability because most people are focusing on the aesthetic aspect of alopecia (ie bald women are treated differently than those with hair, harder for them to participate in certain industries like acting, fashion etc - which I think the same can be said for people of certain ethnicities or people not being conventionally beautiful). 

I appreciate the varied experiences that have been shared showing that some medical conditions can be to an extent that it can be disabling. It’s made me think that my original criteria for what a disability is might be too restrictive. 

I don’t think my mind has been changed regarding alopecia specifically and the ableist nature of the joke, but I have a better understanding of disabilities as a whole now.",0.4,Logical,0.5,0.4,0.7,1.8125,11.587597254004582,46.482574370709386,0
"CMV: Making your bed is pointless.
Why make your bed to just get in it again? Apart from discipline and neatness, I don’t see why to make your bed.

I also find that my covers fall less when I don’t make my bed. Plus, it also feels cosier when it’s not made. On top of that, the bed is tighter and you can’t feel loose to roll around as much in bed.

Overall, I think making my bed is wasting my time just so I can be colder (due to falling covers) and more uncomfortable. 

However, I know that my opinion is flawed so I would appreciate it if someone explains why I should make my bed.",0.3,Logical,0.3,0.4,0.6,0.5384615384615384,5.141100427350427,84.2521634615385,2
"CMV: Public outrage about the wackier fringe of ""SJWs"" is entirely disproportionate to the actual size of the phenomenon and is being deliberately stoked by those who oppose fair and equitable treatment for women and minorities.
Additionally I'd say that progressives who publicly mock the small weirdo fringe of the SJW movement are acting as useful idiots for the far right and effectively doing their work for them. 

Don't misunderstand me though, I'm a full advocate for freedom of speech laws and the right of anyone to say anything they want. (Short of violent threats.)

This is a *moral* issue, not a legal one. Of course it's your right to say and joke about anything but I personally think that biting your tongue is better for the (legitimate) progressive movement than drawing even more attention to the weirdo fringe.

Those people don't represent what the vast majority of people who are passionate about social justice are about. 

Within the category of ""unwitting idiots"" I have a number of YouTube channels in mind. They've pivoted in recent years to focus quite heavily on videos focusing on the more outrageous SJWs on the internet. 

Yes those weirdos exist and yes it's your right to make a living mocking them but it's misrepresenting what (decent) progressive politics is about to an often young and impressionable audience. This is one of the reasons we've ended up with so many little Nazi edgelords instead of reasonably informed young people with a clear eyed, balanced view of the world.

Again, it's anyone's right to make and distribute this stuff but on a broader societal level it's leading us down a dangerous path.

Anyways, apologies for the supplementary essay. For what it's worth I'd consider myself a moderate and find the wacky fringe SJWs to be a real PR problem for the progressive movement. They deserve to be mocked but the consequences of doing so are akin to pouring gasoline on a fire instead of letting itself burn out.",0.1,Logical,0.5,0.6,0.7,2.0454545454545454,11.914891566265059,49.06063052208839,1
"CMV: Normalizing obesity for the sake of body positivity is dangerous
As obesity rates continue to rise, I've seen more and more focus put on ""body positivity"", which as you likely know is a movement that seeks to teach people that you should be comfortable with whatever size or shape you are.

I disagree with this movement and view it as potentially very dangerous.

While I haven't looked extensively into scientific reporting on the subject, I think there very clearly can be a link between the two when thinking about it with common sense:

If you tell an impressionable child or teenager that they should always be happy with their body regardless of what people say, this will lead to them believing they should not focus on their physical health as much as they should.

This is a dangerous mindset, as normalizing obesity for the sake of positive mental health can lead to a drastic degradation in one's physical health.

Noted here: [""[Obesity] is related to ≈1–400 000 deaths per year and costs society an estimated $117 billion in direct and indirect costs.""](https://academic.oup.com/ajcn/article/82/1/207S/4863384)

And here: [""Obesity, diabetes, and population rates will contribute to an estimated $1.24 billion/yr increases in the cost of kidney stones by 2030.""](https://www.ncbi.nlm.nih.gov/pmc/articles/PMC4227394/)

**A more responsible lesson to teach would be you shouldn't feel SHAME in regards to your body, but you do need to focus on combating obesity to the best of your ability so you don't suffer it's adverse effects (increased chance of heart disease, medical costs, etc).**

This is not a pro-fat-shaming view, as I don't think anyone should be shamed for their body, but promoting that everyone should always be accepting of their weight in any case is dangerous.

I'm aware I haven't taken into account genetic or other medically-related cases of obesity - but I still think promoting a healthy lifestyle is more important than accepting your body the way it is, and people in those cases should do their best to receive help from medical professionals regarding it rather than ignoring it.",0.2,Logical,0.3,0.5,0.8,1.8888888888888888,16.688823529411767,35.96970588235297,1
"cmv: LA is an absolute shithole of a city, both to live in and to visit
LA doesn’t really even feel like a unified city - more like a jumbled clusterfuck of corporatized, commercialized Americana. It has no core, unless you consider its brutally ugly downtown a core. DTLA literally has no attractive qualities for a visitor or a resident. Its basically composed of soulless corporate and residential towers that are obscenely large, as well as rundown areas filled with the homeless on every corner. It just feels depressing, like something went terribly wrong somewhere down the line. It fails to serve its purpose as the focal point of a massive city, leaving its visitors and residents alike running around like headless chickens in search of some kind of belonging. All the belonging they’ll find is on the comically overburdened freeway system...

Other parts of LA are equally or, if not, almost as indicative of a culture in decline that is America. It’s just a straight-up boring city. It’s one of those American cities where what are considered its “nice” parts bare literally nothing of cultural value other than some half-decent restaurants and a shopping mall filled with boomers who “wanna buy a pair of sneakers with lights in them,” to quote George Carlin.

Chinatown is extremely underwhelming. Compared to the chinatowns of SF, Vancouver and even Victoria, it is absolutely soulless and unreflective of LA’s vast Chinese community. Japantown is similar. 

Venice Beach has become resemblant of a rundown 3rd world country in parts. Rodeo Drive is nothing but rich Arab pricks walking around as if they have class. It kind of makes me want to throw up. Hollywood Boulevard is a depressing shell of what it used to be. The Persian community here basically all have had inches of plastic surgery, even the men. It is a town of fake, plastic people trying to display their status in some superficial manner.

Maybe most disappointing to me, personally - LA is probably my favorite city from the history of punk rock. Its atmosphere in the 70s and 80s was gritty, vibrant and revolutionary, or at least that’s what they tell me. But even that’s dead today. Melrose Avenue, which is supposed to be the city’s punk rock heart today bares nothing but a couple interesting record stores. Other than that it is resemblant of any other boring American street, with its own collection of fast-food restaurants and parking lots.

I do admit areas Iike Newport Beach and the Hollywood Hills would be pretty nice to live in. They’re pretty luxurious, but the wealth divide between these areas and places like South Central, East LA and countless other places in between is starkly obvious when you’re here. I’m not saying this isn’t present in other parts of the world, or even in other American cities - it just feels much more apparent when you’re here than other American cities. Maybe this is because of the chaotic organization of the city - there’s a feeling here where if you go like two blocks away from the expensive stores you start to hit dead industrial areas and lower class ‘burbs that make you want to run away. I know New York feels nothing like this, even though there might actually be an even bigger wealth gap there.

If I’m wrong about LA, let me know. If it’s a fantastic city with a cultural identity and amazing tourist opportunities other than going to Disneyland, sitting in traffic, or going to a mall, change my view!",-0.7,Passionate,0.3,0.8,0.5,1.607843137254902,10.450616633750275,53.92049703752471,2
"CMV: Trying to get people to vote regardless of how much or how little they actually know about politics is unhelpful.
I get that voting is a really good thing, and exercising your right to do so is a magnificent part of the freedom that we have in the west, however I strongly dispute the idea that everyone should vote and that high voter turnout is always positive.

I'm from the UK and our last election was my first being able to vote, as was the same for pretty much all of my friends. During the election I heard some of the most ridiculous reasons for voting for a candidate, genuine examples include ""Yellow is the most neutral colour"", ""Desmond sounds like a rich man name"" and a personal favourite ""Jo Swinson's tits are bigger than my head."" These are all people who voted because they were told that it was their duty, but didn't actually care enough to look into it. We constantly see complaining about voter stupidity and identity politics, so stop telling uninformed idiots who are perfectly happy staying out of it that they need to vote!

I get that when one of your friends or family is a clean political slate that it's tempting to try and convert them to follow your ideology, but we just end up with a skewed idea of what people actually care about. My girlfriend changed her mind on who she was voting for almost daily because various different people filled her head with crap, and she ended up voting conservative because her Dad owns a business and said he'd cut her off if she didn't. That's the level we're at. I deliberately avoided the discussion with her because I don't want her to vote for what I think, I want her to look into it herself and come to a conclusion. Influencing those around you to vote for what YOU personally believe in just breeds a society of sheeple too lazy to research the issues before deciding who they want running the fucking country.

EDIT: Just to be clear, I am not suggesting people don't vote. I'm saying that people who clearly have no interest in policy and vote purely off of social pressure to do so should be allowed to simply abstain without stigma.

I disagree with people and groups who parade as being impartial and merely ""trying to increase turnout"" whilst actually using it as an opportunity to campaign for their own party. You should be trying to win over those who are informed and can think critically before going after non-voters who are easier to convert.",-0.2,Logical,0.4,0.6,0.7,1.1290322580645162,13.53743963553531,50.132977980258175,1
"CMV: Most religions, as we know them, now relies on perpetual indoctrination of children who as adults (understandably) cannot imagine believing and living in any other way than the religion taught them
If, hypothetically, for the following 15 to 20 years no one would teach any kind of religion to anybody. That's the end of most western and middle eastern religion as we know it. It would collapse in a matter of decades as the other generations would die off, with no one to continue the legacy. Meanwhile all the people would have to rely on teachings of humanities - psychology, sociology, philosophy etc... 

All religions have some really important values and teachings to take from them, spheres where even secular humanities cannot yet reach. 
But they also have, excuse my language a lot of bullsh*t. A tradition for the sake of tradition. What I believe would happen is that people would pick up the corpses of the religion and pick from them what really has value and meaning to them - relying also on the teachings they would already know from humanities while adopting religious values and meanings. 

This would give rise to value systems and meanings (love, justice, beauty, etc...) without the grand ""papa"" who behaves like a warlord who needs to be pleased and who punishes everybody who doesn't follow him like he wants to. Along with all of bullsh*t, hurtful traditions and teachings which are all just interpretations of backwards men who hide behind devotion and ""love"". 

I'm just sad what people are willing to do just for the sake of religion and it's tradition. There is no other reason for cutting and sucking boys penis other than tradition, there is no other reason for hating people of other sexual orientation other than tradition, there is no other reason for jews and Palestinians behaving like animals to each other than tradition. 

I know what great potential religions and their teachings can have but we have to stop this awful interpretations of their teachings and start once again now with rational analysis of their material, leaning on the teachings of humanities that we already have in 21st century (psychology, sociology, philosophy). 

Religions didn't survive to the 21st century because they encapsulate the best life a person can live.
They survived in all their forms because they close off and shut off most of the outside, secular influences while they continue to indoctrinate next generations of their followers. 
Rabi of ultra orthodox jews in Israel said it himself - if our boys go to an army, they will become more and more secular and then run away from our community. Well doesn't that just show on how fragile legs your teachings stand on? If the boys cannot live and function with your religion in real life (or even the army), only in a closed of community, in your little bubble of life and what you want it to be - sorry you really need to think through your teaching.

This is just my opinion. Badly informed and probably not well written argument which relies on little research and mostly just impressions. I just want to start a discussion. Would really like some man educated in theology to give his take on this problem.
My point at the end is - some (if not most) religions need really serious reformation, if not on an almost destruction of its building blocks. 

My thought of 15-20 years of ban of religion was just thought experiment.",0.3,Passionate,0.4,0.8,0.6,1.1891891891891893,12.151208290155441,49.19495751295338,0
"CMV: As a young white man in America, I feel worthless, disconnected from and hated by women/minorities, and – though I want equality – unwelcome in the conversation.
Hey, /r/changemyview –

I'm struggling. I'm struggling because, my whole life, I've wanted fairness and equality – but over the past year I've become bitter and lost. I want to help build a better world – but, because I'm white and male, I feel profoundly unwelcome in the conversation going on right now. Sometimes, I even feel scared by it. 

I don't need you to convince me that equality is important, or that inequalities still exist. (Of course they do.) Nor do I need to you to explain how, as a white dude, I'm privileged. (Believe me, I know.) But I am hoping you can help me see a better way forward than self-flagellation and guilt, which doesn't help me and certainly doesn't help anybody else. 

So, to unpack this stuff a little:

I feel worthless. Everywhere I look, I see articles about how terrible people who look like me are, and I feel ashamed. I feel guilty. I feel like I can't be proud of who I am – and I don't mean proud of my external characteristics (in the way that people sometimes say misguided stuff on here like, ""Why can't we have a 'White Pride Day'?"") but proud of who I am, deep down, as an individual person. It's hard because everywhere I look I see positive role models from other genders/races, and I want to be positive, too. But white men are pretty vilified and there's not a lot of examples on how I can be a decent person and actually help. The message I get is that I should just shut up and bask in my privilege, because society is done with me. Deep down, I'm a caring, emotional person and I'm buckling because I feel like I can't rise above the narrative in the media: that white people, men, and especially white men are just awful.

I think a part of me feels like I should suffer, because of my privilege.  So I read social justice news frequently.  But I'm exhausted – enough so that small things are starting to get to me. Today, for instance, I saw an article about whether or not ""people of color"" is an acceptable term to use and I kind of lost it internally – not because I don't care if the term is acceptable or not, but because I feel like I can't be this perfect white man who never offends anyone accidentally. There are so many angry articles I've read and I'd like to say that we could all be angry about the problem but it feels like we're angry at each other. And it's making it hard for me to see myself and others as individuals – the exact opposite of what I want. These days I walk around feeling like people hate me, scared that even if they're nice to me they're just thinking the same things these articles say.

It doesn't really feel like the narrative of equality today is, ""let's build a better world together."" It feels more like, ""white men have caused all of these problems so you guys just go sit in a corner."" And it makes me angry, because I want to help, and I don't believe that the best way for me to help is just go bask in my privilege and die. I want to say, I'm here for this, and I want to help, but you have to let me be an individual who is imperfect and not just ""an evil white dude"". 

Ugh. I know this is rambling and probably incoherent – the more I type, I'm getting emotional. 

Anyway, please try to change my view. I don't want to keep feeling shitty and wind up a bitter, Trump voter in 2020 (lol). I want to be part of this, and help, but I feel so unwelcome and lost. 

PS: I'm going to be here for the next few hours because I'm taking this seriously and will reply in good faith.

EDIT: Thanks for the productive conversation so far. I've got to step away for a little now but I'll check back in a few hours and reply some more.
_____

> *This is a footnote from the CMV moderators. We'd like to remind you of a couple of things. Firstly, please* ***[read through our rules](http://www.reddit.com/r/changemyview/wiki/rules)***. *If you see a comment that has broken one, it is more effective to report it than downvote it. Speaking of which,* ***[downvotes don't change views](http://www.reddit.com/r/changemyview/wiki/guidelines#wiki_upvoting.2Fdownvoting)****! Any questions or concerns? Feel free to* ***[message us](http://www.reddit.com/message/compose?to=/r/changemyview)***. *Happy CMVing!*",0.7,Passionate,0.6,0.9,0.4,1.3793103448275863,7.852364055299542,71.63073655913982,2
"CMV: There is a stronger case for a maximum age for US Presidential eligibility than a minimum age
The US constitution requires a candidate to be 35 years or older to be President. Donald Trump was the oldest candidate to be elected President at age 70, and three leading candidates for the Democratic nomination in 2020 (Joe Biden, Bernie Sanders, and Elizabeth Warren) are in their 70s (with Sanders, the oldest, being 79 on the day of the 2020 election).

I personally lean towards there being no age restrictions (beyond reaching the age of majority, and I’m not even that concerned about that) to run for President. But I think if we’re going to accept the logic of them, an upper age limit makes at least as much sense as a minimum age.

The argument for minimum age limits is primarily that younger candidates will often be too inexperienced and immature to handle the office of President. The argument for maximum age limits is primarily that older candidates have a heightened risk of death, impairment and/or cognitive decline.

I think both of these are reasonable concerns. But I don’t see either as being clearly worse than the other. 

The primary argument I see *against* age restrictions is that “We should let the voters decide!” And I think this is a powerful argument and why I lean against age restrictions (and indeed, other restrictions like “natural born citizenship”). If voters think Bernie Sanders or Joe Biden is too old to be President, they can vote for a different candidate. If they think they’re still effective in spite of their age, then they can vote for them. That’s fine, although I think this logic would apply **just as well** to candidates currently too young to run for President. If Alexandria-Ocasio Cortez wanted to run for President in 2020, and people thought she was too young and inexperienced, they could vote against her for that reason.

So is there any case for age restrictions? Well, I think it has to boil down to a belief that the 
“popular will” is sometimes suboptimal and can be influenced by irrationality, or get stuck in some kind of bad equilibrium. (Bryan Caplan’s book [The Myth of the Rational Voter](https://en.wikipedia.org/wiki/The_Myth_of_the_Rational_Voter) is a notable work making this kind of claim).

If we’re accepting that logic, we need to think: is it more likely that these processes will lead to voters choosing a candidate who is “too young”, or “too old”?

What could make voters “irrationally” support a 34-year-old for office? A possible path could involve being a family member of a popular politician and then taking advantage of the [“halo effect”](https://en.wikipedia.org/wiki/Halo_effect) of being better-looking than older politicians. A possible example of this has occurred with the Kennedy family. An (entirely theoretical) way this might have affected the Presidency would have been if 32-year-old Ted Kennedy had run and won the Presidency in 1964 after the assassination of his brother.

What could make voters “irrationally” support a 78-year-old for office? Probably the main reason is having name recognition from a long career. I think Joe Biden could be a real-life example of this, Sanders also has it to some degree. (Note: I’m not saying that it is *necessarily* irrational to support someone who has had a long career - perhaps in many cases it’s a reasonable signal of experience! But I think it’s more likely than other indicators to be somewhat shallow).  

If we look at US history (and that of other countries), it seems to me that the latter scenario seems a lot more common than the former. The youngest President was Teddy Roosevelt at 42 and the youngest elected President was JFK at 43, and to my knowledge, there have been no plausible major-party nominees under the age of 35 who might have won had the age restriction not existed. 

---------------------------------------------------------------------------------------------

Now, note that “irrationality” doesn’t have to mean that voters are necessarily dumb, they might just be facing a collective action problem. For instance, I believe it's possible that if all voters were given the chance to reflect and then could wave a magic wand to make either Joe Biden or (e.g) Amy Klobuchar President, the majority would pick Klobuchar. Nonetheless, marginal Biden voters who want a moderate candidate risk that defecting to Klobuchar would instead help Sanders or Warren, so they largely don't. In a world where Biden was constitutionally ineligible to run, Klobuchar’s campaign may have done a lot better. 

Another issue could be “future-proofing” a second term. Imagine for the sake of example that either Biden or Sanders won in 2020, then ran again in 2024. They would be 82 or 83, respectively. Let’s say they had some noticeable cognitive decline. Could we trust them to step down and/or lose renomination/reelection because of this? Maybe, but maybe not. After all, there’s been a precedent in the Senate to re-elect very old incumbents, most notably [93-year-old Sturm Thurmond in South Carolina in 1996](https://en.wikipedia.org/wiki/1996_United_States_Senate_election_in_South_Carolina). Incumbent Presidents almost never lose re-nomination, and partisanship and “fundamentals” like the economy tend to matter at least as much as candidate quality in the general election. It’s easy to imagine an almost-senile incumbent being penalised by voters for this but still winning, then getting progressively worse over the four-year term. 

Again, I’m undecided about whether an upper age limit is a good idea. I think “let the voters decide” is a reasonable argument. But I think if you’re going to discount that, I don’t think there’s a good case for there to *only* be a minimum age of 35.",0.1,Logical,0.3,0.1,0.9,1.373134328358209,11.219620280474654,51.31434951456313,2
"cmv: YouTube censorship is on a slippery slope
YouTube censorship is on a slippery slope. Why on earth are certain words being bleeped out of videos. It's a weird version of censorship and I don't think it's healthy. Adults should be allowed to watch a video about a court case without every other word blanked out. And YouTubers should be able to put videos up without worrying about demonetization. I think the direction YouTube is heading in is a very unpleasant one. Where people no longer have freedom of speech and consumers right to information and uncensored content is removed. CMV

Updated opinion: the direction YouTube is headed in is one where advertisers have huge amounts of control over video content and where algorithms and advertisment encourages cenorsored speech and disincentives certain topics. The most obvious solution is that consumers pay for content on channels they like directly and cut out the advertising incentive however that creates new problems like adding a cost to consumers. I hope someone finds a better solution and we stop YouTube becoming an advert platform",-0.1,Logical,0.1,0.5,0.7,2.6666666666666665,10.899999999999999,48.97500000000002,0
"CMV: If their is a Joker related shooting it will be because of the media and those scared of it, not because of the movie itself
Edit 2: Fine odds are good the Joker (the character) had nothing to do with the Colarado shooting and that was just a dumb rumor

Edit: Alright I really didn't expect this post to blow up like this, especially in the first 20 minutes or so when it hung onto a score like 2, then suddenly went into the hundreds. I thought this would get lot 20 or 30 comments tops, then get lost in the sea of topics. Fyi it's on a score 796 with 174 replies at the time of this edit.

I've gotta go now and I won't be back for several hours and honest I'm not sure I'm gonna reply to everyone else who posts. Also yes, I know I used the wrong there in the title.

While I still think sensationalist, click chasing buzz around the movie is more dangerous than the movie, I do acknowledge that movie's appeal to disenfranchised white guys could stir some thoughts in people and I understand how people could imagine the movie being dangerous for awakening those kind of thoughts or encouraging someone on edge to act out, in the same way 13 reasons might do the same for suicidal thoughts (don't watch 13 reasons if you're suicidal. Actually don't watch 13 reasons, it sucks) .

I can see how people who feel on the fringes of society might relate to the Joker, especially those communities, though i still don't believe they actually embraced him as a symbol or meme before Gamers Rise Up and no one has linked to a meme of such that existed before Gamers Rise Up even with the promise of a Delta for doing so. Though I could see edgelords finding him appealing.





The Joker has existed since the 30s, and has inspired NO SHOOTINGS, since even the COlarado one had nothing to do with it.

The movie itself in no way glorifies or justifies the alt right, violent white men, or the violent part of the incel community or Incels in general.

The Joker as a symbol of incels and channers and the alt right thing has not been a  thing before GamersRiseUp and the like actually inventing the ""We live in a society"" meme linking them together, and progressive, click hungry, clickbait, outrage seeking media pushing it as a narrative. If it ever comes to be, it will because of them, as the link did not exist before, even though the character has existed throughout both the rise of the original Nazis and Neo Nazis and even the KKKs resurgence, yet none of these saw fit to adopt him as a symbol, even with the same group of angry white men and the far right. I don't even think Hitler cared about Batman.

If there was no media buzz, outrage chasers, pseudo activists (because imo you shouldn't call yourself an activist unless your actually using your activism to do good in the world.) , etc this film would come and go without much more fuss than a movie like Venom, beyond being better received and remembered.

But now any would be shooter has the promise that if they do this, their manfeso, viewpoints and everything their trying to do will be given the greatest megaphone they could ever ask for, and people proptadly against them to boot, their names will be immortalised and their actions and manifesto will live on in the public conscious for weeks, months or even years, which gives them far more motivation than just a movie about an edgy Batman character.

Even if a shooting doesn't happen, if Joker ends up becoming an unironic chan and or incel symbol, it will be because of the media and outrage chasers pushing so hard.

And of course the far left branding this movie as dangerous and toxic and giving off Jack Thompson esque Diatribes about the film, will only make it that much enticing and fascinating to the far right and edgy channers and incels their supposedly trying to curb",-0.3,Logical,0.2,0.6,0.6,1.065217391304348,15.794168057030184,46.883556044289406,2
"CMV: You don't have to eat totally healthy to live a good life
I'm not talking eat junk food all the time, but you don't need to stuff yourself with fruits and vegetables either. Just eat food that is good but not total junk food like good meat, whole grain carb, some vegetable, sweets in moderation, dairy for calcium and fruit to cut down on sugar craving , etc.

I just think if you try to hard to live by a super healthy diet, you're not living a fun life, you're just living a life to keep your body in top shape. Of course your relationships with people make life worth living, but if you stick to food needing to be healthy to be worth eating, you miss out on a lot of potentially good experiences. When you dedicate yourself to eating totally healthily you just have such a strict mindset, you end up not being open to enjoy life as much as you could.

&#x200B;

EDIT: Wow, a gold, thank you os much for supporting my message / debate about how to live life in a happy sort of moderation!",0.7,Neutral,0.1,0.4,0.4,1.0,12.490767195767194,61.61488095238097,5
"CMV: The 2 party system and the electoral college are destroying America.
The 2 party system creates an us vs. them mentality that is destroying our country. Most people immediately see someone in the opposite political party and disregard their opinion. Furthermore, 2 parties does not create enough to encompass everyone's beliefs. Many people agree with one party on some issues and the other party on other issues. However, the electoral college forces a 2 party system. It is near impossible for a 3rd party to gain enough traction to succeed. Therefore, I believe that we should abolish the electoral college and elect officials via a popular vote. An argument I hear against this is that candidates wont rally in smaller states, but this is not a problem thanks to the age of technology we live in. Smaller states can get an understanding of and form an opinon on a candidate without ever seeing them in person, via the internet and television. I also think we should abolish all parties and elect people purely based on their opinions. This will create more options for the public and a more informed public. Instead of having to choose the lesser of 2 evils, people can actually vote for someone they believe in. In conclusion, the electoral college and the 2 party system are horrible for the general public and should be abolished.

Update: WOW I was not expecting to get this many comments. I'm trying to read them all but if I don't respond to your comment, I'm sorry. There are simply too many to write a well thought out response to them all. I am also busy with Christmas so there is that holding me back. I will read them all tho",0.4,Logical,0.1,0.5,0.7,1.2352941176470589,8.737420962199312,58.33479123711342,0
"CMV: Active bodycams and dashcams should be mandatory for all police interactions with the public
I believe that whenever any police officer interacts with the public, in any capacity, it should be recorded (and stored for a reasonable time), without exception.

The reduction of costs of potential law suits (either frivolous or valid) should address cost concerns, and even if they do not, I would be happy to pay slightly higher taxes to ensure that law and order is more evenly applied, good cops are allowed to do their work, and bad cops are identified and removed from their positions. Seems like a win-win for everyone to me.

Does anyone have an argument as to why this would be a bad idea?

&#x200B;

edit: I should explicitly exclude undercover operations here. Thanks to the posted who pointed that out.",0.5,Logical,0.1,0.3,0.8,2.0,12.206151079136692,48.812919664268605,1
"CMV: America's standards for Movie ratings and Television censorship wrongfully prioritizes sexuality over violence in deciding what should be deemed 'not suitable for children'.
I believe that our perception of what will effect our children and how it will affect them is deeply rooted in America's puritanical history. 

But times have changed and the standards for what should be considered 'appropriate' have changed too.

I don't know if there is any objective way to explicitly determine what should be considered 'appropriate for children'- but I think, for example, that most reasonable person would agree that seeing a nipple (not allowed on TV) should be considered significantly more appropriate for children than seeing a violent murder (totally allowed on TV).",0.0,Logical,0.1,0.4,0.7,1.125,17.430987394957985,23.079086134453803,0
"CMV: We should be able to block subreddits just like we can block other users, or subs can block us.
Let’s face it, the word civil on reddit can probably only be used to describe 5% or less of the posts on this site. With that in mind, straying outside of communities you’ve signed up for is already a bit risky. You never know when something you say could lead to you being harassed, and even having some comment made genuinely in the wrong sub leading to bunch of downvotes that only lead you to delete your post to avoid the stress of arguing with anonymous people on the internet. No one likes sticking around for a fight, and trying to make a genuine point can sometimes be a demoralizing and unnecessary outcome of saying what you think. That being said, some subs just pop up. 

Do you like following politics? Well on the news section of reddit, you will be forward posts from r/politics, which has one opinion that you can either agree with or be shunned. Don’t like what’s being posted on r/conservative? Too bad. They’re gonna come up whether you like them or not. I think telling reddit what we’d like to see also should come with the customizability to tell them what we don’t want to see. 

Sometimes the news feeds of certain subs are littered with links to sites that have paywalls, and if I’m always being recommended posts from these subs, it can be irritating. 

We talk about the dangers of eco chambers, but Reddit’s downvote system only serves to punish descent, so its not as though reddit isn’t a cluster of echo chambers. There is just the illusion that we deserve our fate for saying unpopular things. But what about the mental health of those involved? 

Ironically, CMV is one of the only subs I see where people welcome each other to be challenging of each other’s views, and welcomes civil debate. There are others, but I feel like it’d be rather controversial to name names. 
 
Reddit gives all these tools to allow subs to keep out unwanted guests, and I think that’s great. Its fine to say that’s if you are in a sub that is a support group for something, you would want to keep certain people, who are sure to exacerbate things, from posting there. So why not afford people, who are trying to keep their feed free of the negativity and vitriol of our current environment from that, for the purposes of their mental health? 

I understand that we should allow ourselves to be exposed to ideas with which we disagree, and that it is healthy to be open to different points of view, but if you can’t challenge your ideas by engaging in debate, you’re just going to get entrenched. We need the ability to talk things out rather than just be talked at, but since we’re not going to magically make everyone on reddit civil, maybe we can just have the ability to turn off certain subs, and better control our own experience.

[edit] Thanks for the comments! I have to stress though that this wasn’t “how to” request. I think this should be an official Reddit feature. I think Reddit should allow it on principle. If you have any reason that Reddit should not allow this, please let me know...

[edit 2] Wow... I just woke up and this exploded so... I’m gonna work my way through everyone’s comments! Please bear with me!",0.5,Logical,0.1,0.6,0.6,1.125,8.41937022586141,68.42604605154696,1
"CMV: Christmas has evolved past the confines of Christianity, and the cultural traditions so heavily out weigh the religious traditions that everyone should feel welcome to celebrate it regardless of their religion.
My point is basically that if you look at all of the Christmas traditions: the Santa mythos, the music, the trees, the cookies, etc. they extremely out weigh the actual Christianity of it. And because of that we should abandon the notion that just because you celebrate Christmas you also have to celebrate the birth of Christ and Christianity. Instead treating them as separate but joinable entities. You can celebrate Christmas with or without the Christianity of it and no one should feel guilty celebrating the holiday of their religion conflicts with Christian views. 


~~For example, how many Christmas songs other than “Away in a Manger” and “Silent Night” do you know that actually have to do with Jesus?~~ Now compare that against all the songs you know about Santa. There’s a lot more of the later. You don’t see Jesus in the malls and drinking Coke with polar bears on TV. 

Even though most of these traditions have pagan origins, the tree, the lights, etc. we still associate the holiday with the birth of Christ instead of the actual calendar land mark, the winter solstice (similar to how Halloween arose to celebrate the Fall Equinox)

I guess my main point is that we have this big cultural holiday that is 99% cultural, but because of the 1% religious part of it, a lot of people feel they can’t celebrate it. And they take Christmas out of schools and say Happy Holidays and avoid it 

when it should be viewed  is like Thanksgiving where you would never think “oh I shouldn’t celebrate Thanksgiving because of my religion” and you wouldn’t hesitate to put up finger turkeys around the office, pumpkins on Halloween, or patriotic flags on the 4th of July. 

The religious part should be a sort of subset, or an add on, where should you wish to celebrate the actual birth of Christ on Christmas you most certainly can, but if you choose to celebrate Christmas without acknowledging the birth of Christ, that’s also equally acceptable. Just put up some lights and leave out cookies for Santa. 

Edit: there are a TON of Christian Christmas songs, that was a bad example on my part that distracted from the point. ",0.4,Logical,0.1,0.4,0.7,1.1304347826086956,12.172929104477614,52.53909514925374,0
"CMV: There is nothing morally wrong with pirating old games that have no available remakes.
A perfect example of a game I am thinking of is 2002's Super Mario Sunshine. That game is coming up on 17 years old and has no available remakes. The *only* way to play the game ""legally"" is to buy a copy which will be used. Buying this used copy does not support the developers. So there is nothing morally wrong with pirating a game like this (that is old and has no available remake), because there is no way to play it in a way that supports the devs anyway, so what are the devs missing out on by you pirating it instead?

EDIT: Glad to have gotten such a good discussion rolling. I apologize if I don't get to your comment but I'll try to get to many! :)",0.6,Logical,0.1,0.2,0.8,2.1666666666666665,8.242887931034485,68.24778017241381,1
"CMV: the “NSFW” abbreviation needs changed to become 2 different abbreviations: one for nudity and one for everything else.
We’ve all seen the little red “NSFW” tag on reddit. 

Most of the time the tag works well - there is usually boobs and butts behind the click - I’m glad not to click those during my lunch break. 

However... most of us work alongside other adults, so opening a creepy image or a video of a skater falling on their ass is perfectly ok to open in work. 

I just think that the NSFW tag is too broad. Honestly, at home, I’m ok looking at your weight loss pics that maybe have a little too much flesh showing... but surely it’s ok for me to show my buddy the latest pic from /r/creepy on our lunch break?

So I think there should now be 2 abbreviations:

NSFWN - nude stuff

NSFWO - other. 

Agree?

Given how resistant Reddit are to change, I’m not suggesting something like this would ever come to pass but I think it would greatly improve how Reddit works. 

Edit for additional:

After reading some of your replies I see there are a few extra things to consider:

1) Maybe my suggestion for improving the NSFW tag is not the best and I’m happy to read your suggestions on how it might work better. 

2) I’ve learned that there is a tag “NSFL” which is used for gore etc. Problem is it doesn’t get used in the right places. 

For instance: a post titled “when it goes wrong at the gym” is marked NSFW it could be anything from a guys shorts getting eaten by the treadmill, to a guys knees getting snapped on the leg press. 

(That’s my case in point)

 

Edit: additional additional:

As pointed out in the comments... some people might be actively expecting some nudity when clicking a NSFW but end up with some gore etc. 

Again, further proving that the NSFW tag is fundamentally broken.  ",0.4,Logical,0.1,0.2,0.8,1.1818181818181819,9.286517857142858,65.10691964285716,0
"CMV: Americans saying that the US is a third world country are ignorant and have never set foot on actual third world countries
I live in what would be considered a third world country. I’m from Bolivia. I’ve never been in the US but reading why they say they are going downhill makes me think they have no clue what they talk about.


First they complain about their gender ideologies saying they don’t get enough respect. But still you can sue, you can do something about it. Here justice system doesn’t even work so can’t sue and specially not for something like that. Gay people get zero respect and they can be discriminated against. Trans people are almost non existent. The LGBT community is seen as a joke.



They complain about the government and they may be corrupt, but not like ours. The government officials have illegal parties with narcos (recorded) and they protect the biggest cocaine labs in the Chapare. If you dare try say something you risk getting thrown in jail, killed or drown with internal taxes that come out of nowhere. Where in the US have you seen politicians partying with narcos? They can do whatever they want and no one can say other wise. 



Poverty is another one. A poor person from here is not the same as a poor person from the US. The minimal salary here is 2000bs which is less than 300$. You don’t see ‘poor’ people with Iphones and cars. They have to ration everything if they want to eat along with paying everything else.


Here education (unless you were in a private school) is terrible and they fill you with political lies. The books are about our ex-president and they have festivities only for the current political party. Since kids they brainwash them. Would you say it is possible to do the same in the US? I don’t think so. People would complain and riot. The media would talk about it. Again you can do something about it. 



The justice system is non existent. The winner is the one who has more money. All the judges are bought and if you try to do it the right way, you lose the trial. 


Basically all public services have to be bought if you want them to work. Police, health care and schools. I’m having a hard time seeing how the US could be comparable to my country in any aspect.",-0.3,Passionate,0.9,0.7,0.8,1.736842105263158,5.861720142602497,75.05796791443852,1
"CMV: Freedom from religion is as or more important than freedom of religion.
There have been thousands and thousands of religions and none have been demonstrated as true, ever.   Pretending that you know the will behind everything is a pretentious appeal to authority, most especially when you think your will should be above anyone else's.  

The act of not baking a cake, refusing service, or not signing a marriage certificate (in a secular role for one of the most secular things two people can do)  is what constitutes the ACT of bigotry.  The belief system underlying it is the rational for acting biggoted

If you can convince me that freedom from religion is not as or more important than freedom of religion,  as in every religion should have a voice in my life,  than you have a good chance of changing my mind.  Bet you can't


Edit:  apprently no one in the west would disagree, which is cool.  At least I got that going for me, which is noice.

Edit2:  TDIL, calling out religous bigotry is bigotry. "" I'm not the biggot, you're the biggot for saying I'm a biggot so it's the same!"" defense is interesting, not persuasive though.

Edit3:  i can't keep up, sorry about that if I haven't responded.  The ""bet you can't"" thing is a riff on the latest season of Letterkenny.  I will go through the hundreds of comments and award deltas when I can, and when I figure out how, lol.  Sorry I am behind.  Concerning my godless lack of morality.. what?  Come on guys,  I'm neither advocating slavery nor shouting for the human race to become atheist and by extension communist??  Seriously, lets dial it back just a bit.

Edit4:  many people have written fairly wordy explanations in support of their view.  Wow, simply phenomenal efforts by many helpful people, thank you.   I have been up early trying to read through them all and awarding deltas where appropriate.  The cake example is a poor one and I do see the difference, although in general i am still very much against personal freedoms that are bigoted and excused by religious interpretation, hopefully they will continue to be less and less common.",0.2,Sarcastic,0.1,0.5,0.5,1.25,9.165066354410616,60.395819672131154,3
"CMV: It's absolutely ridiculous that the military (US) gets a budget of 500+ billion dollars while institutions like NASA and the education system barely get a quarter, if that, of the military's budget.
I find it unbelievable. Usually when I talk to someone about this, they say that our countries defense is more important over NASA and education, but that doesn't really make sense to me. Wouldn't funding NASA and education make us smarter as a nation? Also, tell me if I'm wrong, but to me there is no possible way they use all of that money. I remember seeing a youtube video where they talk about how the military buys new bullets every year because they want to, while the exess bullets from last year are used for training. In addition, why on earth do they need that much money when we aren't even in any major wars? If we were in a world war or something, I'm all for a large military budget. But we aren't, so why do they need that much money?
EDIT: This has been a blast to learn about, seriously. Being a junior in high school I have learned more in this thread than I would if I had never posted. Additionally, I only just recently found out about this subreddit and with this being my first post, I hope I can post more about subjects I know little about but still have an opinion over. 
Also, rip inbox. ",0.7,Passionate,0.1,0.5,0.6,1.1176470588235294,9.19510204081633,62.70533751962326,1
"CMV: We should stop saying ""Russia"" and start saying ""Putin.""
""Russia says it is liberating Ukraine""  
""Russia threatens nuclear war""  
""Russia destroyed peace efforts""  


I am seeing a lot about what Russia is doing lately, for fairly obvious reasons. However, as I understand it, the majority of Russians are not in favor of the current direction of the country. Moreover, none of them have the power to make, or halt, these decisions.  


When people say ""Russia"" they really mean ""Putin."" Putin invaded Ukraine. Putin threatened nuclear war. Putin destroyed peace efforts. It's one dude with the power, and allowing him to hide behind ""Russia"" is shifting where the responsibility for these acts lie. We should be titling our posts and our news leaks with Putin because he specifically made the decisions, not the general public of Russia.   


Pointing out that Putin was elected and therefore represents the will of the people is not going to change my  mind. He is still and individual giving individual orders, presidents are responsible for the effects of their decisions. We have no problem saying ""Trump allowed Covid to get out of hand"" or ""Biden caused inflation"" instead of ""the US caused inflation.""",0.0,Logical,0.1,0.4,0.8,0.8888888888888888,8.824747474747479,58.9212237762238,0
"CMV: America has gotten so fat that overweight people are viewed as average weight and average weight people are viewed as skinny
Ok went down a bit of a rabbit hole the CDC says that 
73.6% of American adults are either overweight or obese. At first I was like this percentage doesn't make sense. Then I started to think that I'm probably just so used to looking at people that are a bit overweight my perception of what's skinny healthy overweight obese is probably warped. I'm also aware that bmi doesn't automatically mean healthy weight and doesn't account for muscle mass so that could skew the results a bit. But still 73.6% is a huge number and I really don't see musle mass being the lone cause for this. 

Edit: for the title people who are overweight are viewed as being a healthy weight and people who are skinny are viewed as being underweight. Saying average could make this post have a completely different meaning. 

Edit: for background my BMI is 22 I have several people say I'm too skinny and should gain weight went to the Dr there was 0 concern around my weight this is what led to my thought process that maybe I'm just so used to seeing overweight people that it doesn't even register as overweight in my mind anymore ",0.0,Logical,0.2,0.3,0.7,1.4210526315789473,10.21385714285714,61.731142857142885,1
"CMV: Sizing for women's clothing should be based on real measurements, not arbitrary numbers.
I'm willing to be flexible on casual wear, since things like t-shirts or sweats are generally sold in small, medium, etc for men's / women's / unisex styles and fit is usually less crucial.  But for pants, dresses, formalwear - anything where a more precise fit is important and men's clothing is already sold by real measurements - this needs to change from the current system.

Ideally, it would be just like a pair of men's jeans for example.  None of that ""size 4"" crap that varies by half a foot from brand to brand.  Just do real measurements.  For dresses, maybe something like bust / waist / hips, and maybe even overall length for people who prefer shopping online and aren't just holding it up for a quick visual.  

Worst case?  Whatever, keep your bizarre arbitrary sizing, but include the real numbers for *that size* right on the tag.  Browsing the rack at a store and see a size 10 that you like?  The tag for it should include the real measurements for that particular size 10 garment.  Buying it online?  The product page should have real measurements on it.  And once you commit to a sizing standard for your brand: LEAVE IT.  It's insane how something from one brand that's two or three years old could be a drastically different size than something of the ""same size"" released today.    

I don't see a good reason to keep this information hidden or constantly change it, but maybe there's some crazy factor that has gone completely over my head.  I'm open to hearing why it would be bad to do this.",-0.1,Passionate,0.1,0.4,0.8,1.5789473684210527,7.874424283154124,69.66496975806453,3
"CMV: Waffles are superior to Pancakes
Even though you use the same batter waffles taste different than pancakes and are superior. It is all in the way it's cooked. Waffle machines just add something to the flavor that at pancakes just can not comprehend or live up to what so ever. The holes so you can the perfect amount of syrup to carb ratio and each little hole is a bowl that allows you to have the perfect ratio makes the vibes immaculate. With pancakes, all you get is soggy carbs that does not get a great ratio. As well as waffles are just the superior circle breakfast food.",0.4,Humorous,0.1,0.5,0.5,1.375,8.166559633027525,68.8692278287462,1
"CMV: The rape and incest exceptions for abortion prohibition don't make sense unless the abortion prohibition exists primarily to punish women for pregnancy or sexual activity rather than to protect the fetus.
I think I managed to fit my narrow position in the title.  I'm not interested in whether or not abortion should be legal (though I'm pro-choice if it matters) but only discussing the rape and incest exceptions to abortion bans.

If protecting the fetus is relevant because it is seen to have some inherent value, that inherent value is not reduced because of how it came to be.  It will still develop, in time, into a human being provided it doesn't miscarry like 10-20% of most pregnancies.

However, if seen as a moral punishment of a woman for her misdeeds, this exception makes perfect sense.  A woman who willingly had sex must be forced to carry a child to term as a method of control / punishment by society, *unless* it really isn't her fault *that the sex occurred*.  This is much more consistent with the rape/incest exceptions.

I'm willing to accept that this is about societal **control** over women rather than punishment, and I won't take that as a change in my view though I'm still interested in discussion.

And primarily I'm interested to see if there's any rational for that exception to an abortion ban that leaves the ban with an internally consistent philosophy that isn't about punishing or controlling women.",0.0,Logical,0.1,0.5,0.9,1.5384615384615385,12.931737704918032,45.80752459016395,0
"CMV: The age to join the United States military should be the same as the drinking and smoking age (which was raised to 21 starting the summer of 2020).
The argument that everyone always gives for not being able to drink at 21 is that the brain isn't fully developed yet, etc. But we allow these same people, who can't even legally purchase a beer, to go and die for us? I understand that not every 18 year old that joins the military is gonna die obviously. But this isn't just some high risk job. The point of the military is defence and fighting. Yes I get that there are other positions that never see combat. But that doesn't change the fact that they CAN see combat. now, I'm not arguing that the drinking age should be lowered, or that the military age should be increased. Obviously one of those would have to happen if we made them the same age, but I'm not really for one of the other, as I am no expert. But I cannot fathom how people think it's okay to allow people to join the military, but they can't even have a beer. And soon they won't even be able to have a cigarette.

Im actually not sure what would change my view on this subject. I'm not really sure what could be said to me that wood convince me that it's okay to send somebody to potentially kill other people, but somehow drinking a beer is more detrimental to their health (or whatever other reason anybody can come up with for this law). 

however, I am open to discussion, and I am certainly open to have in my view changed.

CMV

Edit: I keep seeing the same arguments over and over, just worded differently. Nobody has changed my view, and I have to go to work. 

I just want to clarify that the entire point of my argument is that once the United States government views an individual as an adult, they should be able to make all of these decisions by themselves. If they consider 18 to be an adult, they should be able to make these decisions. the entire point of being considered an adult, is that the government recognizes that you are able to make your own decisions and take care of yourself and provide for yourself. But they don't trust you to have a drink or smoke. but of course they don't mind if you join the military, because that benefits them. and for everyone saying that drinking harms of the people, so does joining the military. Family sometimes don't get to see their children and loved ones for four or more years at a time. Not only that, but if that person dies in the military, the entire family is devastated. It may not be the same effects as drinking and driving and killing somebody on the road, but to say that the military and drinking aren't the same because drinking affect other people is asinine. joining the military absolutely affect other people in those around you. And it has a detrimental effect on plenty of people's mental health.",-0.3,Passionate,0.1,0.6,0.7,1.206896551724138,8.846482479784367,65.3515566037736,0
"CMV: We should all try to grow a thick skin as individuals and try to avoid being ""offended"" when presented with stuff that doesn't align with our ideals and world-view.
Expecting other people to respect EVERYTHING you stand for is just ridiculous and kills discussion, this is not to say that people should actively try to be assholes to annoy you, but you should be able to ignore it.





If we rely on the ""That's offensive"" or ""I'm offended"" argument we just refuse any possible debate we could have with other people, furthermore you have to be able to deal with these kinds of critics against your views and arguments if you want to better yourself.





A good example would be Neo-nazis. I understand that the Holocaust was a tragedy and that Nazi Germany was a mess, but you simply cannot dismiss any of their views by saying they're ""offensive"", ""racist"" etc. You have to debate them and try to at least understand their point of view. You can still decide they are assholes that are doing it to actively offend others or that their beliefs stem from unreliable data and misinformation but you can't do that without an honest discussion.




",0.0,Logical,0.1,0.5,0.6,1.75,13.631457000710736,48.47507462686568,2
"CMV: There’s no reason to believe that our modern society is any more immune to catastrophic collapse than any of the other past civilizations we unearth. Believing so is arrogant and potentially dangerous.
There have been dozens of civilizations in the past throughout the world at various points through history, which, at their time, would have been considered the peak of global civilization as we (they) knew it. 


Many of these civilizations lasted for centuries and conquered great swaths of land, and or held their own land, became vastly wealthy for their time and probably felt more or less immune to collapse, yet they did, for various reasons. Climate, draught, famine, war, reduction of primary resource(s), disputes over government or social policies. 


My view is that ultimately, our current civilization is really no different than that of ancient civilizations. We are just as susceptible to collapse as they are. We can’t know what ancient peoples thought, but it seems as though most people today would think this to be impossible. Einstein was quoted to have said after seeing the detonation of the first atomic bomb “I do not know with what weapons the third world war will be fought with, but the fourth world war will certainly be fought with sticks and stones.”


Why would it be impossible that, say, 10,000 years in the future, if the decision making peoples in our society don’t start looking ahead further than the votes of their constituents, paleoanthropologists won’t be trying to piece together what happened during the “oil age” or the “silicon age”? 


CMV",0.0,Logical,0.3,0.6,0.7,1.875,13.228763358778625,46.88398473282447,1
"CMV: All grocery stores should be forced by law to put all expired or near expired (to be tossed out) foods into a container to be available to the homeless, to food banks or to the poor vs. throwing it out.
I know forced sounds extreme, but so is homelessness, starvation and near homelessness. America has a serious problem with waste, a large carbon foot-print and homelessness. Whole Foods for example, probably throws out 1000's of dollars of food a day. I just watched a video of a dumpster diver who pulled out enough foods for at least 50 people, and it was good. 

Expiration dates are not exact, just guesstimations. 

5 countries already have a law.

In 2016, the French government essentially banned food waste in grocery stores. Primarily in response to a spike in demand at food banks and other charities (spurred by an increase in unemployment and homelessness), France made it a law that **grocery stores must donate edible food** instead of throwing it out. 

[https://foodhero.com/blogs/countries-fighting-food-waste](https://foodhero.com/blogs/countries-fighting-food-waste)

I won't accept any answers dealing with possibly making people sick from Salmonella and such. Clearly these other countries have ways to sort it out.

We have a store here where I am with near expiration date foods and there are services that sell it. 

F these stores who profit on food that will almost go out of date. Geez, people will figure out ways to make a buck.

Edit: Thanks everyone for your feedback, I appreciate it. I can’t answer hundreds of replies, so I’ve received enough feedback and given out Delta points. Thanks for being so passionate about this subject. Thank you. I will not be answering anymore questions, as it would be too time consuming.",-0.2,Passionate,0.2,0.8,0.6,1.0555555555555556,7.361645196908356,69.09364188443138,0
"CMV: Technical writing should be a core part of the standardized high school English curriculum. If not, high schools should offer technical writing as an alternative English course.
First of all, I live in the United States, so everything I write about the current English curriculum will concern U.S. education.

I've seen a lot of people on this subreddit post about high school English, especially to criticize the structure and focus of its curriculum. I agree with most of them: Shakespearan plays, ancient Greek epics, and most texts written not within two centuries of today are not useful to modern students. When we analyze these texts, we gain knowledge of ideas popularized *centuries* ago that are no longer applicable to today's society.

The English curriculum needs to be more applicable to a wider variety modern-day carreers such as science, engineering, law, economics, etc., as all of these (and many others) will require some type of technical writing. 

Why should high schools waste such a valuable opportunity to introduce their students to the intricacies of a skill that they will likely need for their entire lives? Isn't it so much more enjoyable and rewarding for a student to learn to articulate their *own* ideas through writing instead of summarizing those of a long-dead author from a bygone century?

My view us that a technical writing course is the best possible way to reform the English curriculum. My view will be changed if someone can prove that there exists a better way to do this, of if the current curriculum does not need reform.",0.2,Logical,0.3,0.4,0.8,3.230769230769231,12.021183206106873,47.76424300254456,0
"CMV: We should be excited about automation. The fact that we aren't betrays a toxic relationship between labor, capital, and the social values of work.
In an ideal world, automation would lead to people needing to work less hours while still being able to make ends meet. In the actual world, we see people worried about losing their jobs altogether. All this shows is that the gains from automation are going overwhelmingly to business owners and stockholders, while not going to people. Automation should be a first step towards a society in which nobody needs to work, while what we see in the world as it is, is that automation is a first step towards a society where people will be stuck in poverty due to being automated out of their careers.



> *This is a footnote from the CMV moderators. We'd like to remind you of a couple of things. Firstly, please* ***[read through our rules](http://www.reddit.com/r/changemyview/wiki/rules)***. *If you see a comment that has broken one, it is more effective to report it than downvote it. Speaking of which,* ***[downvotes don't change views](http://www.reddit.com/r/changemyview/wiki/guidelines#wiki_upvoting.2Fdownvoting)****! Any questions or concerns? Feel free to* ***[message us](http://www.reddit.com/message/compose?to=/r/changemyview)***. *Happy CMVing!*",0.1,Neutral,0.1,0.5,0.8,2.8,8.922157324540745,62.345534620819606,2
"CMV: Giant burgers that people cannot feasibly bite into are bad.
Burgers should have all their layers be able to be bitten into at once. The burger should be constructed with complementary flavors, and its size should facilitate that. 

If a burger wanted people to have bits and pieces of its parts in every bite, why not just make a salad instead? Salads are respectable, and they don't pretend that each bite is homogenous. 

It's also impractical. Big burgers look great on Instagram, and I agree that apperance is important. But big burgers are just hard to eat without portions flying out. It's wasted food! ",0.2,Humorous,0.1,0.3,0.7,1.7142857142857142,6.940952380952382,66.07904761904763,0
"CMV: Millennials have to fix the world and have every right to be angry at the older generations.
Millennials have been given a huge task by older generations and the sooner they are elected to positions of power the sooner they can fix the problems that these generations have made.

 In order to fix the climate Millennials will have to travel less, consume less and pay more for the privilege. This is on top of being poorer than the generation directly above, sky rocketing costs and growing inequality, and then we have to pay even more tax just to keep the people who created this awful self serving system alive for a few more decades and give them spending money. To deal with all this and expected to respect their elders (while they write articles about how Millennials are causing all the modern problems) is a disgusting position, especially when they have had decades to actually start fixing the issues and have instead focused on getting rich.

Lets look at the ageing population issue, people are living longer and because of the baby boom there are now more of them than ever. These people were given really amazing retirement packages back when people died young. Now that governments have realised that this is unsustainable they are making pensions worse and harder to get by extending the retirement age over and over. Also they realise that the health care for this group is going to be massive, just to have enough workers to look after them we need mass immigration but it turns out that they don't like this either. So the only thing that will work is more and more public money going to health care at a higher tax rate. This burden is falling on millennials when they should have upped there own taxes invested in public health care while they were earning to be ready to look after them selves when they were old. 

Climate change is a massive problem and it has been known about for decades but instead of implementing massive recycling schemes and emission cutting in the 90s or even the early 2000s so it could change slowly over they pushed it back since they like consumption and now we only have 20 years to save the world which means huge and dramatic changes effecting the quality of life for the next 30+ years.

These are just 2 issues being caused by older generations but they effect how millennials will live for the rest of their lives. They are clearly unwilling to change so we have to get in to power and fix this for the next generations.",-0.6,Passionate,0.1,0.9,0.6,1.1142857142857143,14.01121089970977,50.968515801354414,1
"CMV: the disappearance of Down syndrome in Iceland through abortion is not inherently evil or bad
It just raises a few red flags because it sounds like Nazism. But it couldn't be farther from that. The idea of Nazism and most eugenics theories is to be applied top-down, while this is an emergent tendency from individual women taking decisions using the information available to them.

Now, I'm not saying that fetuses with down syndrome should be aborted (again, that would be a top-down imposition), or that this is good for humankind's genetic pool, or even that people with Down syndrome can't live happy, fulfilling lives. It's just that abortion laws ensure that women have full control of their body, and are able to decide if they want to continue a pregnancy for whatever reason they seem fit. Furthermore, it would be unjust to try to stop this, wether by prohibiting it in certain cases or withholding information, as it's done in some countries, as it would deprive women from this right",0.1,Neutral,0.1,0.4,0.8,2.125,14.018567251461992,45.318026315789496,1
"CMV: Making your kid pay rent to live in their own home if they’re under the age of 18 is child abuse and should be illegal
I was reading a comment here about some kid whose mom made him pay rent at 16, and I genuinely can’t comprehend what kind of parent would do that. Even if your kid dropped out of high school and went into a trade, you signed up to take care of—feed, shelter, love—your child until they’re an adult. 

Even if they’re in college and living at home I have reservations about it personally, but it should be up to the homeowner at that point since the kid is technically an adult with a job probably and should be learning how to manage rent, taxes, etc. And obviously if they’re adult people with jobs still living at home the parent should feel free to charge rent. 

But I feel like forcing a 16 year old to get a job and pay you to live in their own house is ludicrous. Children aren’t an extra source of income for you, they’re a person you brought into the world voluntarily (in most cases) and it shouldn’t be on your child to provide for you. If you really want to teach them a lesson about the real world, make them do housework to help carry the load. Unless the child voluntarily gives some of their income to the parents to help out, I feel like this is at least mildly abusive. Unless someone can think of some very specific circumstance, I can’t see a good reason to allow children to pay rent to their own parents.

Quick edit; I’m out right now but I have changed my view a little, I’ll do some deltas later and respond to everyone! Thanks for helping educate me and other people on the issue!

EDIT: My view’s definitely been changed a bit. I still stand with it being regulated somewhat to protect minors, but I don’t believe it should be illegal anymore or considered child abuse. It’s been pointed out that paying some small form of “rent” can teach responsibilities and in a majority of the cases the parents put it back into the child’s future education or reimburse them to help down pay a house or apartment. 



It’s next to impossible for it to be regulated without making it straight up illegal, and parents should be able to raise their child as they see fit. Although it’s sill their duty to protect the kid and forcing them to pay or kicking them out is actually illegal already, but having them give a small part of their earnings to a college fund or something is much different. I would also say if the kid is willing to contribute or for situations where the family struggles financial that’s another, good reason. Thanks for the discussion everybody!

EDIT 2:  Thanks for the discussions everyone, was really interesting to not only see personal views but how a specific culture impacts it. My original view was quite extreme and you guys have helped me to gain a more well-rounded and informed opinion on the topic, and it’s very much appreciated. I’m not gonna be able to respond to any more comments unless it’s groundbreaking because I didn’t honestly think that many people would discuss it. Have a great day everybody and thanks for helping me stay informed!",0.5,Passionate,0.3,0.7,0.7,1.1891891891891893,11.42787878787879,59.27727272727276,2
"CMV: A person does not automatically deserve respect just because they have served or are currently serving in the military
I’d like to preface this by saying that I don’t believe soldiers are, inherently, bad. Some people believe soldiers are evil simply for being soldiers, and I do not believe that.

I do believe, however, that soldiers do not deserve respect just because they have served. I hurt for soldiers who have experienced horrible things in the field, but I do not hurt for the amount of violence and cruelty many have committed. Violence in war zone between soldiers is one thing; stories of civilian bombings and killing of innocents are another. I think that many forget that a lot of atrocity goes on during wars, and they are committed on both sides of conflict. A soldier both receives and deals out horrible damage.

TL;DR while I believe that soldiers have seen horrible things and that many do deserve recognition for serving our nation, I do not believe that every soldier deserves this respect simply by merit of being a soldier. Some soldiers have committed really heinous war crimes, and those actions do not deserve reward.",0.1,Neutral,0.4,0.6,0.7,1.1111111111111112,11.145170068027216,53.94586167800455,1
"CMV: Children should be taught psychology/basics of human behaviour right from a young age in school.
I don't mean Psychology as a subject per se, but we should be taught how to understand our own behaviour from a very young age in schools itself. It should be taught and given as much importance as any other academics. 

Imagine how many stable adults we would have if they were taught all this from their childhoods. They would know how to navigate friendships, relationships, and would probably be significantly less fucked up than a lot of us are today.

And I don't mean having a school guidance counsellor or something. That doesn't always work for several reasons. What I am suggesting, aims at **normalising** all this for kids from a young age so that it doesn't become a taboo when they grow up.

Of course, this is subject to many external factors, too. Would love to hear your opinions.",0.3,Logical,0.1,0.5,0.6,1.5555555555555556,7.744464968152869,67.50204777070067,1
"CMV: no one under the age of 18 should be allowed on any kind of image-centric social media and those social media platforms should require photo verification to prevent minors from using them
PHOTO ID verification, to be clear.

  
I think that every looks-centric social media app like Facebook, Snapchat, Instagram, and TikTok should require users to be at least 18 years old and should require ID verification to create an account the same way that some online investment apps do because:

1. Exposure to face-tuned images on Instagram leads kids to internalize unrealistic beauty standards and seeing their own faces face-tuned and filtered to 'perfection' on Snapchat and Instagram is giving a generation body dysmorphia. When I discovered 'thinspo' online at the age of 11 back in the early 2000s I had no idea that all of that crap was photoshopped. While kids today are probably more aware of the fact that everything they see is manipulated since filters and facetune are so ubiquitous, they are clearly still internalizing those images-- just look at all the teenagers who are injecting their faces with unnecessary filler. The average age of plastic surgery patients keeps getting younger and younger. While plastic surgery isn't inherently bad, the demand for trendy surgeries has led to a thriving cosmetic surgery black market. Take a look at r/botchedsurgeries and you'll see a heartbreaking number of teenagers and people in their early 20s who have become disfigured because of often dangerous 'trendy' procedures.
2. Looks-centric social media apps contribute to the sexualization of children. Kids as recently as 10 to 15 years ago were allowed to look like KIDS and now every 12-year-old girl is pressured to look like a 20-something. Google the ""13-year-olds then vs now"" meme if you don't believe me. I know that every generation in the past has thought that 'kids these days' were growing up too fast and dressing too provocatively, but past generations didn't have their inappropriate pictures splashed all over the internet for strangers to see and message them about.
3. Even worse than that, social media provides predators with easy access to insecure kids they can groom and worse.
4. Social media companies are able to get away with advertising shady diet supplements and cosmetic procedures to minors, whereas even if TV will rot kids' brains I can't imagine the Disney Channel running ads for lip-filler and shit-your-guts-out tea or diet pills that will give kids heart attacks. 'Pop up beauty clinics' and 'health spas' without a single physician on staff are well... popping up everywhere and they advertise heavily on Instagram, sometimes with the testimonials of soulless influencers that kids look up to. None of the claims of these ads are verified for accuracy. There's no oversight at all.
5. Image-centric social media teaches kids to value sex appeal and consumerism too much.
6. Online validation is addictive and leads kids (as well as adults) to engage in potentially dangerous social media ""challenges"" and other unhealthy behavior for clout. Social media addiction can be as crippling as other addictions. We should not be teaching our kids to seek shallow looks-based validation.
7. Kids are stupid and if they post stupid stuff on social media that can hurt their future chances of employment.
8. The ""benefits"" of social media for children aren't enough to justify the costs (maybe social media can provide some sense of connection, but that's negated by the sense that kids get by looking at other people's posts that everyone else is happier and more connected to each other). I met some of my closest friends on forums dedicated to my interests a decade ago so I'm not against online friendships at all, but Instagram and other image-centric social media don't create friendships by bringing together people with similar interests--it's all based on looks and the format of Instagram (et al) isn't conducive to getting to know people. Hashtags and captions aren't conversations.
9. Children and teenagers require more sleep than adults. Staring at screens and checking notifications in the evening leads to sleep disruption, which leads to a host of mental and physical health issues.
10. Even if requiring ID verification might mean that people who don't have the means to get an ID aren't able to use image-centric social media, that doesn't cause them harm any more than the fact that people who can't afford IDs can't buy cigarettes harms them.
11. ID verification would prevent predators and bullies from creating throwaway accounts to target children; online crimes against kids would be easier to trace and prosecute.

Someone, please change my view so I can stop despairing at the thought of what an entire generation is being exposed to on Instagram, TikTok, etc.",0.1,Logical,0.4,0.8,0.8,1.934782608695652,13.721621069824419,42.07494691710903,1
"CMV: People with a PhD in an unrelated field shouldn't be allowed to introduce themselves as ""Dr."" when presenting medical facts
This comes directly from something I saw earlier about somebody complaining about COVID etc., I'm all for the vaccination so as you can imagine when I hear somebody introduced as ""Dr. \[surname\]"" with a different opinion to me, it could imply that he actually knows what he's talking about.

No. A tiny bit of research shows that he has a PhD in *theology*, this was never specified, yet I see the same video circulating quite a bit around the internet (between anti-vaxxers) because he was called ""Dr."", anybody that doesn't do research would therefore assume that he has some sort of medical or at least scientific background which is not the case.

I don't disagree with people being *allowed* to introduce themselves as ""Dr."" because a PhD does take a long time and it is a big thing etc. but it's very immoral

EDIT: When I refer to a ""doctor"" in this post I mean a licensed physician/MD, I've said ""person with a PhD"" any other time, I'm aware that they're both considered ""doctors"" by definition.",-0.1,Logical,0.3,0.5,0.7,2.5,11.395397631133672,52.34975747320928,0
"CMV Any society that doesn’t offer sufficient social safety net that people with even the most severe disabilities can still afford a decent life should at least offer free assisted suicide.
If you’re sufficiently disabled or ill (physically or mentally) that you can’t contribute enough to some hypothetical society to earn a living wage and there isn’t sufficient social welfare to support you, you shouldn’t have to die of poverty. Whether it’s exposure, starvation, illness, or something else entirely, it’s likely going to be a slow, painful, and miserable death. I think we should afford those people, at the very least, a mercy killing. (Yes, just those people. I’m not opposed to a broader program but that’s outside the scope of this question)

To be very clear, in this hypothetical, a lack of income is a certain death sentence unless someone else is supporting you. These people are all either going to die a slow and miserable death, usually within weeks, or they can be offered a more painless option.

Some people would argue that you’re not entitled to anyone else’s labor and thus should be left to fend for yourself and, of course, die. Others would argue we can’t afford it. Others that it’s not worth it to help those people if it means some can take advantage of the system. Whatever the reason, some societies are like this. I’m not here to talk about why society is like this, just about societies that are.

> But killing is wrong

Is leaving someone to die painfully any better?

> But that’s also expensive

Inert has asphyxiation is cheap and painless.

> But they could still get better

For many, that’s wildly improbable. For the rest, yes, they might get better if they could afford to live long enough, but they can’t.

> But suicide is easy. The government doesn’t have to do it for you.

It’s not easy and it’s often painful. I’m suggesting offering a painless and easy way out of an otherwise certainly painful and slow death.

Edit: To clarify, I’m not supporting this society’s decision to not have a social safety net. I’m just saying that, assuming that is the case, they should offer a peaceful death to those who would otherwise suffer a slow and painful one. 

Seriously, stop saying they should just build a social safety net. I know! I agree! But that’s not the hypothetical!

**STOP TELLING ME IM EVIL FOR NOT BUILDING A SOCIAL SAFETY NET! IT IS A HYPOTHETICAL! IVE ALREADY EXPLICITLY SAID IM NOT SUPPORTING ANYTHING ABOUT THIS DYSTOPIAN NIGHTMARE!**",-0.4,Passionate,0.4,0.8,0.8,1.1891891891891893,8.845023474178408,59.75013302034429,1
"CMV: Capitalism is the best economic system and is responsible for most of our modern prosperity
Why do a lot of people say that the economic system where you only get paid if you produce goods or services that people, companies and other consumers buy out of their free will is morally wrong? Even if this produces inequality the capitalist system forces people if they want to get paid to produce goods and services that consumers want. Some people have better opportunities to do this of course, however I still don't see why the system where how much money you make is normally determined by how much value you add to consumers is the wrong system and why we should switch to socialism  instead were things aren't determined by what the market (consumers) want. Capitalism is the only system that i've seen that creates the best incentives to innovate and it forces producers to make goods and services more appealing to the consumers every year. I'm afraid of the rhetoric on reddit that people want to destroy a lot of the incentives that are apart of capitalism and that if we change the system we will stagnate technologically or even regress. ",0.1,Logical,0.1,0.3,0.8,1.7272727272727273,19.108895522388057,29.66185074626867,1
"CMV: The US education system needs to be reworked.
I'm not American, so all that I really know of the US education system is from shows, youtube, articles, etc. I acknowledge I could be wrong in some of my facts.

Point 1: Overall Low Standard of Education

Despite being a global leader in terms of economic success, the US is far from being a global leader in education. The US ranks far lower than other countries in metrics like the PISA test, which measures the performance of 15 year olds in Reading, Science and Mathematics. 

In addition, the ""big"" test that students sit for after years of education is the SATs, which is limited in scope and depth compared to equivalent programmes like the A-levels or International Baccalaureate. All the SATs test for is essentially English language skills and basic Math, while the other equivalent programmes test for a minimum of 6 subjects, covering more content and they are more in-depth.

Point 2: Limited Pathways for Education

I'm gonna be comparing the US system to my own home country's (Singapore). In the US, high school seems to be where the overwhelming majority of students go to, and spend 3 years preparing for SATs. After that it's college, and if you don't go to college, pretty much all you have is a high school diploma that doesn't do anything. There are few alternative pathways, and while other options like trade schools are available, I'm not sure how often they are used.

In comparison, there are many pathways in Singapore. There's a high school equivalent and trade school equivalent called polytechnics, which train people in technical skills that can be used to find a decent full-time job post-graduation, without having a degree. Options are open to students who aren't book smart.

Point 3: College is ridiculously expensive

Aside from being almost the only option for students to go post-high school, US college education is ridiculously expensive. A source I found says that on average, American students pay $30000 USD per year for college. That's about the amount I'm paying for four years of education. I would attribute this in part to the fact that college is the only option since there is a lack of options in the education system.



One aspect that I'd like to acknowledge is that the US has several of the top universities in the world, such as MIT, Harvard, Yale, and other Ivy League schools. But I think that these don't really represent the rest of the education system, and don't really prove much against the points I've thought of.",0.3,Logical,0.3,0.2,0.9,2.875,11.003153579676678,54.73646247113166,1
"CMV: having no burnt popcorn is more important than popping all kernels
I used to work at a cinema and they use pretty expensive machines that can do both, but even then, every once in a while someone would burn popcorn and you would literally have to put the burnt popcorn in a trash bag and walk it out of the building. It's not ridiculous either - burnt popcorn is not appetizing and adversely affected concession sales that a movie theater depends on.

All of this is to say, my wife will complain that I take the popcorn out too early (8 seconds left on the popcorn function on a microwave we tested for making popcorn) and she doesn't like sifting through kernels, but my opinion on this is:

1. You're probably not going to take the trash bag you throw the burnt popcorn into out of the house so the smell lingers.
2. The kernels filter to the bottom, so you don't really have a problem separating them while eating.
3. There's more butter for less popcorn which is better anyway.

The absolute worse outcome is that 98% of the popcorn is properly cooked and 2% is burnt and she'll eat around the burnt popcorn, so you can't escape the smell because it wasn't even thrown away. It's like playing Russian roulette with disgusting food that sometimes isn't disgusting.

For these reasons, I think the most important part of popping popcorn is not burning the popcorn while my wife disagrees. If there are some arguments I haven't thought of I'd love to hear them because I'm at a complete loss for this rationality. Please change my view.",0.3,Humorous,0.6,0.3,0.8,0.8823529411764706,10.972425336396459,61.24729570068922,1
"CMV: People that want to become elected officials should pass basic science tests.
(I'm writing this from a US perspective, but this obviously applies to other countries)  

I think it is completely unacceptable that we place the livelihood of millions of people into the hands of elected representatives that promote dangerous ideas like climate change denial and antivax. While less concerning, things like creationism and evolution denial tend to correlate with the former, and suggests a pattern of ignoring the words of experts that know their shit. Why should out of touch farts that have no idea how the female reporductive system works tell women what and what not to do with their bodies? Why should someone who probably wouldn't be able to pass an ecology test tell us that all this greenhouse gas we're pumping into the atmosphere is nothing to worry about?  

And yes, I understand that this would probably hurt the republicans more than the democrats. But if republicans are more prone to disbelieving basic things that the vast majority of scientists agree on, maybe the problem isn't with science, but with them...",-0.4,Sarcastic,0.1,0.7,0.7,1.5,13.805115207373273,43.413387096774215,1
"CMV: You shouldn't be able to see how many upvotes/down votes a comment has until after you have upvoted/downvoted.
One of the most annoying things about Reddit is how often comment sections turn into circlejerks. Echo chambers are harmful to rational discussion, and should therefore be avoided

All it takes is five people to disagree with you for a comment to be hidden and buried, which makes any comment that isn't in line with the prevailing orthodoxy effectively invisible. Having comments be hidden isn't necessarily a problem, but what is a problem is how often comments get mass downvoted just because they're being downvoted. Humans like to feel like they're on the ""right"" side, so they are extremely susceptible to group think and letting their opinions be influenced by popular trends, so when someone sees a discussion where one commenter has 20 upvotes and the other has 10 downvotes, they will be naturally predisposed to favour the upvoted comments. The problem is, of course, that you don't know how many of those upvotes/downvotes were themselves people just following the trend, so the issue just snowballs. I've seen plenty of fairly reasonable comments get downvoted into oblivion one day, and then the next day on the same sub a comment echoing the same sentiment might have hundreds of upvotes.

Psychologically, this is often a subconscious process since, while we like to feel as though we are right, we also like to imagine that we are rational free-thinkers. Therefore, I think a solution would be to have a comment's score be hidden until you vote on it, with a short time limit on altering your vote. This way, people would have to judge it independently and for its own merits, and following the crowd would have to be an active and conscious effort rather than a passive, subconscious bias. I don't think many self-respecting people would be willing to change their vote after the fact to be in line with the majority, and people are more likely to stand by their own independent thoughts when they have to actively think about whether they're letting others influence how they think.",0.1,Logical,0.2,0.4,0.9,1.4090909090909092,15.279597657244718,43.3205271199389,0
"CMV: White people can wear cornrows
When my sister (totally white) was 14 she went to summer camp with cornrows in her hair. She chose to do this hairstyle because her hair is very long and extremely frizzy and curly and she didn't want to have to deal with taking care of it. About a week into camp she was called out by a white camper for appropriating African-American culture and forced to take out the cornrows by a white counselor. She described the whole situation as somewhat traumatic, people calling her racist, etc. I think this is an unjust violation of her freedom of expression.

Apparently the idea that cornrows are cultural appropriation began after white celebrities wore cornrows and were described as ""exciting"", ""new"", and ""edgy"" by the media. Black women were justifiably shocked by this; after all they had been wearing cornrows for generations. But the problem here wasn't that white women were wearing cornrows, rather, it was the media's reaction that was the problem. This cultural appropriation idea needs to be treated differently and should never be extended to people like my sister, who was wearing cornrows for the same reason black people do, because they're functional for frizzy hair.

Edit: I encourage you to read my sister’s response, which I commented in a reply to the comment where I awarded the delta",0.2,Logical,0.4,0.5,0.7,1.7692307692307692,11.768726872246699,51.11784801762116,0
"CMV: Drugs shouldn't be criminalized unless you're a danger to the public. It should be treated and not punished.
Addiction is a disease/mental illness that needs to be treated, not criminalized/punished. Instead of being in jail, you should have to log a certain amount of court ordered hours in mandatory programs like rehab, drug and alcohol counseling, probation which includes drug tests (duh)

DUIs and child endangerment due to exposure of drugs would still be criminalized. That falls into being a danger to others. 

Selling drugs is a danger to others so it should still be illegal. I don't think that it's illegal to have an addiction and use drugs, but it should be illegal if you're fueling someone's addiction by selling

Edit: I meant drug related crimes, particularly drug possession shouldn't be criminalized unless you're endangering the public.",0.2,Logical,0.1,0.4,0.8,1.5,11.255005138746146,49.737553956834546,1
"CMV: People flocking to Rednote proves the Governments argument about the TikTok ban
Most people believe the reason the Federal Government banned TikTok was because of data collection, which is for sure part of it, but that's not the main reason it was banned. It was banned because of concerns that a foreign owned social media app, particularly one influenced directly by a foreign Government can manipulate US citizens into behaving in a way that benefits them.

No one knew what Rednote was 2 weeks ago in the US. All it took was a few well placed posts encouraging people to flock to a highly monitored highly censored app directly controlled by the CCP and suddenly an unknown app in the United States rocketed to the number 1 app in the country. 

This is an app that frequently removes content mentioning LGBTQ rights, anything they view as immodest, and any discussion critizing the CCP- a party actively engaging in Genocide against the Uyghurs. Yet you have a flood of young people who just months ago decried the US's response to the Gazan crisis flocking to an app controlled by a government openly and unapologetically engaging in Genocide. 

This was not an organic movement. If one is upset at the hamstringing of free speech their first reaction would not be to rush to an app that is controlled by a government that has some of the worst rankings of free speech globally. All it took was a few well placed posts on people's fyp saying ""Give the US the middle finger and join rednote! Show them we don't care!""

",-0.1,Logical,0.2,0.7,0.8,1.3125,12.517970149253731,53.048671641791074,2
